qid,form_id,form_type,lang,type,question,answer
F0000-x-applicant_name-en,F0000,scholarship,en,extraction,Applicant Name?,Fatima Begum
F0000-x-applicant_name-hi,F0000,scholarship,hi,extraction,आवेदक का नाम?,फ़ातिमा बेगम
F0000-x-applicant_name-bn,F0000,scholarship,bn,extraction,আবেদনকারীর নাম?,ফাতিমা বেগম
F0000-x-applicant_name-te,F0000,scholarship,te,extraction,దరఖాస్తుదారు పేరు?,ఫాతిమా బేగం
F0000-x-applicant_name-ta,F0000,scholarship,ta,extraction,விண்ணப்பதாரர் பெயர்?,பாத்திமா பேகம்
F0000-x-applicant_name-mr,F0000,scholarship,mr,extraction,अर्जदाराचे नाव?,फातिमा बेगम
F0000-x-applicant_name-kn,F0000,scholarship,kn,extraction,ಅರ್ಜಿದಾರರ ಹೆಸರು?,ಫಾತಿಮಾ ಬೇಗಂ
F0000-x-district-en,F0000,scholarship,en,extraction,District?,Guntur
F0000-x-district-hi,F0000,scholarship,hi,extraction,जिला?,गुंटूर
F0000-x-district-bn,F0000,scholarship,bn,extraction,জেলা?,গুন্টুর
F0000-x-district-te,F0000,scholarship,te,extraction,జిల్లా?,గుంటూరు
F0000-x-district-ta,F0000,scholarship,ta,extraction,மாவட்டம்?,குண்டூர்
F0000-x-district-mr,F0000,scholarship,mr,extraction,जिल्हा?,गुंटूर
F0000-x-district-kn,F0000,scholarship,kn,extraction,ಜಿಲ್ಲೆ?,ಗುಂಟೂರು
F0000-x-annual_income-en,F0000,scholarship,en,extraction,Annual Income (Rs.)?,118000
F0000-x-annual_income-hi,F0000,scholarship,hi,extraction,वार्षिक आय (रु.)?,118000
F0000-x-annual_income-bn,F0000,scholarship,bn,extraction,বার্ষিক আয় (টাকা)?,118000
F0000-x-annual_income-te,F0000,scholarship,te,extraction,వార్షిక ఆదాయం (రూ.)?,118000
F0000-x-annual_income-ta,F0000,scholarship,ta,extraction,ஆண்டு வருமானம் (ரூ.)?,118000
F0000-x-annual_income-mr,F0000,scholarship,mr,extraction,वार्षिक उत्पन्न (रु.)?,118000
F0000-x-annual_income-kn,F0000,scholarship,kn,extraction,ವಾರ್ಷಿಕ ಆದಾಯ (ರೂ.)?,118000
F0000-x-family_members-en,F0000,scholarship,en,extraction,Number of Family Members?,5
F0000-x-family_members-hi,F0000,scholarship,hi,extraction,परिवार के सदस्यों की संख्या?,5
F0000-x-family_members-bn,F0000,scholarship,bn,extraction,পরিবারের সদস্য সংখ্যা?,5
F0000-x-family_members-te,F0000,scholarship,te,extraction,కుటుంబ సభ్యుల సంఖ్య?,5
F0000-x-family_members-ta,F0000,scholarship,ta,extraction,குடும்ப உறுப்பினர்கள் எண்ணிக்கை?,5
F0000-x-family_members-mr,F0000,scholarship,mr,extraction,कुटुंब सदस्यांची संख्या?,5
F0000-x-family_members-kn,F0000,scholarship,kn,extraction,ಕುಟುಂಬ ಸದಸ್ಯರ ಸಂಖ್ಯೆ?,5
F0000-x-category-en,F0000,scholarship,en,extraction,Category?,OBC
F0000-x-category-hi,F0000,scholarship,hi,extraction,श्रेणी?,OBC
F0000-x-category-bn,F0000,scholarship,bn,extraction,শ্রেণী?,OBC
F0000-x-category-te,F0000,scholarship,te,extraction,వర్గం?,OBC
F0000-x-category-ta,F0000,scholarship,ta,extraction,பிரிவு?,OBC
F0000-x-category-mr,F0000,scholarship,mr,extraction,प्रवर्ग?,OBC
F0000-x-category-kn,F0000,scholarship,kn,extraction,ವರ್ಗ?,OBC
F0000-r-elig-en,F0000,scholarship,en,reasoning,"Based on the income cap and household size rule, is this applicant eligible? Answer yes or no.",yes
F0000-r-elig-hi,F0000,scholarship,hi,reasoning,"आय सीमा और परिवार के आकार के नियम के आधार पर, क्या यह आवेदक पात्र है? हाँ या नहीं में उत्तर दें।",yes
F0000-r-elig-bn,F0000,scholarship,bn,reasoning,"আয়ের সীমা এবং পরিবারের আকারের নিয়ম অনুসারে, এই আবেদনকারী কি যোগ্য? হ্যাঁ বা না উত্তর দিন।",yes
F0000-r-elig-te,F0000,scholarship,te,reasoning,"ఆదాయ పరిమితి మరియు కుటుంబ పరిమాణ నియమం ఆధారంగా, ఈ దరఖాస్తుదారు అర్హులా? అవును లేదా కాదు అని సమాధానం ఇవ్వండి.",yes
F0000-r-elig-ta,F0000,scholarship,ta,reasoning,"வருமான வரம்பு மற்றும் குடும்ப அளவு விதியின் அடிப்படையில், இந்த விண்ணப்பதாரர் தகுதியானவரா? ஆம் அல்லது இல்லை என பதிலளிக்கவும்.",yes
F0000-r-elig-mr,F0000,scholarship,mr,reasoning,"उत्पन्न मर्यादा आणि कुटुंब आकाराच्या नियमानुसार, हा अर्जदार पात्र आहे का? होय किंवा नाही उत्तर द्या.",yes
F0000-r-elig-kn,F0000,scholarship,kn,reasoning,"ಆದಾಯ ಮಿತಿ ಮತ್ತು ಕುಟುಂಬ ಗಾತ್ರದ ನಿಯಮದ ಆಧಾರದ ಮೇಲೆ, ಈ ಅರ್ಜಿದಾರರು ಅರ್ಹರೇ? ಹೌದು ಅಥವಾ ಇಲ್ಲ ಎಂದು ಉತ್ತರಿಸಿ.",yes
F0001-x-applicant_name-en,F0001,scholarship,en,extraction,Applicant Name?,Anjali Patil
F0001-x-applicant_name-hi,F0001,scholarship,hi,extraction,आवेदक का नाम?,अंजली पाटील
F0001-x-applicant_name-bn,F0001,scholarship,bn,extraction,আবেদনকারীর নাম?,অঞ্জলি পাটিল
F0001-x-applicant_name-te,F0001,scholarship,te,extraction,దరఖాస్తుదారు పేరు?,అంజలి పాటిల్
F0001-x-applicant_name-ta,F0001,scholarship,ta,extraction,விண்ணப்பதாரர் பெயர்?,அஞ்சலி பாட்டீல்
F0001-x-applicant_name-mr,F0001,scholarship,mr,extraction,अर्जदाराचे नाव?,अंजली पाटील
F0001-x-applicant_name-kn,F0001,scholarship,kn,extraction,ಅರ್ಜಿದಾರರ ಹೆಸರು?,ಅಂಜಲಿ ಪಾಟೀಲ್
F0001-x-district-en,F0001,scholarship,en,extraction,District?,Visakhapatnam
F0001-x-district-hi,F0001,scholarship,hi,extraction,जिला?,विशाखापत्तनम
F0001-x-district-bn,F0001,scholarship,bn,extraction,জেলা?,বিশাখাপত্তনম
F0001-x-district-te,F0001,scholarship,te,extraction,జిల్లా?,విశాఖపట్నం
F0001-x-district-ta,F0001,scholarship,ta,extraction,மாவட்டம்?,விசாகப்பட்டினம்
F0001-x-district-mr,F0001,scholarship,mr,extraction,जिल्हा?,विशाखापट्टणम
F0001-x-district-kn,F0001,scholarship,kn,extraction,ಜಿಲ್ಲೆ?,ವಿಶಾಖಪಟ್ಟಣಂ
F0001-x-annual_income-en,F0001,scholarship,en,extraction,Annual Income (Rs.)?,310000
F0001-x-annual_income-hi,F0001,scholarship,hi,extraction,वार्षिक आय (रु.)?,310000
F0001-x-annual_income-bn,F0001,scholarship,bn,extraction,বার্ষিক আয় (টাকা)?,310000
F0001-x-annual_income-te,F0001,scholarship,te,extraction,వార్షిక ఆదాయం (రూ.)?,310000
F0001-x-annual_income-ta,F0001,scholarship,ta,extraction,ஆண்டு வருமானம் (ரூ.)?,310000
F0001-x-annual_income-mr,F0001,scholarship,mr,extraction,वार्षिक उत्पन्न (रु.)?,310000
F0001-x-annual_income-kn,F0001,scholarship,kn,extraction,ವಾರ್ಷಿಕ ಆದಾಯ (ರೂ.)?,310000
F0001-x-family_members-en,F0001,scholarship,en,extraction,Number of Family Members?,6
F0001-x-family_members-hi,F0001,scholarship,hi,extraction,परिवार के सदस्यों की संख्या?,6
F0001-x-family_members-bn,F0001,scholarship,bn,extraction,পরিবারের সদস্য সংখ্যা?,6
F0001-x-family_members-te,F0001,scholarship,te,extraction,కుటుంబ సభ్యుల సంఖ్య?,6
F0001-x-family_members-ta,F0001,scholarship,ta,extraction,குடும்ப உறுப்பினர்கள் எண்ணிக்கை?,6
F0001-x-family_members-mr,F0001,scholarship,mr,extraction,कुटुंब सदस्यांची संख्या?,6
F0001-x-family_members-kn,F0001,scholarship,kn,extraction,ಕುಟುಂಬ ಸದಸ್ಯರ ಸಂಖ್ಯೆ?,6
F0001-x-category-en,F0001,scholarship,en,extraction,Category?,SC
F0001-x-category-hi,F0001,scholarship,hi,extraction,श्रेणी?,SC
F0001-x-category-bn,F0001,scholarship,bn,extraction,শ্রেণী?,SC
F0001-x-category-te,F0001,scholarship,te,extraction,వర్గం?,SC
F0001-x-category-ta,F0001,scholarship,ta,extraction,பிரிவு?,SC
F0001-x-category-mr,F0001,scholarship,mr,extraction,प्रवर्ग?,SC
F0001-x-category-kn,F0001,scholarship,kn,extraction,ವರ್ಗ?,SC
F0001-r-elig-en,F0001,scholarship,en,reasoning,"Based on the income cap and household size rule, is this applicant eligible? Answer yes or no.",no
F0001-r-elig-hi,F0001,scholarship,hi,reasoning,"आय सीमा और परिवार के आकार के नियम के आधार पर, क्या यह आवेदक पात्र है? हाँ या नहीं में उत्तर दें।",no
F0001-r-elig-bn,F0001,scholarship,bn,reasoning,"আয়ের সীমা এবং পরিবারের আকারের নিয়ম অনুসারে, এই আবেদনকারী কি যোগ্য? হ্যাঁ বা না উত্তর দিন।",no
F0001-r-elig-te,F0001,scholarship,te,reasoning,"ఆదాయ పరిమితి మరియు కుటుంబ పరిమాణ నియమం ఆధారంగా, ఈ దరఖాస్తుదారు అర్హులా? అవును లేదా కాదు అని సమాధానం ఇవ్వండి.",no
F0001-r-elig-ta,F0001,scholarship,ta,reasoning,"வருமான வரம்பு மற்றும் குடும்ப அளவு விதியின் அடிப்படையில், இந்த விண்ணப்பதாரர் தகுதியானவரா? ஆம் அல்லது இல்லை என பதிலளிக்கவும்.",no
F0001-r-elig-mr,F0001,scholarship,mr,reasoning,"उत्पन्न मर्यादा आणि कुटुंब आकाराच्या नियमानुसार, हा अर्जदार पात्र आहे का? होय किंवा नाही उत्तर द्या.",no
F0001-r-elig-kn,F0001,scholarship,kn,reasoning,"ಆದಾಯ ಮಿತಿ ಮತ್ತು ಕುಟುಂಬ ಗಾತ್ರದ ನಿಯಮದ ಆಧಾರದ ಮೇಲೆ, ಈ ಅರ್ಜಿದಾರರು ಅರ್ಹರೇ? ಹೌದು ಅಥವಾ ಇಲ್ಲ ಎಂದು ಉತ್ತರಿಸಿ.",no
F0002-x-applicant_name-en,F0002,scholarship,en,extraction,Applicant Name?,Suresh Rao
F0002-x-applicant_name-hi,F0002,scholarship,hi,extraction,आवेदक का नाम?,सुरेश राव
F0002-x-applicant_name-bn,F0002,scholarship,bn,extraction,আবেদনকারীর নাম?,সুরেশ রাও
F0002-x-applicant_name-te,F0002,scholarship,te,extraction,దరఖాస్తుదారు పేరు?,సురేష్ రావు
F0002-x-applicant_name-ta,F0002,scholarship,ta,extraction,விண்ணப்பதாரர் பெயர்?,சுரேஷ் ராவ்
F0002-x-applicant_name-mr,F0002,scholarship,mr,extraction,अर्जदाराचे नाव?,सुरेश राव
F0002-x-applicant_name-kn,F0002,scholarship,kn,extraction,ಅರ್ಜಿದಾರರ ಹೆಸರು?,ಸುರೇಶ್ ರಾವ್
F0002-x-district-en,F0002,scholarship,en,extraction,District?,Nashik
F0002-x-district-hi,F0002,scholarship,hi,extraction,जिला?,नाशिक
F0002-x-district-bn,F0002,scholarship,bn,extraction,জেলা?,নাসিক
F0002-x-district-te,F0002,scholarship,te,extraction,జిల్లా?,నాసిక్
F0002-x-district-ta,F0002,scholarship,ta,extraction,மாவட்டம்?,நாசிக்
F0002-x-district-mr,F0002,scholarship,mr,extraction,जिल्हा?,नाशिक
F0002-x-district-kn,F0002,scholarship,kn,extraction,ಜಿಲ್ಲೆ?,ನಾಸಿಕ್
F0002-x-annual_income-en,F0002,scholarship,en,extraction,Annual Income (Rs.)?,72000
F0002-x-annual_income-hi,F0002,scholarship,hi,extraction,वार्षिक आय (रु.)?,72000
F0002-x-annual_income-bn,F0002,scholarship,bn,extraction,বার্ষিক আয় (টাকা)?,72000
F0002-x-annual_income-te,F0002,scholarship,te,extraction,వార్షిక ఆదాయం (రూ.)?,72000
F0002-x-annual_income-ta,F0002,scholarship,ta,extraction,ஆண்டு வருமானம் (ரூ.)?,72000
F0002-x-annual_income-mr,F0002,scholarship,mr,extraction,वार्षिक उत्पन्न (रु.)?,72000
F0002-x-annual_income-kn,F0002,scholarship,kn,extraction,ವಾರ್ಷಿಕ ಆದಾಯ (ರೂ.)?,72000
F0002-x-family_members-en,F0002,scholarship,en,extraction,Number of Family Members?,4
F0002-x-family_members-hi,F0002,scholarship,hi,extraction,परिवार के सदस्यों की संख्या?,4
F0002-x-family_members-bn,F0002,scholarship,bn,extraction,পরিবারের সদস্য সংখ্যা?,4
F0002-x-family_members-te,F0002,scholarship,te,extraction,కుటుంబ సభ్యుల సంఖ్య?,4
F0002-x-family_members-ta,F0002,scholarship,ta,extraction,குடும்ப உறுப்பினர்கள் எண்ணிக்கை?,4
F0002-x-family_members-mr,F0002,scholarship,mr,extraction,कुटुंब सदस्यांची संख्या?,4
F0002-x-family_members-kn,F0002,scholarship,kn,extraction,ಕುಟುಂಬ ಸದಸ್ಯರ ಸಂಖ್ಯೆ?,4
F0002-x-category-en,F0002,scholarship,en,extraction,Category?,ST
F0002-x-category-hi,F0002,scholarship,hi,extraction,श्रेणी?,ST
F0002-x-category-bn,F0002,scholarship,bn,extraction,শ্রেণী?,ST
F0002-x-category-te,F0002,scholarship,te,extraction,వర్గం?,ST
F0002-x-category-ta,F0002,scholarship,ta,extraction,பிரிவு?,ST
F0002-x-category-mr,F0002,scholarship,mr,extraction,प्रवर्ग?,ST
F0002-x-category-kn,F0002,scholarship,kn,extraction,ವರ್ಗ?,ST
F0002-r-elig-en,F0002,scholarship,en,reasoning,"Based on the income cap and household size rule, is this applicant eligible? Answer yes or no.",yes
F0002-r-elig-hi,F0002,scholarship,hi,reasoning,"आय सीमा और परिवार के आकार के नियम के आधार पर, क्या यह आवेदक पात्र है? हाँ या नहीं में उत्तर दें।",yes
F0002-r-elig-bn,F0002,scholarship,bn,reasoning,"আয়ের সীমা এবং পরিবারের আকারের নিয়ম অনুসারে, এই আবেদনকারী কি যোগ্য? হ্যাঁ বা না উত্তর দিন।",yes
F0002-r-elig-te,F0002,scholarship,te,reasoning,"ఆదాయ పరిమితి మరియు కుటుంబ పరిమాణ నియమం ఆధారంగా, ఈ దరఖాస్తుదారు అర్హులా? అవును లేదా కాదు అని సమాధానం ఇవ్వండి.",yes
F0002-r-elig-ta,F0002,scholarship,ta,reasoning,"வருமான வரம்பு மற்றும் குடும்ப அளவு விதியின் அடிப்படையில், இந்த விண்ணப்பதாரர் தகுதியானவரா? ஆம் அல்லது இல்லை என பதிலளிக்கவும்.",yes
F0002-r-elig-mr,F0002,scholarship,mr,reasoning,"उत्पन्न मर्यादा आणि कुटुंब आकाराच्या नियमानुसार, हा अर्जदार पात्र आहे का? होय किंवा नाही उत्तर द्या.",yes
F0002-r-elig-kn,F0002,scholarship,kn,reasoning,"ಆದಾಯ ಮಿತಿ ಮತ್ತು ಕುಟುಂಬ ಗಾತ್ರದ ನಿಯಮದ ಆಧಾರದ ಮೇಲೆ, ಈ ಅರ್ಜಿದಾರರು ಅರ್ಹರೇ? ಹೌದು ಅಥವಾ ಇಲ್ಲ ಎಂದು ಉತ್ತರಿಸಿ.",yes
F0003-x-applicant_name-en,F0003,ration_card,en,extraction,Applicant Name?,Fatima Begum
F0003-x-applicant_name-hi,F0003,ration_card,hi,extraction,आवेदक का नाम?,फ़ातिमा बेगम
F0003-x-applicant_name-bn,F0003,ration_card,bn,extraction,আবেদনকারীর নাম?,ফাতিমা বেগম
F0003-x-applicant_name-te,F0003,ration_card,te,extraction,దరఖాస్తుదారు పేరు?,ఫాతిమా బేగం
F0003-x-applicant_name-ta,F0003,ration_card,ta,extraction,விண்ணப்பதாரர் பெயர்?,பாத்திமா பேகம்
F0003-x-applicant_name-mr,F0003,ration_card,mr,extraction,अर्जदाराचे नाव?,फातिमा बेगम
F0003-x-applicant_name-kn,F0003,ration_card,kn,extraction,ಅರ್ಜಿದಾರರ ಹೆಸರು?,ಫಾತಿಮಾ ಬೇಗಂ
F0003-x-district-en,F0003,ration_card,en,extraction,District?,Guntur
F0003-x-district-hi,F0003,ration_card,hi,extraction,जिला?,गुंटूर
F0003-x-district-bn,F0003,ration_card,bn,extraction,জেলা?,গুন্টুর
F0003-x-district-te,F0003,ration_card,te,extraction,జిల్లా?,గుంటూరు
F0003-x-district-ta,F0003,ration_card,ta,extraction,மாவட்டம்?,குண்டூர்
F0003-x-district-mr,F0003,ration_card,mr,extraction,जिल्हा?,गुंटूर
F0003-x-district-kn,F0003,ration_card,kn,extraction,ಜಿಲ್ಲೆ?,ಗುಂಟೂರು
F0003-x-annual_income-en,F0003,ration_card,en,extraction,Annual Income (Rs.)?,96000
F0003-x-annual_income-hi,F0003,ration_card,hi,extraction,वार्षिक आय (रु.)?,96000
F0003-x-annual_income-bn,F0003,ration_card,bn,extraction,বার্ষিক আয় (টাকা)?,96000
F0003-x-annual_income-te,F0003,ration_card,te,extraction,వార్షిక ఆదాయం (రూ.)?,96000
F0003-x-annual_income-ta,F0003,ration_card,ta,extraction,ஆண்டு வருமானம் (ரூ.)?,96000
F0003-x-annual_income-mr,F0003,ration_card,mr,extraction,वार्षिक उत्पन्न (रु.)?,96000
F0003-x-annual_income-kn,F0003,ration_card,kn,extraction,ವಾರ್ಷಿಕ ಆದಾಯ (ರೂ.)?,96000
F0003-x-family_members-en,F0003,ration_card,en,extraction,Number of Family Members?,8
F0003-x-family_members-hi,F0003,ration_card,hi,extraction,परिवार के सदस्यों की संख्या?,8
F0003-x-family_members-bn,F0003,ration_card,bn,extraction,পরিবারের সদস্য সংখ্যা?,8
F0003-x-family_members-te,F0003,ration_card,te,extraction,కుటుంబ సభ్యుల సంఖ్య?,8
F0003-x-family_members-ta,F0003,ration_card,ta,extraction,குடும்ப உறுப்பினர்கள் எண்ணிக்கை?,8
F0003-x-family_members-mr,F0003,ration_card,mr,extraction,कुटुंब सदस्यांची संख्या?,8
F0003-x-family_members-kn,F0003,ration_card,kn,extraction,ಕುಟುಂಬ ಸದಸ್ಯರ ಸಂಖ್ಯೆ?,8
F0003-x-category-en,F0003,ration_card,en,extraction,Category?,EWS
F0003-x-category-hi,F0003,ration_card,hi,extraction,श्रेणी?,EWS
F0003-x-category-bn,F0003,ration_card,bn,extraction,শ্রেণী?,EWS
F0003-x-category-te,F0003,ration_card,te,extraction,వర్గం?,EWS
F0003-x-category-ta,F0003,ration_card,ta,extraction,பிரிவு?,EWS
F0003-x-category-mr,F0003,ration_card,mr,extraction,प्रवर्ग?,EWS
F0003-x-category-kn,F0003,ration_card,kn,extraction,ವರ್ಗ?,EWS
F0003-r-elig-en,F0003,ration_card,en,reasoning,"Based on the income cap and household size rule, is this applicant eligible? Answer yes or no.",yes
F0003-r-elig-hi,F0003,ration_card,hi,reasoning,"आय सीमा और परिवार के आकार के नियम के आधार पर, क्या यह आवेदक पात्र है? हाँ या नहीं में उत्तर दें।",yes
F0003-r-elig-bn,F0003,ration_card,bn,reasoning,"আয়ের সীমা এবং পরিবারের আকারের নিয়ম অনুসারে, এই আবেদনকারী কি যোগ্য? হ্যাঁ বা না উত্তর দিন।",yes
F0003-r-elig-te,F0003,ration_card,te,reasoning,"ఆదాయ పరిమితి మరియు కుటుంబ పరిమాణ నియమం ఆధారంగా, ఈ దరఖాస్తుదారు అర్హులా? అవును లేదా కాదు అని సమాధానం ఇవ్వండి.",yes
F0003-r-elig-ta,F0003,ration_card,ta,reasoning,"வருமான வரம்பு மற்றும் குடும்ப அளவு விதியின் அடிப்படையில், இந்த விண்ணப்பதாரர் தகுதியானவரா? ஆம் அல்லது இல்லை என பதிலளிக்கவும்.",yes
F0003-r-elig-mr,F0003,ration_card,mr,reasoning,"उत्पन्न मर्यादा आणि कुटुंब आकाराच्या नियमानुसार, हा अर्जदार पात्र आहे का? होय किंवा नाही उत्तर द्या.",yes
F0003-r-elig-kn,F0003,ration_card,kn,reasoning,"ಆದಾಯ ಮಿತಿ ಮತ್ತು ಕುಟುಂಬ ಗಾತ್ರದ ನಿಯಮದ ಆಧಾರದ ಮೇಲೆ, ಈ ಅರ್ಜಿದಾರರು ಅರ್ಹರೇ? ಹೌದು ಅಥವಾ ಇಲ್ಲ ಎಂದು ಉತ್ತರಿಸಿ.",yes
F0004-x-applicant_name-en,F0004,ration_card,en,extraction,Applicant Name?,Anjali Patil
F0004-x-applicant_name-hi,F0004,ration_card,hi,extraction,आवेदक का नाम?,अंजली पाटील
F0004-x-applicant_name-bn,F0004,ration_card,bn,extraction,আবেদনকারীর নাম?,অঞ্জলি পাটিল
F0004-x-applicant_name-te,F0004,ration_card,te,extraction,దరఖాస్తుదారు పేరు?,అంజలి పాటిల్
F0004-x-applicant_name-ta,F0004,ration_card,ta,extraction,விண்ணப்பதாரர் பெயர்?,அஞ்சலி பாட்டீல்
F0004-x-applicant_name-mr,F0004,ration_card,mr,extraction,अर्जदाराचे नाव?,अंजली पाटील
F0004-x-applicant_name-kn,F0004,ration_card,kn,extraction,ಅರ್ಜಿದಾರರ ಹೆಸರು?,ಅಂಜಲಿ ಪಾಟೀಲ್
F0004-x-district-en,F0004,ration_card,en,extraction,District?,Visakhapatnam
F0004-x-district-hi,F0004,ration_card,hi,extraction,जिला?,विशाखापत्तनम
F0004-x-district-bn,F0004,ration_card,bn,extraction,জেলা?,বিশাখাপত্তনম
F0004-x-district-te,F0004,ration_card,te,extraction,జిల్లా?,విశాఖపట్నం
F0004-x-district-ta,F0004,ration_card,ta,extraction,மாவட்டம்?,விசாகப்பட்டினம்
F0004-x-district-mr,F0004,ration_card,mr,extraction,जिल्हा?,विशाखापट्टणम
F0004-x-district-kn,F0004,ration_card,kn,extraction,ಜಿಲ್ಲೆ?,ವಿಶಾಖಪಟ್ಟಣಂ
F0004-x-annual_income-en,F0004,ration_card,en,extraction,Annual Income (Rs.)?,72000
F0004-x-annual_income-hi,F0004,ration_card,hi,extraction,वार्षिक आय (रु.)?,72000
F0004-x-annual_income-bn,F0004,ration_card,bn,extraction,বার্ষিক আয় (টাকা)?,72000
F0004-x-annual_income-te,F0004,ration_card,te,extraction,వార్షిక ఆదాయం (రూ.)?,72000
F0004-x-annual_income-ta,F0004,ration_card,ta,extraction,ஆண்டு வருமானம் (ரூ.)?,72000
F0004-x-annual_income-mr,F0004,ration_card,mr,extraction,वार्षिक उत्पन्न (रु.)?,72000
F0004-x-annual_income-kn,F0004,ration_card,kn,extraction,ವಾರ್ಷಿಕ ಆದಾಯ (ರೂ.)?,72000
F0004-x-family_members-en,F0004,ration_card,en,extraction,Number of Family Members?,4
F0004-x-family_members-hi,F0004,ration_card,hi,extraction,परिवार के सदस्यों की संख्या?,4
F0004-x-family_members-bn,F0004,ration_card,bn,extraction,পরিবারের সদস্য সংখ্যা?,4
F0004-x-family_members-te,F0004,ration_card,te,extraction,కుటుంబ సభ్యుల సంఖ్య?,4
F0004-x-family_members-ta,F0004,ration_card,ta,extraction,குடும்ப உறுப்பினர்கள் எண்ணிக்கை?,4
F0004-x-family_members-mr,F0004,ration_card,mr,extraction,कुटुंब सदस्यांची संख्या?,4
F0004-x-family_members-kn,F0004,ration_card,kn,extraction,ಕುಟುಂಬ ಸದಸ್ಯರ ಸಂಖ್ಯೆ?,4
F0004-x-category-en,F0004,ration_card,en,extraction,Category?,General
F0004-x-category-hi,F0004,ration_card,hi,extraction,श्रेणी?,General
F0004-x-category-bn,F0004,ration_card,bn,extraction,শ্রেণী?,General
F0004-x-category-te,F0004,ration_card,te,extraction,వర్గం?,General
F0004-x-category-ta,F0004,ration_card,ta,extraction,பிரிவு?,General
F0004-x-category-mr,F0004,ration_card,mr,extraction,प्रवर्ग?,General
F0004-x-category-kn,F0004,ration_card,kn,extraction,ವರ್ಗ?,General
F0004-r-elig-en,F0004,ration_card,en,reasoning,"Based on the income cap and household size rule, is this applicant eligible? Answer yes or no.",yes
F0004-r-elig-hi,F0004,ration_card,hi,reasoning,"आय सीमा और परिवार के आकार के नियम के आधार पर, क्या यह आवेदक पात्र है? हाँ या नहीं में उत्तर दें।",yes
F0004-r-elig-bn,F0004,ration_card,bn,reasoning,"আয়ের সীমা এবং পরিবারের আকারের নিয়ম অনুসারে, এই আবেদনকারী কি যোগ্য? হ্যাঁ বা না উত্তর দিন।",yes
F0004-r-elig-te,F0004,ration_card,te,reasoning,"ఆదాయ పరిమితి మరియు కుటుంబ పరిమాణ నియమం ఆధారంగా, ఈ దరఖాస్తుదారు అర్హులా? అవును లేదా కాదు అని సమాధానం ఇవ్వండి.",yes
F0004-r-elig-ta,F0004,ration_card,ta,reasoning,"வருமான வரம்பு மற்றும் குடும்ப அளவு விதியின் அடிப்படையில், இந்த விண்ணப்பதாரர் தகுதியானவரா? ஆம் அல்லது இல்லை என பதிலளிக்கவும்.",yes
F0004-r-elig-mr,F0004,ration_card,mr,reasoning,"उत्पन्न मर्यादा आणि कुटुंब आकाराच्या नियमानुसार, हा अर्जदार पात्र आहे का? होय किंवा नाही उत्तर द्या.",yes
F0004-r-elig-kn,F0004,ration_card,kn,reasoning,"ಆದಾಯ ಮಿತಿ ಮತ್ತು ಕುಟುಂಬ ಗಾತ್ರದ ನಿಯಮದ ಆಧಾರದ ಮೇಲೆ, ಈ ಅರ್ಜಿದಾರರು ಅರ್ಹರೇ? ಹೌದು ಅಥವಾ ಇಲ್ಲ ಎಂದು ಉತ್ತರಿಸಿ.",yes
F0005-x-applicant_name-en,F0005,scholarship,en,extraction,Applicant Name?,Arjun Nair
F0005-x-applicant_name-hi,F0005,scholarship,hi,extraction,आवेदक का नाम?,अर्जुन नायर
F0005-x-applicant_name-bn,F0005,scholarship,bn,extraction,আবেদনকারীর নাম?,অর্জুন নায়ার
F0005-x-applicant_name-te,F0005,scholarship,te,extraction,దరఖాస్తుదారు పేరు?,అర్జున్ నాయర్
F0005-x-applicant_name-ta,F0005,scholarship,ta,extraction,விண்ணப்பதாரர் பெயர்?,அர்ஜுன் நாயர்
F0005-x-applicant_name-mr,F0005,scholarship,mr,extraction,अर्जदाराचे नाव?,अर्जुन नायर
F0005-x-applicant_name-kn,F0005,scholarship,kn,extraction,ಅರ್ಜಿದಾರರ ಹೆಸರು?,ಅರ್ಜುನ್ ನಾಯರ್
F0005-x-district-en,F0005,scholarship,en,extraction,District?,Nashik
F0005-x-district-hi,F0005,scholarship,hi,extraction,जिला?,नाशिक
F0005-x-district-bn,F0005,scholarship,bn,extraction,জেলা?,নাসিক
F0005-x-district-te,F0005,scholarship,te,extraction,జిల్లా?,నాసిక్
F0005-x-district-ta,F0005,scholarship,ta,extraction,மாவட்டம்?,நாசிக்
F0005-x-district-mr,F0005,scholarship,mr,extraction,जिल्हा?,नाशिक
F0005-x-district-kn,F0005,scholarship,kn,extraction,ಜಿಲ್ಲೆ?,ನಾಸಿಕ್
F0005-x-annual_income-en,F0005,scholarship,en,extraction,Annual Income (Rs.)?,96000
F0005-x-annual_income-hi,F0005,scholarship,hi,extraction,वार्षिक आय (रु.)?,96000
F0005-x-annual_income-bn,F0005,scholarship,bn,extraction,বার্ষিক আয় (টাকা)?,96000
F0005-x-annual_income-te,F0005,scholarship,te,extraction,వార్షిక ఆదాయం (రూ.)?,96000
F0005-x-annual_income-ta,F0005,scholarship,ta,extraction,ஆண்டு வருமானம் (ரூ.)?,96000
F0005-x-annual_income-mr,F0005,scholarship,mr,extraction,वार्षिक उत्पन्न (रु.)?,96000
F0005-x-annual_income-kn,F0005,scholarship,kn,extraction,ವಾರ್ಷಿಕ ಆದಾಯ (ರೂ.)?,96000
F0005-x-family_members-en,F0005,scholarship,en,extraction,Number of Family Members?,3
F0005-x-family_members-hi,F0005,scholarship,hi,extraction,परिवार के सदस्यों की संख्या?,3
F0005-x-family_members-bn,F0005,scholarship,bn,extraction,পরিবারের সদস্য সংখ্যা?,3
F0005-x-family_members-te,F0005,scholarship,te,extraction,కుటుంబ సభ్యుల సంఖ్య?,3
F0005-x-family_members-ta,F0005,scholarship,ta,extraction,குடும்ப உறுப்பினர்கள் எண்ணிக்கை?,3
F0005-x-family_members-mr,F0005,scholarship,mr,extraction,कुटुंब सदस्यांची संख्या?,3
F0005-x-family_members-kn,F0005,scholarship,kn,extraction,ಕುಟುಂಬ ಸದಸ್ಯರ ಸಂಖ್ಯೆ?,3
F0005-x-category-en,F0005,scholarship,en,extraction,Category?,General
F0005-x-category-hi,F0005,scholarship,hi,extraction,श्रेणी?,General
F0005-x-category-bn,F0005,scholarship,bn,extraction,শ্রেণী?,General
F0005-x-category-te,F0005,scholarship,te,extraction,వర్గం?,General
F0005-x-category-ta,F0005,scholarship,ta,extraction,பிரிவு?,General
F0005-x-category-mr,F0005,scholarship,mr,extraction,प्रवर्ग?,General
F0005-x-category-kn,F0005,scholarship,kn,extraction,ವರ್ಗ?,General
F0005-r-elig-en,F0005,scholarship,en,reasoning,"Based on the income cap and household size rule, is this applicant eligible? Answer yes or no.",yes
F0005-r-elig-hi,F0005,scholarship,hi,reasoning,"आय सीमा और परिवार के आकार के नियम के आधार पर, क्या यह आवेदक पात्र है? हाँ या नहीं में उत्तर दें।",yes
F0005-r-elig-bn,F0005,scholarship,bn,reasoning,"আয়ের সীমা এবং পরিবারের আকারের নিয়ম অনুসারে, এই আবেদনকারী কি যোগ্য? হ্যাঁ বা না উত্তর দিন।",yes
F0005-r-elig-te,F0005,scholarship,te,reasoning,"ఆదాయ పరిమితి మరియు కుటుంబ పరిమాణ నియమం ఆధారంగా, ఈ దరఖాస్తుదారు అర్హులా? అవును లేదా కాదు అని సమాధానం ఇవ్వండి.",yes
F0005-r-elig-ta,F0005,scholarship,ta,reasoning,"வருமான வரம்பு மற்றும் குடும்ப அளவு விதியின் அடிப்படையில், இந்த விண்ணப்பதாரர் தகுதியானவரா? ஆம் அல்லது இல்லை என பதிலளிக்கவும்.",yes
F0005-r-elig-mr,F0005,scholarship,mr,reasoning,"उत्पन्न मर्यादा आणि कुटुंब आकाराच्या नियमानुसार, हा अर्जदार पात्र आहे का? होय किंवा नाही उत्तर द्या.",yes
F0005-r-elig-kn,F0005,scholarship,kn,reasoning,"ಆದಾಯ ಮಿತಿ ಮತ್ತು ಕುಟುಂಬ ಗಾತ್ರದ ನಿಯಮದ ಆಧಾರದ ಮೇಲೆ, ಈ ಅರ್ಜಿದಾರರು ಅರ್ಹರೇ? ಹೌದು ಅಥವಾ ಇಲ್ಲ ಎಂದು ಉತ್ತರಿಸಿ.",yes
F0006-x-applicant_name-en,F0006,old_age_pension,en,extraction,Applicant Name?,Fatima Begum
F0006-x-applicant_name-hi,F0006,old_age_pension,hi,extraction,आवेदक का नाम?,फ़ातिमा बेगम
F0006-x-applicant_name-bn,F0006,old_age_pension,bn,extraction,আবেদনকারীর নাম?,ফাতিমা বেগম
F0006-x-applicant_name-te,F0006,old_age_pension,te,extraction,దరఖాస్తుదారు పేరు?,ఫాతిమా బేగం
F0006-x-applicant_name-ta,F0006,old_age_pension,ta,extraction,விண்ணப்பதாரர் பெயர்?,பாத்திமா பேகம்
F0006-x-applicant_name-mr,F0006,old_age_pension,mr,extraction,अर्जदाराचे नाव?,फातिमा बेगम
F0006-x-applicant_name-kn,F0006,old_age_pension,kn,extraction,ಅರ್ಜಿದಾರರ ಹೆಸರು?,ಫಾತಿಮಾ ಬೇಗಂ
F0006-x-district-en,F0006,old_age_pension,en,extraction,District?,Nashik
F0006-x-district-hi,F0006,old_age_pension,hi,extraction,जिला?,नाशिक
F0006-x-district-bn,F0006,old_age_pension,bn,extraction,জেলা?,নাসিক
F0006-x-district-te,F0006,old_age_pension,te,extraction,జిల్లా?,నాసిక్
F0006-x-district-ta,F0006,old_age_pension,ta,extraction,மாவட்டம்?,நாசிக்
F0006-x-district-mr,F0006,old_age_pension,mr,extraction,जिल्हा?,नाशिक
F0006-x-district-kn,F0006,old_age_pension,kn,extraction,ಜಿಲ್ಲೆ?,ನಾಸಿಕ್
F0006-x-annual_income-en,F0006,old_age_pension,en,extraction,Annual Income (Rs.)?,118000
F0006-x-annual_income-hi,F0006,old_age_pension,hi,extraction,वार्षिक आय (रु.)?,118000
F0006-x-annual_income-bn,F0006,old_age_pension,bn,extraction,বার্ষিক আয় (টাকা)?,118000
F0006-x-annual_income-te,F0006,old_age_pension,te,extraction,వార్షిక ఆదాయం (రూ.)?,118000
F0006-x-annual_income-ta,F0006,old_age_pension,ta,extraction,ஆண்டு வருமானம் (ரூ.)?,118000
F0006-x-annual_income-mr,F0006,old_age_pension,mr,extraction,वार्षिक उत्पन्न (रु.)?,118000
F0006-x-annual_income-kn,F0006,old_age_pension,kn,extraction,ವಾರ್ಷಿಕ ಆದಾಯ (ರೂ.)?,118000
F0006-x-family_members-en,F0006,old_age_pension,en,extraction,Number of Family Members?,5
F0006-x-family_members-hi,F0006,old_age_pension,hi,extraction,परिवार के सदस्यों की संख्या?,5
F0006-x-family_members-bn,F0006,old_age_pension,bn,extraction,পরিবারের সদস্য সংখ্যা?,5
F0006-x-family_members-te,F0006,old_age_pension,te,extraction,కుటుంబ సభ్యుల సంఖ్య?,5
F0006-x-family_members-ta,F0006,old_age_pension,ta,extraction,குடும்ப உறுப்பினர்கள் எண்ணிக்கை?,5
F0006-x-family_members-mr,F0006,old_age_pension,mr,extraction,कुटुंब सदस्यांची संख्या?,5
F0006-x-family_members-kn,F0006,old_age_pension,kn,extraction,ಕುಟುಂಬ ಸದಸ್ಯರ ಸಂಖ್ಯೆ?,5
F0006-x-category-en,F0006,old_age_pension,en,extraction,Category?,General
F0006-x-category-hi,F0006,old_age_pension,hi,extraction,श्रेणी?,General
F0006-x-category-bn,F0006,old_age_pension,bn,extraction,শ্রেণী?,General
F0006-x-category-te,F0006,old_age_pension,te,extraction,వర్గం?,General
F0006-x-category-ta,F0006,old_age_pension,ta,extraction,பிரிவு?,General
F0006-x-category-mr,F0006,old_age_pension,mr,extraction,प्रवर्ग?,General
F0006-x-category-kn,F0006,old_age_pension,kn,extraction,ವರ್ಗ?,General
F0006-r-elig-en,F0006,old_age_pension,en,reasoning,"Based on the income cap and household size rule, is this applicant eligible? Answer yes or no.",no
F0006-r-elig-hi,F0006,old_age_pension,hi,reasoning,"आय सीमा और परिवार के आकार के नियम के आधार पर, क्या यह आवेदक पात्र है? हाँ या नहीं में उत्तर दें।",no
F0006-r-elig-bn,F0006,old_age_pension,bn,reasoning,"আয়ের সীমা এবং পরিবারের আকারের নিয়ম অনুসারে, এই আবেদনকারী কি যোগ্য? হ্যাঁ বা না উত্তর দিন।",no
F0006-r-elig-te,F0006,old_age_pension,te,reasoning,"ఆదాయ పరిమితి మరియు కుటుంబ పరిమాణ నియమం ఆధారంగా, ఈ దరఖాస్తుదారు అర్హులా? అవును లేదా కాదు అని సమాధానం ఇవ్వండి.",no
F0006-r-elig-ta,F0006,old_age_pension,ta,reasoning,"வருமான வரம்பு மற்றும் குடும்ப அளவு விதியின் அடிப்படையில், இந்த விண்ணப்பதாரர் தகுதியானவரா? ஆம் அல்லது இல்லை என பதிலளிக்கவும்.",no
F0006-r-elig-mr,F0006,old_age_pension,mr,reasoning,"उत्पन्न मर्यादा आणि कुटुंब आकाराच्या नियमानुसार, हा अर्जदार पात्र आहे का? होय किंवा नाही उत्तर द्या.",no
F0006-r-elig-kn,F0006,old_age_pension,kn,reasoning,"ಆದಾಯ ಮಿತಿ ಮತ್ತು ಕುಟುಂಬ ಗಾತ್ರದ ನಿಯಮದ ಆಧಾರದ ಮೇಲೆ, ಈ ಅರ್ಜಿದಾರರು ಅರ್ಹರೇ? ಹೌದು ಅಥವಾ ಇಲ್ಲ ಎಂದು ಉತ್ತರಿಸಿ.",no
F0007-x-applicant_name-en,F0007,scholarship,en,extraction,Applicant Name?,Arjun Nair
F0007-x-applicant_name-hi,F0007,scholarship,hi,extraction,आवेदक का नाम?,अर्जुन नायर
F0007-x-applicant_name-bn,F0007,scholarship,bn,extraction,আবেদনকারীর নাম?,অর্জুন নায়ার
F0007-x-applicant_name-te,F0007,scholarship,te,extraction,దరఖాస్తుదారు పేరు?,అర్జున్ నాయర్
F0007-x-applicant_name-ta,F0007,scholarship,ta,extraction,விண்ணப்பதாரர் பெயர்?,அர்ஜுன் நாயர்
F0007-x-applicant_name-mr,F0007,scholarship,mr,extraction,अर्जदाराचे नाव?,अर्जुन नायर
F0007-x-applicant_name-kn,F0007,scholarship,kn,extraction,ಅರ್ಜಿದಾರರ ಹೆಸರು?,ಅರ್ಜುನ್ ನಾಯರ್
F0007-x-district-en,F0007,scholarship,en,extraction,District?,Salem
F0007-x-district-hi,F0007,scholarship,hi,extraction,जिला?,सेलम
F0007-x-district-bn,F0007,scholarship,bn,extraction,জেলা?,সালেম
F0007-x-district-te,F0007,scholarship,te,extraction,జిల్లా?,సేలం
F0007-x-district-ta,F0007,scholarship,ta,extraction,மாவட்டம்?,சேலம்
F0007-x-district-mr,F0007,scholarship,mr,extraction,जिल्हा?,सेलम
F0007-x-district-kn,F0007,scholarship,kn,extraction,ಜಿಲ್ಲೆ?,ಸೇಲಂ
F0007-x-annual_income-en,F0007,scholarship,en,extraction,Annual Income (Rs.)?,118000
F0007-x-annual_income-hi,F0007,scholarship,hi,extraction,वार्षिक आय (रु.)?,118000
F0007-x-annual_income-bn,F0007,scholarship,bn,extraction,বার্ষিক আয় (টাকা)?,118000
F0007-x-annual_income-te,F0007,scholarship,te,extraction,వార్షిక ఆదాయం (రూ.)?,118000
F0007-x-annual_income-ta,F0007,scholarship,ta,extraction,ஆண்டு வருமானம் (ரூ.)?,118000
F0007-x-annual_income-mr,F0007,scholarship,mr,extraction,वार्षिक उत्पन्न (रु.)?,118000
F0007-x-annual_income-kn,F0007,scholarship,kn,extraction,ವಾರ್ಷಿಕ ಆದಾಯ (ರೂ.)?,118000
F0007-x-family_members-en,F0007,scholarship,en,extraction,Number of Family Members?,1
F0007-x-family_members-hi,F0007,scholarship,hi,extraction,परिवार के सदस्यों की संख्या?,1
F0007-x-family_members-bn,F0007,scholarship,bn,extraction,পরিবারের সদস্য সংখ্যা?,1
F0007-x-family_members-te,F0007,scholarship,te,extraction,కుటుంబ సభ్యుల సంఖ్య?,1
F0007-x-family_members-ta,F0007,scholarship,ta,extraction,குடும்ப உறுப்பினர்கள் எண்ணிக்கை?,1
F0007-x-family_members-mr,F0007,scholarship,mr,extraction,कुटुंब सदस्यांची संख्या?,1
F0007-x-family_members-kn,F0007,scholarship,kn,extraction,ಕುಟುಂಬ ಸದಸ್ಯರ ಸಂಖ್ಯೆ?,1
F0007-x-category-en,F0007,scholarship,en,extraction,Category?,ST
F0007-x-category-hi,F0007,scholarship,hi,extraction,श्रेणी?,ST
F0007-x-category-bn,F0007,scholarship,bn,extraction,শ্রেণী?,ST
F0007-x-category-te,F0007,scholarship,te,extraction,వర్గం?,ST
F0007-x-category-ta,F0007,scholarship,ta,extraction,பிரிவு?,ST
F0007-x-category-mr,F0007,scholarship,mr,extraction,प्रवर्ग?,ST
F0007-x-category-kn,F0007,scholarship,kn,extraction,ವರ್ಗ?,ST
F0007-r-elig-en,F0007,scholarship,en,reasoning,"Based on the income cap and household size rule, is this applicant eligible? Answer yes or no.",yes
F0007-r-elig-hi,F0007,scholarship,hi,reasoning,"आय सीमा और परिवार के आकार के नियम के आधार पर, क्या यह आवेदक पात्र है? हाँ या नहीं में उत्तर दें।",yes
F0007-r-elig-bn,F0007,scholarship,bn,reasoning,"আয়ের সীমা এবং পরিবারের আকারের নিয়ম অনুসারে, এই আবেদনকারী কি যোগ্য? হ্যাঁ বা না উত্তর দিন।",yes
F0007-r-elig-te,F0007,scholarship,te,reasoning,"ఆదాయ పరిమితి మరియు కుటుంబ పరిమాణ నియమం ఆధారంగా, ఈ దరఖాస్తుదారు అర్హులా? అవును లేదా కాదు అని సమాధానం ఇవ్వండి.",yes
F0007-r-elig-ta,F0007,scholarship,ta,reasoning,"வருமான வரம்பு மற்றும் குடும்ப அளவு விதியின் அடிப்படையில், இந்த விண்ணப்பதாரர் தகுதியானவரா? ஆம் அல்லது இல்லை என பதிலளிக்கவும்.",yes
F0007-r-elig-mr,F0007,scholarship,mr,reasoning,"उत्पन्न मर्यादा आणि कुटुंब आकाराच्या नियमानुसार, हा अर्जदार पात्र आहे का? होय किंवा नाही उत्तर द्या.",yes
F0007-r-elig-kn,F0007,scholarship,kn,reasoning,"ಆದಾಯ ಮಿತಿ ಮತ್ತು ಕುಟುಂಬ ಗಾತ್ರದ ನಿಯಮದ ಆಧಾರದ ಮೇಲೆ, ಈ ಅರ್ಜಿದಾರರು ಅರ್ಹರೇ? ಹೌದು ಅಥವಾ ಇಲ್ಲ ಎಂದು ಉತ್ತರಿಸಿ.",yes
F0008-x-applicant_name-en,F0008,old_age_pension,en,extraction,Applicant Name?,Suresh Rao
F0008-x-applicant_name-hi,F0008,old_age_pension,hi,extraction,आवेदक का नाम?,सुरेश राव
F0008-x-applicant_name-bn,F0008,old_age_pension,bn,extraction,আবেদনকারীর নাম?,সুরেশ রাও
F0008-x-applicant_name-te,F0008,old_age_pension,te,extraction,దరఖాస్తుదారు పేరు?,సురేష్ రావు
F0008-x-applicant_name-ta,F0008,old_age_pension,ta,extraction,விண்ணப்பதாரர் பெயர்?,சுரேஷ் ராவ்
F0008-x-applicant_name-mr,F0008,old_age_pension,mr,extraction,अर्जदाराचे नाव?,सुरेश राव
F0008-x-applicant_name-kn,F0008,old_age_pension,kn,extraction,ಅರ್ಜಿದಾರರ ಹೆಸರು?,ಸುರೇಶ್ ರಾವ್
F0008-x-district-en,F0008,old_age_pension,en,extraction,District?,Visakhapatnam
F0008-x-district-hi,F0008,old_age_pension,hi,extraction,जिला?,विशाखापत्तनम
F0008-x-district-bn,F0008,old_age_pension,bn,extraction,জেলা?,বিশাখাপত্তনম
F0008-x-district-te,F0008,old_age_pension,te,extraction,జిల్లా?,విశాఖపట్నం
F0008-x-district-ta,F0008,old_age_pension,ta,extraction,மாவட்டம்?,விசாகப்பட்டினம்
F0008-x-district-mr,F0008,old_age_pension,mr,extraction,जिल्हा?,विशाखापट्टणम
F0008-x-district-kn,F0008,old_age_pension,kn,extraction,ಜಿಲ್ಲೆ?,ವಿಶಾಖಪಟ್ಟಣಂ
F0008-x-annual_income-en,F0008,old_age_pension,en,extraction,Annual Income (Rs.)?,48000
F0008-x-annual_income-hi,F0008,old_age_pension,hi,extraction,वार्षिक आय (रु.)?,48000
F0008-x-annual_income-bn,F0008,old_age_pension,bn,extraction,বার্ষিক আয় (টাকা)?,48000
F0008-x-annual_income-te,F0008,old_age_pension,te,extraction,వార్షిక ఆదాయం (రూ.)?,48000
F0008-x-annual_income-ta,F0008,old_age_pension,ta,extraction,ஆண்டு வருமானம் (ரூ.)?,48000
F0008-x-annual_income-mr,F0008,old_age_pension,mr,extraction,वार्षिक उत्पन्न (रु.)?,48000
F0008-x-annual_income-kn,F0008,old_age_pension,kn,extraction,ವಾರ್ಷಿಕ ಆದಾಯ (ರೂ.)?,48000
F0008-x-family_members-en,F0008,old_age_pension,en,extraction,Number of Family Members?,6
F0008-x-family_members-hi,F0008,old_age_pension,hi,extraction,परिवार के सदस्यों की संख्या?,6
F0008-x-family_members-bn,F0008,old_age_pension,bn,extraction,পরিবারের সদস্য সংখ্যা?,6
F0008-x-family_members-te,F0008,old_age_pension,te,extraction,కుటుంబ సభ్యుల సంఖ్య?,6
F0008-x-family_members-ta,F0008,old_age_pension,ta,extraction,குடும்ப உறுப்பினர்கள் எண்ணிக்கை?,6
F0008-x-family_members-mr,F0008,old_age_pension,mr,extraction,कुटुंब सदस्यांची संख्या?,6
F0008-x-family_members-kn,F0008,old_age_pension,kn,extraction,ಕುಟುಂಬ ಸದಸ್ಯರ ಸಂಖ್ಯೆ?,6
F0008-x-category-en,F0008,old_age_pension,en,extraction,Category?,OBC
F0008-x-category-hi,F0008,old_age_pension,hi,extraction,श्रेणी?,OBC
F0008-x-category-bn,F0008,old_age_pension,bn,extraction,শ্রেণী?,OBC
F0008-x-category-te,F0008,old_age_pension,te,extraction,వర్గం?,OBC
F0008-x-category-ta,F0008,old_age_pension,ta,extraction,பிரிவு?,OBC
F0008-x-category-mr,F0008,old_age_pension,mr,extraction,प्रवर्ग?,OBC
F0008-x-category-kn,F0008,old_age_pension,kn,extraction,ವರ್ಗ?,OBC
F0008-r-elig-en,F0008,old_age_pension,en,reasoning,"Based on the income cap and household size rule, is this applicant eligible? Answer yes or no.",yes
F0008-r-elig-hi,F0008,old_age_pension,hi,reasoning,"आय सीमा और परिवार के आकार के नियम के आधार पर, क्या यह आवेदक पात्र है? हाँ या नहीं में उत्तर दें।",yes
F0008-r-elig-bn,F0008,old_age_pension,bn,reasoning,"আয়ের সীমা এবং পরিবারের আকারের নিয়ম অনুসারে, এই আবেদনকারী কি যোগ্য? হ্যাঁ বা না উত্তর দিন।",yes
F0008-r-elig-te,F0008,old_age_pension,te,reasoning,"ఆదాయ పరిమితి మరియు కుటుంబ పరిమాణ నియమం ఆధారంగా, ఈ దరఖాస్తుదారు అర్హులా? అవును లేదా కాదు అని సమాధానం ఇవ్వండి.",yes
F0008-r-elig-ta,F0008,old_age_pension,ta,reasoning,"வருமான வரம்பு மற்றும் குடும்ப அளவு விதியின் அடிப்படையில், இந்த விண்ணப்பதாரர் தகுதியானவரா? ஆம் அல்லது இல்லை என பதிலளிக்கவும்.",yes
F0008-r-elig-mr,F0008,old_age_pension,mr,reasoning,"उत्पन्न मर्यादा आणि कुटुंब आकाराच्या नियमानुसार, हा अर्जदार पात्र आहे का? होय किंवा नाही उत्तर द्या.",yes
F0008-r-elig-kn,F0008,old_age_pension,kn,reasoning,"ಆದಾಯ ಮಿತಿ ಮತ್ತು ಕುಟುಂಬ ಗಾತ್ರದ ನಿಯಮದ ಆಧಾರದ ಮೇಲೆ, ಈ ಅರ್ಜಿದಾರರು ಅರ್ಹರೇ? ಹೌದು ಅಥವಾ ಇಲ್ಲ ಎಂದು ಉತ್ತರಿಸಿ.",yes
F0009-x-applicant_name-en,F0009,old_age_pension,en,extraction,Applicant Name?,Suresh Rao
F0009-x-applicant_name-hi,F0009,old_age_pension,hi,extraction,आवेदक का नाम?,सुरेश राव
F0009-x-applicant_name-bn,F0009,old_age_pension,bn,extraction,আবেদনকারীর নাম?,সুরেশ রাও
F0009-x-applicant_name-te,F0009,old_age_pension,te,extraction,దరఖాస్తుదారు పేరు?,సురేష్ రావు
F0009-x-applicant_name-ta,F0009,old_age_pension,ta,extraction,விண்ணப்பதாரர் பெயர்?,சுரேஷ் ராவ்
F0009-x-applicant_name-mr,F0009,old_age_pension,mr,extraction,अर्जदाराचे नाव?,सुरेश राव
F0009-x-applicant_name-kn,F0009,old_age_pension,kn,extraction,ಅರ್ಜಿದಾರರ ಹೆಸರು?,ಸುರೇಶ್ ರಾವ್
F0009-x-district-en,F0009,old_age_pension,en,extraction,District?,Visakhapatnam
F0009-x-district-hi,F0009,old_age_pension,hi,extraction,जिला?,विशाखापत्तनम
F0009-x-district-bn,F0009,old_age_pension,bn,extraction,জেলা?,বিশাখাপত্তনম
F0009-x-district-te,F0009,old_age_pension,te,extraction,జిల్లా?,విశాఖపట్నం
F0009-x-district-ta,F0009,old_age_pension,ta,extraction,மாவட்டம்?,விசாகப்பட்டினம்
F0009-x-district-mr,F0009,old_age_pension,mr,extraction,जिल्हा?,विशाखापट्टणम
F0009-x-district-kn,F0009,old_age_pension,kn,extraction,ಜಿಲ್ಲೆ?,ವಿಶಾಖಪಟ್ಟಣಂ
F0009-x-annual_income-en,F0009,old_age_pension,en,extraction,Annual Income (Rs.)?,310000
F0009-x-annual_income-hi,F0009,old_age_pension,hi,extraction,वार्षिक आय (रु.)?,310000
F0009-x-annual_income-bn,F0009,old_age_pension,bn,extraction,বার্ষিক আয় (টাকা)?,310000
F0009-x-annual_income-te,F0009,old_age_pension,te,extraction,వార్షిక ఆదాయం (రూ.)?,310000
F0009-x-annual_income-ta,F0009,old_age_pension,ta,extraction,ஆண்டு வருமானம் (ரூ.)?,310000
F0009-x-annual_income-mr,F0009,old_age_pension,mr,extraction,वार्षिक उत्पन्न (रु.)?,310000
F0009-x-annual_income-kn,F0009,old_age_pension,kn,extraction,ವಾರ್ಷಿಕ ಆದಾಯ (ರೂ.)?,310000
F0009-x-family_members-en,F0009,old_age_pension,en,extraction,Number of Family Members?,1
F0009-x-family_members-hi,F0009,old_age_pension,hi,extraction,परिवार के सदस्यों की संख्या?,1
F0009-x-family_members-bn,F0009,old_age_pension,bn,extraction,পরিবারের সদস্য সংখ্যা?,1
F0009-x-family_members-te,F0009,old_age_pension,te,extraction,కుటుంబ సభ్యుల సంఖ్య?,1
F0009-x-family_members-ta,F0009,old_age_pension,ta,extraction,குடும்ப உறுப்பினர்கள் எண்ணிக்கை?,1
F0009-x-family_members-mr,F0009,old_age_pension,mr,extraction,कुटुंब सदस्यांची संख्या?,1
F0009-x-family_members-kn,F0009,old_age_pension,kn,extraction,ಕುಟುಂಬ ಸದಸ್ಯರ ಸಂಖ್ಯೆ?,1
F0009-x-category-en,F0009,old_age_pension,en,extraction,Category?,ST
F0009-x-category-hi,F0009,old_age_pension,hi,extraction,श्रेणी?,ST
F0009-x-category-bn,F0009,old_age_pension,bn,extraction,শ্রেণী?,ST
F0009-x-category-te,F0009,old_age_pension,te,extraction,వర్గం?,ST
F0009-x-category-ta,F0009,old_age_pension,ta,extraction,பிரிவு?,ST
F0009-x-category-mr,F0009,old_age_pension,mr,extraction,प्रवर्ग?,ST
F0009-x-category-kn,F0009,old_age_pension,kn,extraction,ವರ್ಗ?,ST
F0009-r-elig-en,F0009,old_age_pension,en,reasoning,"Based on the income cap and household size rule, is this applicant eligible? Answer yes or no.",no
F0009-r-elig-hi,F0009,old_age_pension,hi,reasoning,"आय सीमा और परिवार के आकार के नियम के आधार पर, क्या यह आवेदक पात्र है? हाँ या नहीं में उत्तर दें।",no
F0009-r-elig-bn,F0009,old_age_pension,bn,reasoning,"আয়ের সীমা এবং পরিবারের আকারের নিয়ম অনুসারে, এই আবেদনকারী কি যোগ্য? হ্যাঁ বা না উত্তর দিন।",no
F0009-r-elig-te,F0009,old_age_pension,te,reasoning,"ఆదాయ పరిమితి మరియు కుటుంబ పరిమాణ నియమం ఆధారంగా, ఈ దరఖాస్తుదారు అర్హులా? అవును లేదా కాదు అని సమాధానం ఇవ్వండి.",no
F0009-r-elig-ta,F0009,old_age_pension,ta,reasoning,"வருமான வரம்பு மற்றும் குடும்ப அளவு விதியின் அடிப்படையில், இந்த விண்ணப்பதாரர் தகுதியானவரா? ஆம் அல்லது இல்லை என பதிலளிக்கவும்.",no
F0009-r-elig-mr,F0009,old_age_pension,mr,reasoning,"उत्पन्न मर्यादा आणि कुटुंब आकाराच्या नियमानुसार, हा अर्जदार पात्र आहे का? होय किंवा नाही उत्तर द्या.",no
F0009-r-elig-kn,F0009,old_age_pension,kn,reasoning,"ಆದಾಯ ಮಿತಿ ಮತ್ತು ಕುಟುಂಬ ಗಾತ್ರದ ನಿಯಮದ ಆಧಾರದ ಮೇಲೆ, ಈ ಅರ್ಜಿದಾರರು ಅರ್ಹರೇ? ಹೌದು ಅಥವಾ ಇಲ್ಲ ಎಂದು ಉತ್ತರಿಸಿ.",no
F0010-x-applicant_name-en,F0010,ration_card,en,extraction,Applicant Name?,Arjun Nair
F0010-x-applicant_name-hi,F0010,ration_card,hi,extraction,आवेदक का नाम?,अर्जुन नायर
F0010-x-applicant_name-bn,F0010,ration_card,bn,extraction,আবেদনকারীর নাম?,অর্জুন নায়ার
F0010-x-applicant_name-te,F0010,ration_card,te,extraction,దరఖాస్తుదారు పేరు?,అర్జున్ నాయర్
F0010-x-applicant_name-ta,F0010,ration_card,ta,extraction,விண்ணப்பதாரர் பெயர்?,அர்ஜுன் நாயர்
F0010-x-applicant_name-mr,F0010,ration_card,mr,extraction,अर्जदाराचे नाव?,अर्जुन नायर
F0010-x-applicant_name-kn,F0010,ration_card,kn,extraction,ಅರ್ಜಿದಾರರ ಹೆಸರು?,ಅರ್ಜುನ್ ನಾಯರ್
F0010-x-district-en,F0010,ration_card,en,extraction,District?,Nashik
F0010-x-district-hi,F0010,ration_card,hi,extraction,जिला?,नाशिक
F0010-x-district-bn,F0010,ration_card,bn,extraction,জেলা?,নাসিক
F0010-x-district-te,F0010,ration_card,te,extraction,జిల్లా?,నాసిక్
F0010-x-district-ta,F0010,ration_card,ta,extraction,மாவட்டம்?,நாசிக்
F0010-x-district-mr,F0010,ration_card,mr,extraction,जिल्हा?,नाशिक
F0010-x-district-kn,F0010,ration_card,kn,extraction,ಜಿಲ್ಲೆ?,ನಾಸಿಕ್
F0010-x-annual_income-en,F0010,ration_card,en,extraction,Annual Income (Rs.)?,310000
F0010-x-annual_income-hi,F0010,ration_card,hi,extraction,वार्षिक आय (रु.)?,310000
F0010-x-annual_income-bn,F0010,ration_card,bn,extraction,বার্ষিক আয় (টাকা)?,310000
F0010-x-annual_income-te,F0010,ration_card,te,extraction,వార్షిక ఆదాయం (రూ.)?,310000
F0010-x-annual_income-ta,F0010,ration_card,ta,extraction,ஆண்டு வருமானம் (ரூ.)?,310000
F0010-x-annual_income-mr,F0010,ration_card,mr,extraction,वार्षिक उत्पन्न (रु.)?,310000
F0010-x-annual_income-kn,F0010,ration_card,kn,extraction,ವಾರ್ಷಿಕ ಆದಾಯ (ರೂ.)?,310000
F0010-x-family_members-en,F0010,ration_card,en,extraction,Number of Family Members?,3
F0010-x-family_members-hi,F0010,ration_card,hi,extraction,परिवार के सदस्यों की संख्या?,3
F0010-x-family_members-bn,F0010,ration_card,bn,extraction,পরিবারের সদস্য সংখ্যা?,3
F0010-x-family_members-te,F0010,ration_card,te,extraction,కుటుంబ సభ్యుల సంఖ్య?,3
F0010-x-family_members-ta,F0010,ration_card,ta,extraction,குடும்ப உறுப்பினர்கள் எண்ணிக்கை?,3
F0010-x-family_members-mr,F0010,ration_card,mr,extraction,कुटुंब सदस्यांची संख्या?,3
F0010-x-family_members-kn,F0010,ration_card,kn,extraction,ಕುಟುಂಬ ಸದಸ್ಯರ ಸಂಖ್ಯೆ?,3
F0010-x-category-en,F0010,ration_card,en,extraction,Category?,SC
F0010-x-category-hi,F0010,ration_card,hi,extraction,श्रेणी?,SC
F0010-x-category-bn,F0010,ration_card,bn,extraction,শ্রেণী?,SC
F0010-x-category-te,F0010,ration_card,te,extraction,వర్గం?,SC
F0010-x-category-ta,F0010,ration_card,ta,extraction,பிரிவு?,SC
F0010-x-category-mr,F0010,ration_card,mr,extraction,प्रवर्ग?,SC
F0010-x-category-kn,F0010,ration_card,kn,extraction,ವರ್ಗ?,SC
F0010-r-elig-en,F0010,ration_card,en,reasoning,"Based on the income cap and household size rule, is this applicant eligible? Answer yes or no.",no
F0010-r-elig-hi,F0010,ration_card,hi,reasoning,"आय सीमा और परिवार के आकार के नियम के आधार पर, क्या यह आवेदक पात्र है? हाँ या नहीं में उत्तर दें।",no
F0010-r-elig-bn,F0010,ration_card,bn,reasoning,"আয়ের সীমা এবং পরিবারের আকারের নিয়ম অনুসারে, এই আবেদনকারী কি যোগ্য? হ্যাঁ বা না উত্তর দিন।",no
F0010-r-elig-te,F0010,ration_card,te,reasoning,"ఆదాయ పరిమితి మరియు కుటుంబ పరిమాణ నియమం ఆధారంగా, ఈ దరఖాస్తుదారు అర్హులా? అవును లేదా కాదు అని సమాధానం ఇవ్వండి.",no
F0010-r-elig-ta,F0010,ration_card,ta,reasoning,"வருமான வரம்பு மற்றும் குடும்ப அளவு விதியின் அடிப்படையில், இந்த விண்ணப்பதாரர் தகுதியானவரா? ஆம் அல்லது இல்லை என பதிலளிக்கவும்.",no
F0010-r-elig-mr,F0010,ration_card,mr,reasoning,"उत्पन्न मर्यादा आणि कुटुंब आकाराच्या नियमानुसार, हा अर्जदार पात्र आहे का? होय किंवा नाही उत्तर द्या.",no
F0010-r-elig-kn,F0010,ration_card,kn,reasoning,"ಆದಾಯ ಮಿತಿ ಮತ್ತು ಕುಟುಂಬ ಗಾತ್ರದ ನಿಯಮದ ಆಧಾರದ ಮೇಲೆ, ಈ ಅರ್ಜಿದಾರರು ಅರ್ಹರೇ? ಹೌದು ಅಥವಾ ಇಲ್ಲ ಎಂದು ಉತ್ತರಿಸಿ.",no
F0011-x-applicant_name-en,F0011,old_age_pension,en,extraction,Applicant Name?,Anjali Patil
F0011-x-applicant_name-hi,F0011,old_age_pension,hi,extraction,आवेदक का नाम?,अंजली पाटील
F0011-x-applicant_name-bn,F0011,old_age_pension,bn,extraction,আবেদনকারীর নাম?,অঞ্জলি পাটিল
F0011-x-applicant_name-te,F0011,old_age_pension,te,extraction,దరఖాస్తుదారు పేరు?,అంజలి పాటిల్
F0011-x-applicant_name-ta,F0011,old_age_pension,ta,extraction,விண்ணப்பதாரர் பெயர்?,அஞ்சலி பாட்டீல்
F0011-x-applicant_name-mr,F0011,old_age_pension,mr,extraction,अर्जदाराचे नाव?,अंजली पाटील
F0011-x-applicant_name-kn,F0011,old_age_pension,kn,extraction,ಅರ್ಜಿದಾರರ ಹೆಸರು?,ಅಂಜಲಿ ಪಾಟೀಲ್
F0011-x-district-en,F0011,old_age_pension,en,extraction,District?,Visakhapatnam
F0011-x-district-hi,F0011,old_age_pension,hi,extraction,जिला?,विशाखापत्तनम
F0011-x-district-bn,F0011,old_age_pension,bn,extraction,জেলা?,বিশাখাপত্তনম
F0011-x-district-te,F0011,old_age_pension,te,extraction,జిల్లా?,విశాఖపట్నం
F0011-x-district-ta,F0011,old_age_pension,ta,extraction,மாவட்டம்?,விசாகப்பட்டினம்
F0011-x-district-mr,F0011,old_age_pension,mr,extraction,जिल्हा?,विशाखापट्टणम
F0011-x-district-kn,F0011,old_age_pension,kn,extraction,ಜಿಲ್ಲೆ?,ವಿಶಾಖಪಟ್ಟಣಂ
F0011-x-annual_income-en,F0011,old_age_pension,en,extraction,Annual Income (Rs.)?,72000
F0011-x-annual_income-hi,F0011,old_age_pension,hi,extraction,वार्षिक आय (रु.)?,72000
F0011-x-annual_income-bn,F0011,old_age_pension,bn,extraction,বার্ষিক আয় (টাকা)?,72000
F0011-x-annual_income-te,F0011,old_age_pension,te,extraction,వార్షిక ఆదాయం (రూ.)?,72000
F0011-x-annual_income-ta,F0011,old_age_pension,ta,extraction,ஆண்டு வருமானம் (ரூ.)?,72000
F0011-x-annual_income-mr,F0011,old_age_pension,mr,extraction,वार्षिक उत्पन्न (रु.)?,72000
F0011-x-annual_income-kn,F0011,old_age_pension,kn,extraction,ವಾರ್ಷಿಕ ಆದಾಯ (ರೂ.)?,72000
F0011-x-family_members-en,F0011,old_age_pension,en,extraction,Number of Family Members?,1
F0011-x-family_members-hi,F0011,old_age_pension,hi,extraction,परिवार के सदस्यों की संख्या?,1
F0011-x-family_members-bn,F0011,old_age_pension,bn,extraction,পরিবারের সদস্য সংখ্যা?,1
F0011-x-family_members-te,F0011,old_age_pension,te,extraction,కుటుంబ సభ్యుల సంఖ్య?,1
F0011-x-family_members-ta,F0011,old_age_pension,ta,extraction,குடும்ப உறுப்பினர்கள் எண்ணிக்கை?,1
F0011-x-family_members-mr,F0011,old_age_pension,mr,extraction,कुटुंब सदस्यांची संख्या?,1
F0011-x-family_members-kn,F0011,old_age_pension,kn,extraction,ಕುಟುಂಬ ಸದಸ್ಯರ ಸಂಖ್ಯೆ?,1
F0011-x-category-en,F0011,old_age_pension,en,extraction,Category?,SC
F0011-x-category-hi,F0011,old_age_pension,hi,extraction,श्रेणी?,SC
F0011-x-category-bn,F0011,old_age_pension,bn,extraction,শ্রেণী?,SC
F0011-x-category-te,F0011,old_age_pension,te,extraction,వర్గం?,SC
F0011-x-category-ta,F0011,old_age_pension,ta,extraction,பிரிவு?,SC
F0011-x-category-mr,F0011,old_age_pension,mr,extraction,प्रवर्ग?,SC
F0011-x-category-kn,F0011,old_age_pension,kn,extraction,ವರ್ಗ?,SC
F0011-r-elig-en,F0011,old_age_pension,en,reasoning,"Based on the income cap and household size rule, is this applicant eligible? Answer yes or no.",yes
F0011-r-elig-hi,F0011,old_age_pension,hi,reasoning,"आय सीमा और परिवार के आकार के नियम के आधार पर, क्या यह आवेदक पात्र है? हाँ या नहीं में उत्तर दें।",yes
F0011-r-elig-bn,F0011,old_age_pension,bn,reasoning,"আয়ের সীমা এবং পরিবারের আকারের নিয়ম অনুসারে, এই আবেদনকারী কি যোগ্য? হ্যাঁ বা না উত্তর দিন।",yes
F0011-r-elig-te,F0011,old_age_pension,te,reasoning,"ఆదాయ పరిమితి మరియు కుటుంబ పరిమాణ నియమం ఆధారంగా, ఈ దరఖాస్తుదారు అర్హులా? అవును లేదా కాదు అని సమాధానం ఇవ్వండి.",yes
F0011-r-elig-ta,F0011,old_age_pension,ta,reasoning,"வருமான வரம்பு மற்றும் குடும்ப அளவு விதியின் அடிப்படையில், இந்த விண்ணப்பதாரர் தகுதியானவரா? ஆம் அல்லது இல்லை என பதிலளிக்கவும்.",yes
F0011-r-elig-mr,F0011,old_age_pension,mr,reasoning,"उत्पन्न मर्यादा आणि कुटुंब आकाराच्या नियमानुसार, हा अर्जदार पात्र आहे का? होय किंवा नाही उत्तर द्या.",yes
F0011-r-elig-kn,F0011,old_age_pension,kn,reasoning,"ಆದಾಯ ಮಿತಿ ಮತ್ತು ಕುಟುಂಬ ಗಾತ್ರದ ನಿಯಮದ ಆಧಾರದ ಮೇಲೆ, ಈ ಅರ್ಜಿದಾರರು ಅರ್ಹರೇ? ಹೌದು ಅಥವಾ ಇಲ್ಲ ಎಂದು ಉತ್ತರಿಸಿ.",yes
F0012-x-applicant_name-en,F0012,scholarship,en,extraction,Applicant Name?,Meena Kumari
F0012-x-applicant_name-hi,F0012,scholarship,hi,extraction,आवेदक का नाम?,मीना कुमारी
F0012-x-applicant_name-bn,F0012,scholarship,bn,extraction,আবেদনকারীর নাম?,মীনা কুমারী
F0012-x-applicant_name-te,F0012,scholarship,te,extraction,దరఖాస్తుదారు పేరు?,మీనా కుమారి
F0012-x-applicant_name-ta,F0012,scholarship,ta,extraction,விண்ணப்பதாரர் பெயர்?,மீனா குமாரி
F0012-x-applicant_name-mr,F0012,scholarship,mr,extraction,अर्जदाराचे नाव?,मीना कुमारी
F0012-x-applicant_name-kn,F0012,scholarship,kn,extraction,ಅರ್ಜಿದಾರರ ಹೆಸರು?,ಮೀನಾ ಕುಮಾರಿ
F0012-x-district-en,F0012,scholarship,en,extraction,District?,Guntur
F0012-x-district-hi,F0012,scholarship,hi,extraction,जिला?,गुंटूर
F0012-x-district-bn,F0012,scholarship,bn,extraction,জেলা?,গুন্টুর
F0012-x-district-te,F0012,scholarship,te,extraction,జిల్లా?,గుంటూరు
F0012-x-district-ta,F0012,scholarship,ta,extraction,மாவட்டம்?,குண்டூர்
F0012-x-district-mr,F0012,scholarship,mr,extraction,जिल्हा?,गुंटूर
F0012-x-district-kn,F0012,scholarship,kn,extraction,ಜಿಲ್ಲೆ?,ಗುಂಟೂರು
F0012-x-annual_income-en,F0012,scholarship,en,extraction,Annual Income (Rs.)?,96000
F0012-x-annual_income-hi,F0012,scholarship,hi,extraction,वार्षिक आय (रु.)?,96000
F0012-x-annual_income-bn,F0012,scholarship,bn,extraction,বার্ষিক আয় (টাকা)?,96000
F0012-x-annual_income-te,F0012,scholarship,te,extraction,వార్షిక ఆదాయం (రూ.)?,96000
F0012-x-annual_income-ta,F0012,scholarship,ta,extraction,ஆண்டு வருமானம் (ரூ.)?,96000
F0012-x-annual_income-mr,F0012,scholarship,mr,extraction,वार्षिक उत्पन्न (रु.)?,96000
F0012-x-annual_income-kn,F0012,scholarship,kn,extraction,ವಾರ್ಷಿಕ ಆದಾಯ (ರೂ.)?,96000
F0012-x-family_members-en,F0012,scholarship,en,extraction,Number of Family Members?,4
F0012-x-family_members-hi,F0012,scholarship,hi,extraction,परिवार के सदस्यों की संख्या?,4
F0012-x-family_members-bn,F0012,scholarship,bn,extraction,পরিবারের সদস্য সংখ্যা?,4
F0012-x-family_members-te,F0012,scholarship,te,extraction,కుటుంబ సభ్యుల సంఖ్య?,4
F0012-x-family_members-ta,F0012,scholarship,ta,extraction,குடும்ப உறுப்பினர்கள் எண்ணிக்கை?,4
F0012-x-family_members-mr,F0012,scholarship,mr,extraction,कुटुंब सदस्यांची संख्या?,4
F0012-x-family_members-kn,F0012,scholarship,kn,extraction,ಕುಟುಂಬ ಸದಸ್ಯರ ಸಂಖ್ಯೆ?,4
F0012-x-category-en,F0012,scholarship,en,extraction,Category?,ST
F0012-x-category-hi,F0012,scholarship,hi,extraction,श्रेणी?,ST
F0012-x-category-bn,F0012,scholarship,bn,extraction,শ্রেণী?,ST
F0012-x-category-te,F0012,scholarship,te,extraction,వర్గం?,ST
F0012-x-category-ta,F0012,scholarship,ta,extraction,பிரிவு?,ST
F0012-x-category-mr,F0012,scholarship,mr,extraction,प्रवर्ग?,ST
F0012-x-category-kn,F0012,scholarship,kn,extraction,ವರ್ಗ?,ST
F0012-r-elig-en,F0012,scholarship,en,reasoning,"Based on the income cap and household size rule, is this applicant eligible? Answer yes or no.",yes
F0012-r-elig-hi,F0012,scholarship,hi,reasoning,"आय सीमा और परिवार के आकार के नियम के आधार पर, क्या यह आवेदक पात्र है? हाँ या नहीं में उत्तर दें।",yes
F0012-r-elig-bn,F0012,scholarship,bn,reasoning,"আয়ের সীমা এবং পরিবারের আকারের নিয়ম অনুসারে, এই আবেদনকারী কি যোগ্য? হ্যাঁ বা না উত্তর দিন।",yes
F0012-r-elig-te,F0012,scholarship,te,reasoning,"ఆదాయ పరిమితి మరియు కుటుంబ పరిమాణ నియమం ఆధారంగా, ఈ దరఖాస్తుదారు అర్హులా? అవును లేదా కాదు అని సమాధానం ఇవ్వండి.",yes
F0012-r-elig-ta,F0012,scholarship,ta,reasoning,"வருமான வரம்பு மற்றும் குடும்ப அளவு விதியின் அடிப்படையில், இந்த விண்ணப்பதாரர் தகுதியானவரா? ஆம் அல்லது இல்லை என பதிலளிக்கவும்.",yes
F0012-r-elig-mr,F0012,scholarship,mr,reasoning,"उत्पन्न मर्यादा आणि कुटुंब आकाराच्या नियमानुसार, हा अर्जदार पात्र आहे का? होय किंवा नाही उत्तर द्या.",yes
F0012-r-elig-kn,F0012,scholarship,kn,reasoning,"ಆದಾಯ ಮಿತಿ ಮತ್ತು ಕುಟುಂಬ ಗಾತ್ರದ ನಿಯಮದ ಆಧಾರದ ಮೇಲೆ, ಈ ಅರ್ಜಿದಾರರು ಅರ್ಹರೇ? ಹೌದು ಅಥವಾ ಇಲ್ಲ ಎಂದು ಉತ್ತರಿಸಿ.",yes
F0013-x-applicant_name-en,F0013,scholarship,en,extraction,Applicant Name?,Arjun Nair
F0013-x-applicant_name-hi,F0013,scholarship,hi,extraction,आवेदक का नाम?,अर्जुन नायर
F0013-x-applicant_name-bn,F0013,scholarship,bn,extraction,আবেদনকারীর নাম?,অর্জুন নায়ার
F0013-x-applicant_name-te,F0013,scholarship,te,extraction,దరఖాస్తుదారు పేరు?,అర్జున్ నాయర్
F0013-x-applicant_name-ta,F0013,scholarship,ta,extraction,விண்ணப்பதாரர் பெயர்?,அர்ஜுன் நாயர்
F0013-x-applicant_name-mr,F0013,scholarship,mr,extraction,अर्जदाराचे नाव?,अर्जुन नायर
F0013-x-applicant_name-kn,F0013,scholarship,kn,extraction,ಅರ್ಜಿದಾರರ ಹೆಸರು?,ಅರ್ಜುನ್ ನಾಯರ್
F0013-x-district-en,F0013,scholarship,en,extraction,District?,Visakhapatnam
F0013-x-district-hi,F0013,scholarship,hi,extraction,जिला?,विशाखापत्तनम
F0013-x-district-bn,F0013,scholarship,bn,extraction,জেলা?,বিশাখাপত্তনম
F0013-x-district-te,F0013,scholarship,te,extraction,జిల్లా?,విశాఖపట్నం
F0013-x-district-ta,F0013,scholarship,ta,extraction,மாவட்டம்?,விசாகப்பட்டினம்
F0013-x-district-mr,F0013,scholarship,mr,extraction,जिल्हा?,विशाखापट्टणम
F0013-x-district-kn,F0013,scholarship,kn,extraction,ಜಿಲ್ಲೆ?,ವಿಶಾಖಪಟ್ಟಣಂ
F0013-x-annual_income-en,F0013,scholarship,en,extraction,Annual Income (Rs.)?,118000
F0013-x-annual_income-hi,F0013,scholarship,hi,extraction,वार्षिक आय (रु.)?,118000
F0013-x-annual_income-bn,F0013,scholarship,bn,extraction,বার্ষিক আয় (টাকা)?,118000
F0013-x-annual_income-te,F0013,scholarship,te,extraction,వార్షిక ఆదాయం (రూ.)?,118000
F0013-x-annual_income-ta,F0013,scholarship,ta,extraction,ஆண்டு வருமானம் (ரூ.)?,118000
F0013-x-annual_income-mr,F0013,scholarship,mr,extraction,वार्षिक उत्पन्न (रु.)?,118000
F0013-x-annual_income-kn,F0013,scholarship,kn,extraction,ವಾರ್ಷಿಕ ಆದಾಯ (ರೂ.)?,118000
F0013-x-family_members-en,F0013,scholarship,en,extraction,Number of Family Members?,5
F0013-x-family_members-hi,F0013,scholarship,hi,extraction,परिवार के सदस्यों की संख्या?,5
F0013-x-family_members-bn,F0013,scholarship,bn,extraction,পরিবারের সদস্য সংখ্যা?,5
F0013-x-family_members-te,F0013,scholarship,te,extraction,కుటుంబ సభ్యుల సంఖ్య?,5
F0013-x-family_members-ta,F0013,scholarship,ta,extraction,குடும்ப உறுப்பினர்கள் எண்ணிக்கை?,5
F0013-x-family_members-mr,F0013,scholarship,mr,extraction,कुटुंब सदस्यांची संख्या?,5
F0013-x-family_members-kn,F0013,scholarship,kn,extraction,ಕುಟುಂಬ ಸದಸ್ಯರ ಸಂಖ್ಯೆ?,5
F0013-x-category-en,F0013,scholarship,en,extraction,Category?,General
F0013-x-category-hi,F0013,scholarship,hi,extraction,श्रेणी?,General
F0013-x-category-bn,F0013,scholarship,bn,extraction,শ্রেণী?,General
F0013-x-category-te,F0013,scholarship,te,extraction,వర్గం?,General
F0013-x-category-ta,F0013,scholarship,ta,extraction,பிரிவு?,General
F0013-x-category-mr,F0013,scholarship,mr,extraction,प्रवर्ग?,General
F0013-x-category-kn,F0013,scholarship,kn,extraction,ವರ್ಗ?,General
F0013-r-elig-en,F0013,scholarship,en,reasoning,"Based on the income cap and household size rule, is this applicant eligible? Answer yes or no.",yes
F0013-r-elig-hi,F0013,scholarship,hi,reasoning,"आय सीमा और परिवार के आकार के नियम के आधार पर, क्या यह आवेदक पात्र है? हाँ या नहीं में उत्तर दें।",yes
F0013-r-elig-bn,F0013,scholarship,bn,reasoning,"আয়ের সীমা এবং পরিবারের আকারের নিয়ম অনুসারে, এই আবেদনকারী কি যোগ্য? হ্যাঁ বা না উত্তর দিন।",yes
F0013-r-elig-te,F0013,scholarship,te,reasoning,"ఆదాయ పరిమితి మరియు కుటుంబ పరిమాణ నియమం ఆధారంగా, ఈ దరఖాస్తుదారు అర్హులా? అవును లేదా కాదు అని సమాధానం ఇవ్వండి.",yes
F0013-r-elig-ta,F0013,scholarship,ta,reasoning,"வருமான வரம்பு மற்றும் குடும்ப அளவு விதியின் அடிப்படையில், இந்த விண்ணப்பதாரர் தகுதியானவரா? ஆம் அல்லது இல்லை என பதிலளிக்கவும்.",yes
F0013-r-elig-mr,F0013,scholarship,mr,reasoning,"उत्पन्न मर्यादा आणि कुटुंब आकाराच्या नियमानुसार, हा अर्जदार पात्र आहे का? होय किंवा नाही उत्तर द्या.",yes
F0013-r-elig-kn,F0013,scholarship,kn,reasoning,"ಆದಾಯ ಮಿತಿ ಮತ್ತು ಕುಟುಂಬ ಗಾತ್ರದ ನಿಯಮದ ಆಧಾರದ ಮೇಲೆ, ಈ ಅರ್ಜಿದಾರರು ಅರ್ಹರೇ? ಹೌದು ಅಥವಾ ಇಲ್ಲ ಎಂದು ಉತ್ತರಿಸಿ.",yes
F0014-x-applicant_name-en,F0014,old_age_pension,en,extraction,Applicant Name?,Meena Kumari
F0014-x-applicant_name-hi,F0014,old_age_pension,hi,extraction,आवेदक का नाम?,मीना कुमारी
F0014-x-applicant_name-bn,F0014,old_age_pension,bn,extraction,আবেদনকারীর নাম?,মীনা কুমারী
F0014-x-applicant_name-te,F0014,old_age_pension,te,extraction,దరఖాస్తుదారు పేరు?,మీనా కుమారి
F0014-x-applicant_name-ta,F0014,old_age_pension,ta,extraction,விண்ணப்பதாரர் பெயர்?,மீனா குமாரி
F0014-x-applicant_name-mr,F0014,old_age_pension,mr,extraction,अर्जदाराचे नाव?,मीना कुमारी
F0014-x-applicant_name-kn,F0014,old_age_pension,kn,extraction,ಅರ್ಜಿದಾರರ ಹೆಸರು?,ಮೀನಾ ಕುಮಾರಿ
F0014-x-district-en,F0014,old_age_pension,en,extraction,District?,Salem
F0014-x-district-hi,F0014,old_age_pension,hi,extraction,जिला?,सेलम
F0014-x-district-bn,F0014,old_age_pension,bn,extraction,জেলা?,সালেম
F0014-x-district-te,F0014,old_age_pension,te,extraction,జిల్లా?,సేలం
F0014-x-district-ta,F0014,old_age_pension,ta,extraction,மாவட்டம்?,சேலம்
F0014-x-district-mr,F0014,old_age_pension,mr,extraction,जिल्हा?,सेलम
F0014-x-district-kn,F0014,old_age_pension,kn,extraction,ಜಿಲ್ಲೆ?,ಸೇಲಂ
F0014-x-annual_income-en,F0014,old_age_pension,en,extraction,Annual Income (Rs.)?,145000
F0014-x-annual_income-hi,F0014,old_age_pension,hi,extraction,वार्षिक आय (रु.)?,145000
F0014-x-annual_income-bn,F0014,old_age_pension,bn,extraction,বার্ষিক আয় (টাকা)?,145000
F0014-x-annual_income-te,F0014,old_age_pension,te,extraction,వార్షిక ఆదాయం (రూ.)?,145000
F0014-x-annual_income-ta,F0014,old_age_pension,ta,extraction,ஆண்டு வருமானம் (ரூ.)?,145000
F0014-x-annual_income-mr,F0014,old_age_pension,mr,extraction,वार्षिक उत्पन्न (रु.)?,145000
F0014-x-annual_income-kn,F0014,old_age_pension,kn,extraction,ವಾರ್ಷಿಕ ಆದಾಯ (ರೂ.)?,145000
F0014-x-family_members-en,F0014,old_age_pension,en,extraction,Number of Family Members?,7
F0014-x-family_members-hi,F0014,old_age_pension,hi,extraction,परिवार के सदस्यों की संख्या?,7
F0014-x-family_members-bn,F0014,old_age_pension,bn,extraction,পরিবারের সদস্য সংখ্যা?,7
F0014-x-family_members-te,F0014,old_age_pension,te,extraction,కుటుంబ సభ్యుల సంఖ్య?,7
F0014-x-family_members-ta,F0014,old_age_pension,ta,extraction,குடும்ப உறுப்பினர்கள் எண்ணிக்கை?,7
F0014-x-family_members-mr,F0014,old_age_pension,mr,extraction,कुटुंब सदस्यांची संख्या?,7
F0014-x-family_members-kn,F0014,old_age_pension,kn,extraction,ಕುಟುಂಬ ಸದಸ್ಯರ ಸಂಖ್ಯೆ?,7
F0014-x-category-en,F0014,old_age_pension,en,extraction,Category?,OBC
F0014-x-category-hi,F0014,old_age_pension,hi,extraction,श्रेणी?,OBC
F0014-x-category-bn,F0014,old_age_pension,bn,extraction,শ্রেণী?,OBC
F0014-x-category-te,F0014,old_age_pension,te,extraction,వర్గం?,OBC
F0014-x-category-ta,F0014,old_age_pension,ta,extraction,பிரிவு?,OBC
F0014-x-category-mr,F0014,old_age_pension,mr,extraction,प्रवर्ग?,OBC
F0014-x-category-kn,F0014,old_age_pension,kn,extraction,ವರ್ಗ?,OBC
F0014-r-elig-en,F0014,old_age_pension,en,reasoning,"Based on the income cap and household size rule, is this applicant eligible? Answer yes or no.",no
F0014-r-elig-hi,F0014,old_age_pension,hi,reasoning,"आय सीमा और परिवार के आकार के नियम के आधार पर, क्या यह आवेदक पात्र है? हाँ या नहीं में उत्तर दें।",no
F0014-r-elig-bn,F0014,old_age_pension,bn,reasoning,"আয়ের সীমা এবং পরিবারের আকারের নিয়ম অনুসারে, এই আবেদনকারী কি যোগ্য? হ্যাঁ বা না উত্তর দিন।",no
F0014-r-elig-te,F0014,old_age_pension,te,reasoning,"ఆదాయ పరిమితి మరియు కుటుంబ పరిమాణ నియమం ఆధారంగా, ఈ దరఖాస్తుదారు అర్హులా? అవును లేదా కాదు అని సమాధానం ఇవ్వండి.",no
F0014-r-elig-ta,F0014,old_age_pension,ta,reasoning,"வருமான வரம்பு மற்றும் குடும்ப அளவு விதியின் அடிப்படையில், இந்த விண்ணப்பதாரர் தகுதியானவரா? ஆம் அல்லது இல்லை என பதிலளிக்கவும்.",no
F0014-r-elig-mr,F0014,old_age_pension,mr,reasoning,"उत्पन्न मर्यादा आणि कुटुंब आकाराच्या नियमानुसार, हा अर्जदार पात्र आहे का? होय किंवा नाही उत्तर द्या.",no
F0014-r-elig-kn,F0014,old_age_pension,kn,reasoning,"ಆದಾಯ ಮಿತಿ ಮತ್ತು ಕುಟುಂಬ ಗಾತ್ರದ ನಿಯಮದ ಆಧಾರದ ಮೇಲೆ, ಈ ಅರ್ಜಿದಾರರು ಅರ್ಹರೇ? ಹೌದು ಅಥವಾ ಇಲ್ಲ ಎಂದು ಉತ್ತರಿಸಿ.",no
F0015-x-applicant_name-en,F0015,old_age_pension,en,extraction,Applicant Name?,Anjali Patil
F0015-x-applicant_name-hi,F0015,old_age_pension,hi,extraction,आवेदक का नाम?,अंजली पाटील
F0015-x-applicant_name-bn,F0015,old_age_pension,bn,extraction,আবেদনকারীর নাম?,অঞ্জলি পাটিল
F0015-x-applicant_name-te,F0015,old_age_pension,te,extraction,దరఖాస్తుదారు పేరు?,అంజలి పాటిల్
F0015-x-applicant_name-ta,F0015,old_age_pension,ta,extraction,விண்ணப்பதாரர் பெயர்?,அஞ்சலி பாட்டீல்
F0015-x-applicant_name-mr,F0015,old_age_pension,mr,extraction,अर्जदाराचे नाव?,अंजली पाटील
F0015-x-applicant_name-kn,F0015,old_age_pension,kn,extraction,ಅರ್ಜಿದಾರರ ಹೆಸರು?,ಅಂಜಲಿ ಪಾಟೀಲ್
F0015-x-district-en,F0015,old_age_pension,en,extraction,District?,Guntur
F0015-x-district-hi,F0015,old_age_pension,hi,extraction,जिला?,गुंटूर
F0015-x-district-bn,F0015,old_age_pension,bn,extraction,জেলা?,গুন্টুর
F0015-x-district-te,F0015,old_age_pension,te,extraction,జిల్లా?,గుంటూరు
F0015-x-district-ta,F0015,old_age_pension,ta,extraction,மாவட்டம்?,குண்டூர்
F0015-x-district-mr,F0015,old_age_pension,mr,extraction,जिल्हा?,गुंटूर
F0015-x-district-kn,F0015,old_age_pension,kn,extraction,ಜಿಲ್ಲೆ?,ಗುಂಟೂರು
F0015-x-annual_income-en,F0015,old_age_pension,en,extraction,Annual Income (Rs.)?,96000
F0015-x-annual_income-hi,F0015,old_age_pension,hi,extraction,वार्षिक आय (रु.)?,96000
F0015-x-annual_income-bn,F0015,old_age_pension,bn,extraction,বার্ষিক আয় (টাকা)?,96000
F0015-x-annual_income-te,F0015,old_age_pension,te,extraction,వార్షిక ఆదాయం (రూ.)?,96000
F0015-x-annual_income-ta,F0015,old_age_pension,ta,extraction,ஆண்டு வருமானம் (ரூ.)?,96000
F0015-x-annual_income-mr,F0015,old_age_pension,mr,extraction,वार्षिक उत्पन्न (रु.)?,96000
F0015-x-annual_income-kn,F0015,old_age_pension,kn,extraction,ವಾರ್ಷಿಕ ಆದಾಯ (ರೂ.)?,96000
F0015-x-family_members-en,F0015,old_age_pension,en,extraction,Number of Family Members?,4
F0015-x-family_members-hi,F0015,old_age_pension,hi,extraction,परिवार के सदस्यों की संख्या?,4
F0015-x-family_members-bn,F0015,old_age_pension,bn,extraction,পরিবারের সদস্য সংখ্যা?,4
F0015-x-family_members-te,F0015,old_age_pension,te,extraction,కుటుంబ సభ్యుల సంఖ్య?,4
F0015-x-family_members-ta,F0015,old_age_pension,ta,extraction,குடும்ப உறுப்பினர்கள் எண்ணிக்கை?,4
F0015-x-family_members-mr,F0015,old_age_pension,mr,extraction,कुटुंब सदस्यांची संख्या?,4
F0015-x-family_members-kn,F0015,old_age_pension,kn,extraction,ಕುಟುಂಬ ಸದಸ್ಯರ ಸಂಖ್ಯೆ?,4
F0015-x-category-en,F0015,old_age_pension,en,extraction,Category?,General
F0015-x-category-hi,F0015,old_age_pension,hi,extraction,श्रेणी?,General
F0015-x-category-bn,F0015,old_age_pension,bn,extraction,শ্রেণী?,General
F0015-x-category-te,F0015,old_age_pension,te,extraction,వర్గం?,General
F0015-x-category-ta,F0015,old_age_pension,ta,extraction,பிரிவு?,General
F0015-x-category-mr,F0015,old_age_pension,mr,extraction,प्रवर्ग?,General
F0015-x-category-kn,F0015,old_age_pension,kn,extraction,ವರ್ಗ?,General
F0015-r-elig-en,F0015,old_age_pension,en,reasoning,"Based on the income cap and household size rule, is this applicant eligible? Answer yes or no.",no
F0015-r-elig-hi,F0015,old_age_pension,hi,reasoning,"आय सीमा और परिवार के आकार के नियम के आधार पर, क्या यह आवेदक पात्र है? हाँ या नहीं में उत्तर दें।",no
F0015-r-elig-bn,F0015,old_age_pension,bn,reasoning,"আয়ের সীমা এবং পরিবারের আকারের নিয়ম অনুসারে, এই আবেদনকারী কি যোগ্য? হ্যাঁ বা না উত্তর দিন।",no
F0015-r-elig-te,F0015,old_age_pension,te,reasoning,"ఆదాయ పరిమితి మరియు కుటుంబ పరిమాణ నియమం ఆధారంగా, ఈ దరఖాస్తుదారు అర్హులా? అవును లేదా కాదు అని సమాధానం ఇవ్వండి.",no
F0015-r-elig-ta,F0015,old_age_pension,ta,reasoning,"வருமான வரம்பு மற்றும் குடும்ப அளவு விதியின் அடிப்படையில், இந்த விண்ணப்பதாரர் தகுதியானவரா? ஆம் அல்லது இல்லை என பதிலளிக்கவும்.",no
F0015-r-elig-mr,F0015,old_age_pension,mr,reasoning,"उत्पन्न मर्यादा आणि कुटुंब आकाराच्या नियमानुसार, हा अर्जदार पात्र आहे का? होय किंवा नाही उत्तर द्या.",no
F0015-r-elig-kn,F0015,old_age_pension,kn,reasoning,"ಆದಾಯ ಮಿತಿ ಮತ್ತು ಕುಟುಂಬ ಗಾತ್ರದ ನಿಯಮದ ಆಧಾರದ ಮೇಲೆ, ಈ ಅರ್ಜಿದಾರರು ಅರ್ಹರೇ? ಹೌದು ಅಥವಾ ಇಲ್ಲ ಎಂದು ಉತ್ತರಿಸಿ.",no
F0016-x-applicant_name-en,F0016,scholarship,en,extraction,Applicant Name?,Meena Kumari
F0016-x-applicant_name-hi,F0016,scholarship,hi,extraction,आवेदक का नाम?,मीना कुमारी
F0016-x-applicant_name-bn,F0016,scholarship,bn,extraction,আবেদনকারীর নাম?,মীনা কুমারী
F0016-x-applicant_name-te,F0016,scholarship,te,extraction,దరఖాస్తుదారు పేరు?,మీనా కుమారి
F0016-x-applicant_name-ta,F0016,scholarship,ta,extraction,விண்ணப்பதாரர் பெயர்?,மீனா குமாரி
F0016-x-applicant_name-mr,F0016,scholarship,mr,extraction,अर्जदाराचे नाव?,मीना कुमारी
F0016-x-applicant_name-kn,F0016,scholarship,kn,extraction,ಅರ್ಜಿದಾರರ ಹೆಸರು?,ಮೀನಾ ಕುಮಾರಿ
F0016-x-district-en,F0016,scholarship,en,extraction,District?,Visakhapatnam
F0016-x-district-hi,F0016,scholarship,hi,extraction,जिला?,विशाखापत्तनम
F0016-x-district-bn,F0016,scholarship,bn,extraction,জেলা?,বিশাখাপত্তনম
F0016-x-district-te,F0016,scholarship,te,extraction,జిల్లా?,విశాఖపట్నం
F0016-x-district-ta,F0016,scholarship,ta,extraction,மாவட்டம்?,விசாகப்பட்டினம்
F0016-x-district-mr,F0016,scholarship,mr,extraction,जिल्हा?,विशाखापट्टणम
F0016-x-district-kn,F0016,scholarship,kn,extraction,ಜಿಲ್ಲೆ?,ವಿಶಾಖಪಟ್ಟಣಂ
F0016-x-annual_income-en,F0016,scholarship,en,extraction,Annual Income (Rs.)?,310000
F0016-x-annual_income-hi,F0016,scholarship,hi,extraction,वार्षिक आय (रु.)?,310000
F0016-x-annual_income-bn,F0016,scholarship,bn,extraction,বার্ষিক আয় (টাকা)?,310000
F0016-x-annual_income-te,F0016,scholarship,te,extraction,వార్షిక ఆదాయం (రూ.)?,310000
F0016-x-annual_income-ta,F0016,scholarship,ta,extraction,ஆண்டு வருமானம் (ரூ.)?,310000
F0016-x-annual_income-mr,F0016,scholarship,mr,extraction,वार्षिक उत्पन्न (रु.)?,310000
F0016-x-annual_income-kn,F0016,scholarship,kn,extraction,ವಾರ್ಷಿಕ ಆದಾಯ (ರೂ.)?,310000
F0016-x-family_members-en,F0016,scholarship,en,extraction,Number of Family Members?,4
F0016-x-family_members-hi,F0016,scholarship,hi,extraction,परिवार के सदस्यों की संख्या?,4
F0016-x-family_members-bn,F0016,scholarship,bn,extraction,পরিবারের সদস্য সংখ্যা?,4
F0016-x-family_members-te,F0016,scholarship,te,extraction,కుటుంబ సభ్యుల సంఖ్య?,4
F0016-x-family_members-ta,F0016,scholarship,ta,extraction,குடும்ப உறுப்பினர்கள் எண்ணிக்கை?,4
F0016-x-family_members-mr,F0016,scholarship,mr,extraction,कुटुंब सदस्यांची संख्या?,4
F0016-x-family_members-kn,F0016,scholarship,kn,extraction,ಕುಟುಂಬ ಸದಸ್ಯರ ಸಂಖ್ಯೆ?,4
F0016-x-category-en,F0016,scholarship,en,extraction,Category?,ST
F0016-x-category-hi,F0016,scholarship,hi,extraction,श्रेणी?,ST
F0016-x-category-bn,F0016,scholarship,bn,extraction,শ্রেণী?,ST
F0016-x-category-te,F0016,scholarship,te,extraction,వర్గం?,ST
F0016-x-category-ta,F0016,scholarship,ta,extraction,பிரிவு?,ST
F0016-x-category-mr,F0016,scholarship,mr,extraction,प्रवर्ग?,ST
F0016-x-category-kn,F0016,scholarship,kn,extraction,ವರ್ಗ?,ST
F0016-r-elig-en,F0016,scholarship,en,reasoning,"Based on the income cap and household size rule, is this applicant eligible? Answer yes or no.",no
F0016-r-elig-hi,F0016,scholarship,hi,reasoning,"आय सीमा और परिवार के आकार के नियम के आधार पर, क्या यह आवेदक पात्र है? हाँ या नहीं में उत्तर दें।",no
F0016-r-elig-bn,F0016,scholarship,bn,reasoning,"আয়ের সীমা এবং পরিবারের আকারের নিয়ম অনুসারে, এই আবেদনকারী কি যোগ্য? হ্যাঁ বা না উত্তর দিন।",no
F0016-r-elig-te,F0016,scholarship,te,reasoning,"ఆదాయ పరిమితి మరియు కుటుంబ పరిమాణ నియమం ఆధారంగా, ఈ దరఖాస్తుదారు అర్హులా? అవును లేదా కాదు అని సమాధానం ఇవ్వండి.",no
F0016-r-elig-ta,F0016,scholarship,ta,reasoning,"வருமான வரம்பு மற்றும் குடும்ப அளவு விதியின் அடிப்படையில், இந்த விண்ணப்பதாரர் தகுதியானவரா? ஆம் அல்லது இல்லை என பதிலளிக்கவும்.",no
F0016-r-elig-mr,F0016,scholarship,mr,reasoning,"उत्पन्न मर्यादा आणि कुटुंब आकाराच्या नियमानुसार, हा अर्जदार पात्र आहे का? होय किंवा नाही उत्तर द्या.",no
F0016-r-elig-kn,F0016,scholarship,kn,reasoning,"ಆದಾಯ ಮಿತಿ ಮತ್ತು ಕುಟುಂಬ ಗಾತ್ರದ ನಿಯಮದ ಆಧಾರದ ಮೇಲೆ, ಈ ಅರ್ಜಿದಾರರು ಅರ್ಹರೇ? ಹೌದು ಅಥವಾ ಇಲ್ಲ ಎಂದು ಉತ್ತರಿಸಿ.",no
F0017-x-applicant_name-en,F0017,old_age_pension,en,extraction,Applicant Name?,Fatima Begum
F0017-x-applicant_name-hi,F0017,old_age_pension,hi,extraction,आवेदक का नाम?,फ़ातिमा बेगम
F0017-x-applicant_name-bn,F0017,old_age_pension,bn,extraction,আবেদনকারীর নাম?,ফাতিমা বেগম
F0017-x-applicant_name-te,F0017,old_age_pension,te,extraction,దరఖాస్తుదారు పేరు?,ఫాతిమా బేగం
F0017-x-applicant_name-ta,F0017,old_age_pension,ta,extraction,விண்ணப்பதாரர் பெயர்?,பாத்திமா பேகம்
F0017-x-applicant_name-mr,F0017,old_age_pension,mr,extraction,अर्जदाराचे नाव?,फातिमा बेगम
F0017-x-applicant_name-kn,F0017,old_age_pension,kn,extraction,ಅರ್ಜಿದಾರರ ಹೆಸರು?,ಫಾತಿಮಾ ಬೇಗಂ
F0017-x-district-en,F0017,old_age_pension,en,extraction,District?,Nashik
F0017-x-district-hi,F0017,old_age_pension,hi,extraction,जिला?,नाशिक
F0017-x-district-bn,F0017,old_age_pension,bn,extraction,জেলা?,নাসিক
F0017-x-district-te,F0017,old_age_pension,te,extraction,జిల్లా?,నాసిక్
F0017-x-district-ta,F0017,old_age_pension,ta,extraction,மாவட்டம்?,நாசிக்
F0017-x-district-mr,F0017,old_age_pension,mr,extraction,जिल्हा?,नाशिक
F0017-x-district-kn,F0017,old_age_pension,kn,extraction,ಜಿಲ್ಲೆ?,ನಾಸಿಕ್
F0017-x-annual_income-en,F0017,old_age_pension,en,extraction,Annual Income (Rs.)?,232000
F0017-x-annual_income-hi,F0017,old_age_pension,hi,extraction,वार्षिक आय (रु.)?,232000
F0017-x-annual_income-bn,F0017,old_age_pension,bn,extraction,বার্ষিক আয় (টাকা)?,232000
F0017-x-annual_income-te,F0017,old_age_pension,te,extraction,వార్షిక ఆదాయం (రూ.)?,232000
F0017-x-annual_income-ta,F0017,old_age_pension,ta,extraction,ஆண்டு வருமானம் (ரூ.)?,232000
F0017-x-annual_income-mr,F0017,old_age_pension,mr,extraction,वार्षिक उत्पन्न (रु.)?,232000
F0017-x-annual_income-kn,F0017,old_age_pension,kn,extraction,ವಾರ್ಷಿಕ ಆದಾಯ (ರೂ.)?,232000
F0017-x-family_members-en,F0017,old_age_pension,en,extraction,Number of Family Members?,7
F0017-x-family_members-hi,F0017,old_age_pension,hi,extraction,परिवार के सदस्यों की संख्या?,7
F0017-x-family_members-bn,F0017,old_age_pension,bn,extraction,পরিবারের সদস্য সংখ্যা?,7
F0017-x-family_members-te,F0017,old_age_pension,te,extraction,కుటుంబ సభ్యుల సంఖ్య?,7
F0017-x-family_members-ta,F0017,old_age_pension,ta,extraction,குடும்ப உறுப்பினர்கள் எண்ணிக்கை?,7
F0017-x-family_members-mr,F0017,old_age_pension,mr,extraction,कुटुंब सदस्यांची संख्या?,7
F0017-x-family_members-kn,F0017,old_age_pension,kn,extraction,ಕುಟುಂಬ ಸದಸ್ಯರ ಸಂಖ್ಯೆ?,7
F0017-x-category-en,F0017,old_age_pension,en,extraction,Category?,EWS
F0017-x-category-hi,F0017,old_age_pension,hi,extraction,श्रेणी?,EWS
F0017-x-category-bn,F0017,old_age_pension,bn,extraction,শ্রেণী?,EWS
F0017-x-category-te,F0017,old_age_pension,te,extraction,వర్గం?,EWS
F0017-x-category-ta,F0017,old_age_pension,ta,extraction,பிரிவு?,EWS
F0017-x-category-mr,F0017,old_age_pension,mr,extraction,प्रवर्ग?,EWS
F0017-x-category-kn,F0017,old_age_pension,kn,extraction,ವರ್ಗ?,EWS
F0017-r-elig-en,F0017,old_age_pension,en,reasoning,"Based on the income cap and household size rule, is this applicant eligible? Answer yes or no.",no
F0017-r-elig-hi,F0017,old_age_pension,hi,reasoning,"आय सीमा और परिवार के आकार के नियम के आधार पर, क्या यह आवेदक पात्र है? हाँ या नहीं में उत्तर दें।",no
F0017-r-elig-bn,F0017,old_age_pension,bn,reasoning,"আয়ের সীমা এবং পরিবারের আকারের নিয়ম অনুসারে, এই আবেদনকারী কি যোগ্য? হ্যাঁ বা না উত্তর দিন।",no
F0017-r-elig-te,F0017,old_age_pension,te,reasoning,"ఆదాయ పరిమితి మరియు కుటుంబ పరిమాణ నియమం ఆధారంగా, ఈ దరఖాస్తుదారు అర్హులా? అవును లేదా కాదు అని సమాధానం ఇవ్వండి.",no
F0017-r-elig-ta,F0017,old_age_pension,ta,reasoning,"வருமான வரம்பு மற்றும் குடும்ப அளவு விதியின் அடிப்படையில், இந்த விண்ணப்பதாரர் தகுதியானவரா? ஆம் அல்லது இல்லை என பதிலளிக்கவும்.",no
F0017-r-elig-mr,F0017,old_age_pension,mr,reasoning,"उत्पन्न मर्यादा आणि कुटुंब आकाराच्या नियमानुसार, हा अर्जदार पात्र आहे का? होय किंवा नाही उत्तर द्या.",no
F0017-r-elig-kn,F0017,old_age_pension,kn,reasoning,"ಆದಾಯ ಮಿತಿ ಮತ್ತು ಕುಟುಂಬ ಗಾತ್ರದ ನಿಯಮದ ಆಧಾರದ ಮೇಲೆ, ಈ ಅರ್ಜಿದಾರರು ಅರ್ಹರೇ? ಹೌದು ಅಥವಾ ಇಲ್ಲ ಎಂದು ಉತ್ತರಿಸಿ.",no
F0018-x-applicant_name-en,F0018,old_age_pension,en,extraction,Applicant Name?,Anjali Patil
F0018-x-applicant_name-hi,F0018,old_age_pension,hi,extraction,आवेदक का नाम?,अंजली पाटील
F0018-x-applicant_name-bn,F0018,old_age_pension,bn,extraction,আবেদনকারীর নাম?,অঞ্জলি পাটিল
F0018-x-applicant_name-te,F0018,old_age_pension,te,extraction,దరఖాస్తుదారు పేరు?,అంజలి పాటిల్
F0018-x-applicant_name-ta,F0018,old_age_pension,ta,extraction,விண்ணப்பதாரர் பெயர்?,அஞ்சலி பாட்டீல்
F0018-x-applicant_name-mr,F0018,old_age_pension,mr,extraction,अर्जदाराचे नाव?,अंजली पाटील
F0018-x-applicant_name-kn,F0018,old_age_pension,kn,extraction,ಅರ್ಜಿದಾರರ ಹೆಸರು?,ಅಂಜಲಿ ಪಾಟೀಲ್
F0018-x-district-en,F0018,old_age_pension,en,extraction,District?,Guntur
F0018-x-district-hi,F0018,old_age_pension,hi,extraction,जिला?,गुंटूर
F0018-x-district-bn,F0018,old_age_pension,bn,extraction,জেলা?,গুন্টুর
F0018-x-district-te,F0018,old_age_pension,te,extraction,జిల్లా?,గుంటూరు
F0018-x-district-ta,F0018,old_age_pension,ta,extraction,மாவட்டம்?,குண்டூர்
F0018-x-district-mr,F0018,old_age_pension,mr,extraction,जिल्हा?,गुंटूर
F0018-x-district-kn,F0018,old_age_pension,kn,extraction,ಜಿಲ್ಲೆ?,ಗುಂಟೂರು
F0018-x-annual_income-en,F0018,old_age_pension,en,extraction,Annual Income (Rs.)?,48000
F0018-x-annual_income-hi,F0018,old_age_pension,hi,extraction,वार्षिक आय (रु.)?,48000
F0018-x-annual_income-bn,F0018,old_age_pension,bn,extraction,বার্ষিক আয় (টাকা)?,48000
F0018-x-annual_income-te,F0018,old_age_pension,te,extraction,వార్షిక ఆదాయం (రూ.)?,48000
F0018-x-annual_income-ta,F0018,old_age_pension,ta,extraction,ஆண்டு வருமானம் (ரூ.)?,48000
F0018-x-annual_income-mr,F0018,old_age_pension,mr,extraction,वार्षिक उत्पन्न (रु.)?,48000
F0018-x-annual_income-kn,F0018,old_age_pension,kn,extraction,ವಾರ್ಷಿಕ ಆದಾಯ (ರೂ.)?,48000
F0018-x-family_members-en,F0018,old_age_pension,en,extraction,Number of Family Members?,6
F0018-x-family_members-hi,F0018,old_age_pension,hi,extraction,परिवार के सदस्यों की संख्या?,6
F0018-x-family_members-bn,F0018,old_age_pension,bn,extraction,পরিবারের সদস্য সংখ্যা?,6
F0018-x-family_members-te,F0018,old_age_pension,te,extraction,కుటుంబ సభ్యుల సంఖ్య?,6
F0018-x-family_members-ta,F0018,old_age_pension,ta,extraction,குடும்ப உறுப்பினர்கள் எண்ணிக்கை?,6
F0018-x-family_members-mr,F0018,old_age_pension,mr,extraction,कुटुंब सदस्यांची संख्या?,6
F0018-x-family_members-kn,F0018,old_age_pension,kn,extraction,ಕುಟುಂಬ ಸದಸ್ಯರ ಸಂಖ್ಯೆ?,6
F0018-x-category-en,F0018,old_age_pension,en,extraction,Category?,General
F0018-x-category-hi,F0018,old_age_pension,hi,extraction,श्रेणी?,General
F0018-x-category-bn,F0018,old_age_pension,bn,extraction,শ্রেণী?,General
F0018-x-category-te,F0018,old_age_pension,te,extraction,వర్గం?,General
F0018-x-category-ta,F0018,old_age_pension,ta,extraction,பிரிவு?,General
F0018-x-category-mr,F0018,old_age_pension,mr,extraction,प्रवर्ग?,General
F0018-x-category-kn,F0018,old_age_pension,kn,extraction,ವರ್ಗ?,General
F0018-r-elig-en,F0018,old_age_pension,en,reasoning,"Based on the income cap and household size rule, is this applicant eligible? Answer yes or no.",yes
F0018-r-elig-hi,F0018,old_age_pension,hi,reasoning,"आय सीमा और परिवार के आकार के नियम के आधार पर, क्या यह आवेदक पात्र है? हाँ या नहीं में उत्तर दें।",yes
F0018-r-elig-bn,F0018,old_age_pension,bn,reasoning,"আয়ের সীমা এবং পরিবারের আকারের নিয়ম অনুসারে, এই আবেদনকারী কি যোগ্য? হ্যাঁ বা না উত্তর দিন।",yes
F0018-r-elig-te,F0018,old_age_pension,te,reasoning,"ఆదాయ పరిమితి మరియు కుటుంబ పరిమాణ నియమం ఆధారంగా, ఈ దరఖాస్తుదారు అర్హులా? అవును లేదా కాదు అని సమాధానం ఇవ్వండి.",yes
F0018-r-elig-ta,F0018,old_age_pension,ta,reasoning,"வருமான வரம்பு மற்றும் குடும்ப அளவு விதியின் அடிப்படையில், இந்த விண்ணப்பதாரர் தகுதியானவரா? ஆம் அல்லது இல்லை என பதிலளிக்கவும்.",yes
F0018-r-elig-mr,F0018,old_age_pension,mr,reasoning,"उत्पन्न मर्यादा आणि कुटुंब आकाराच्या नियमानुसार, हा अर्जदार पात्र आहे का? होय किंवा नाही उत्तर द्या.",yes
F0018-r-elig-kn,F0018,old_age_pension,kn,reasoning,"ಆದಾಯ ಮಿತಿ ಮತ್ತು ಕುಟುಂಬ ಗಾತ್ರದ ನಿಯಮದ ಆಧಾರದ ಮೇಲೆ, ಈ ಅರ್ಜಿದಾರರು ಅರ್ಹರೇ? ಹೌದು ಅಥವಾ ಇಲ್ಲ ಎಂದು ಉತ್ತರಿಸಿ.",yes
F0019-x-applicant_name-en,F0019,old_age_pension,en,extraction,Applicant Name?,Suresh Rao
F0019-x-applicant_name-hi,F0019,old_age_pension,hi,extraction,आवेदक का नाम?,सुरेश राव
F0019-x-applicant_name-bn,F0019,old_age_pension,bn,extraction,আবেদনকারীর নাম?,সুরেশ রাও
F0019-x-applicant_name-te,F0019,old_age_pension,te,extraction,దరఖాస్తుదారు పేరు?,సురేష్ రావు
F0019-x-applicant_name-ta,F0019,old_age_pension,ta,extraction,விண்ணப்பதாரர் பெயர்?,சுரேஷ் ராவ்
F0019-x-applicant_name-mr,F0019,old_age_pension,mr,extraction,अर्जदाराचे नाव?,सुरेश राव
F0019-x-applicant_name-kn,F0019,old_age_pension,kn,extraction,ಅರ್ಜಿದಾರರ ಹೆಸರು?,ಸುರೇಶ್ ರಾವ್
F0019-x-district-en,F0019,old_age_pension,en,extraction,District?,Visakhapatnam
F0019-x-district-hi,F0019,old_age_pension,hi,extraction,जिला?,विशाखापत्तनम
F0019-x-district-bn,F0019,old_age_pension,bn,extraction,জেলা?,বিশাখাপত্তনম
F0019-x-district-te,F0019,old_age_pension,te,extraction,జిల్లా?,విశాఖపట్నం
F0019-x-district-ta,F0019,old_age_pension,ta,extraction,மாவட்டம்?,விசாகப்பட்டினம்
F0019-x-district-mr,F0019,old_age_pension,mr,extraction,जिल्हा?,विशाखापट्टणम
F0019-x-district-kn,F0019,old_age_pension,kn,extraction,ಜಿಲ್ಲೆ?,ವಿಶಾಖಪಟ್ಟಣಂ
F0019-x-annual_income-en,F0019,old_age_pension,en,extraction,Annual Income (Rs.)?,232000
F0019-x-annual_income-hi,F0019,old_age_pension,hi,extraction,वार्षिक आय (रु.)?,232000
F0019-x-annual_income-bn,F0019,old_age_pension,bn,extraction,বার্ষিক আয় (টাকা)?,232000
F0019-x-annual_income-te,F0019,old_age_pension,te,extraction,వార్షిక ఆదాయం (రూ.)?,232000
F0019-x-annual_income-ta,F0019,old_age_pension,ta,extraction,ஆண்டு வருமானம் (ரூ.)?,232000
F0019-x-annual_income-mr,F0019,old_age_pension,mr,extraction,वार्षिक उत्पन्न (रु.)?,232000
F0019-x-annual_income-kn,F0019,old_age_pension,kn,extraction,ವಾರ್ಷಿಕ ಆದಾಯ (ರೂ.)?,232000
F0019-x-family_members-en,F0019,old_age_pension,en,extraction,Number of Family Members?,2
F0019-x-family_members-hi,F0019,old_age_pension,hi,extraction,परिवार के सदस्यों की संख्या?,2
F0019-x-family_members-bn,F0019,old_age_pension,bn,extraction,পরিবারের সদস্য সংখ্যা?,2
F0019-x-family_members-te,F0019,old_age_pension,te,extraction,కుటుంబ సభ్యుల సంఖ్య?,2
F0019-x-family_members-ta,F0019,old_age_pension,ta,extraction,குடும்ப உறுப்பினர்கள் எண்ணிக்கை?,2
F0019-x-family_members-mr,F0019,old_age_pension,mr,extraction,कुटुंब सदस्यांची संख्या?,2
F0019-x-family_members-kn,F0019,old_age_pension,kn,extraction,ಕುಟುಂಬ ಸದಸ್ಯರ ಸಂಖ್ಯೆ?,2
F0019-x-category-en,F0019,old_age_pension,en,extraction,Category?,OBC
F0019-x-category-hi,F0019,old_age_pension,hi,extraction,श्रेणी?,OBC
F0019-x-category-bn,F0019,old_age_pension,bn,extraction,শ্রেণী?,OBC
F0019-x-category-te,F0019,old_age_pension,te,extraction,వర్గం?,OBC
F0019-x-category-ta,F0019,old_age_pension,ta,extraction,பிரிவு?,OBC
F0019-x-category-mr,F0019,old_age_pension,mr,extraction,प्रवर्ग?,OBC
F0019-x-category-kn,F0019,old_age_pension,kn,extraction,ವರ್ಗ?,OBC
F0019-r-elig-en,F0019,old_age_pension,en,reasoning,"Based on the income cap and household size rule, is this applicant eligible? Answer yes or no.",no
F0019-r-elig-hi,F0019,old_age_pension,hi,reasoning,"आय सीमा और परिवार के आकार के नियम के आधार पर, क्या यह आवेदक पात्र है? हाँ या नहीं में उत्तर दें।",no
F0019-r-elig-bn,F0019,old_age_pension,bn,reasoning,"আয়ের সীমা এবং পরিবারের আকারের নিয়ম অনুসারে, এই আবেদনকারী কি যোগ্য? হ্যাঁ বা না উত্তর দিন।",no
F0019-r-elig-te,F0019,old_age_pension,te,reasoning,"ఆదాయ పరిమితి మరియు కుటుంబ పరిమాణ నియమం ఆధారంగా, ఈ దరఖాస్తుదారు అర్హులా? అవును లేదా కాదు అని సమాధానం ఇవ్వండి.",no
F0019-r-elig-ta,F0019,old_age_pension,ta,reasoning,"வருமான வரம்பு மற்றும் குடும்ப அளவு விதியின் அடிப்படையில், இந்த விண்ணப்பதாரர் தகுதியானவரா? ஆம் அல்லது இல்லை என பதிலளிக்கவும்.",no
F0019-r-elig-mr,F0019,old_age_pension,mr,reasoning,"उत्पन्न मर्यादा आणि कुटुंब आकाराच्या नियमानुसार, हा अर्जदार पात्र आहे का? होय किंवा नाही उत्तर द्या.",no
F0019-r-elig-kn,F0019,old_age_pension,kn,reasoning,"ಆದಾಯ ಮಿತಿ ಮತ್ತು ಕುಟುಂಬ ಗಾತ್ರದ ನಿಯಮದ ಆಧಾರದ ಮೇಲೆ, ಈ ಅರ್ಜಿದಾರರು ಅರ್ಹರೇ? ಹೌದು ಅಥವಾ ಇಲ್ಲ ಎಂದು ಉತ್ತರಿಸಿ.",no
F0020-x-applicant_name-en,F0020,ration_card,en,extraction,Applicant Name?,Arjun Nair
F0020-x-applicant_name-hi,F0020,ration_card,hi,extraction,आवेदक का नाम?,अर्जुन नायर
F0020-x-applicant_name-bn,F0020,ration_card,bn,extraction,আবেদনকারীর নাম?,অর্জুন নায়ার
F0020-x-applicant_name-te,F0020,ration_card,te,extraction,దరఖాస్తుదారు పేరు?,అర్జున్ నాయర్
F0020-x-applicant_name-ta,F0020,ration_card,ta,extraction,விண்ணப்பதாரர் பெயர்?,அர்ஜுன் நாயர்
F0020-x-applicant_name-mr,F0020,ration_card,mr,extraction,अर्जदाराचे नाव?,अर्जुन नायर
F0020-x-applicant_name-kn,F0020,ration_card,kn,extraction,ಅರ್ಜಿದಾರರ ಹೆಸರು?,ಅರ್ಜುನ್ ನಾಯರ್
F0020-x-district-en,F0020,ration_card,en,extraction,District?,Salem
F0020-x-district-hi,F0020,ration_card,hi,extraction,जिला?,सेलम
F0020-x-district-bn,F0020,ration_card,bn,extraction,জেলা?,সালেম
F0020-x-district-te,F0020,ration_card,te,extraction,జిల్లా?,సేలం
F0020-x-district-ta,F0020,ration_card,ta,extraction,மாவட்டம்?,சேலம்
F0020-x-district-mr,F0020,ration_card,mr,extraction,जिल्हा?,सेलम
F0020-x-district-kn,F0020,ration_card,kn,extraction,ಜಿಲ್ಲೆ?,ಸೇಲಂ
F0020-x-annual_income-en,F0020,ration_card,en,extraction,Annual Income (Rs.)?,232000
F0020-x-annual_income-hi,F0020,ration_card,hi,extraction,वार्षिक आय (रु.)?,232000
F0020-x-annual_income-bn,F0020,ration_card,bn,extraction,বার্ষিক আয় (টাকা)?,232000
F0020-x-annual_income-te,F0020,ration_card,te,extraction,వార్షిక ఆదాయం (రూ.)?,232000
F0020-x-annual_income-ta,F0020,ration_card,ta,extraction,ஆண்டு வருமானம் (ரூ.)?,232000
F0020-x-annual_income-mr,F0020,ration_card,mr,extraction,वार्षिक उत्पन्न (रु.)?,232000
F0020-x-annual_income-kn,F0020,ration_card,kn,extraction,ವಾರ್ಷಿಕ ಆದಾಯ (ರೂ.)?,232000
F0020-x-family_members-en,F0020,ration_card,en,extraction,Number of Family Members?,5
F0020-x-family_members-hi,F0020,ration_card,hi,extraction,परिवार के सदस्यों की संख्या?,5
F0020-x-family_members-bn,F0020,ration_card,bn,extraction,পরিবারের সদস্য সংখ্যা?,5
F0020-x-family_members-te,F0020,ration_card,te,extraction,కుటుంబ సభ్యుల సంఖ్య?,5
F0020-x-family_members-ta,F0020,ration_card,ta,extraction,குடும்ப உறுப்பினர்கள் எண்ணிக்கை?,5
F0020-x-family_members-mr,F0020,ration_card,mr,extraction,कुटुंब सदस्यांची संख्या?,5
F0020-x-family_members-kn,F0020,ration_card,kn,extraction,ಕುಟುಂಬ ಸದಸ್ಯರ ಸಂಖ್ಯೆ?,5
F0020-x-category-en,F0020,ration_card,en,extraction,Category?,General
F0020-x-category-hi,F0020,ration_card,hi,extraction,श्रेणी?,General
F0020-x-category-bn,F0020,ration_card,bn,extraction,শ্রেণী?,General
F0020-x-category-te,F0020,ration_card,te,extraction,వర్గం?,General
F0020-x-category-ta,F0020,ration_card,ta,extraction,பிரிவு?,General
F0020-x-category-mr,F0020,ration_card,mr,extraction,प्रवर्ग?,General
F0020-x-category-kn,F0020,ration_card,kn,extraction,ವರ್ಗ?,General
F0020-r-elig-en,F0020,ration_card,en,reasoning,"Based on the income cap and household size rule, is this applicant eligible? Answer yes or no.",no
F0020-r-elig-hi,F0020,ration_card,hi,reasoning,"आय सीमा और परिवार के आकार के नियम के आधार पर, क्या यह आवेदक पात्र है? हाँ या नहीं में उत्तर दें।",no
F0020-r-elig-bn,F0020,ration_card,bn,reasoning,"আয়ের সীমা এবং পরিবারের আকারের নিয়ম অনুসারে, এই আবেদনকারী কি যোগ্য? হ্যাঁ বা না উত্তর দিন।",no
F0020-r-elig-te,F0020,ration_card,te,reasoning,"ఆదాయ పరిమితి మరియు కుటుంబ పరిమాణ నియమం ఆధారంగా, ఈ దరఖాస్తుదారు అర్హులా? అవును లేదా కాదు అని సమాధానం ఇవ్వండి.",no
F0020-r-elig-ta,F0020,ration_card,ta,reasoning,"வருமான வரம்பு மற்றும் குடும்ப அளவு விதியின் அடிப்படையில், இந்த விண்ணப்பதாரர் தகுதியானவரா? ஆம் அல்லது இல்லை என பதிலளிக்கவும்.",no
F0020-r-elig-mr,F0020,ration_card,mr,reasoning,"उत्पन्न मर्यादा आणि कुटुंब आकाराच्या नियमानुसार, हा अर्जदार पात्र आहे का? होय किंवा नाही उत्तर द्या.",no
F0020-r-elig-kn,F0020,ration_card,kn,reasoning,"ಆದಾಯ ಮಿತಿ ಮತ್ತು ಕುಟುಂಬ ಗಾತ್ರದ ನಿಯಮದ ಆಧಾರದ ಮೇಲೆ, ಈ ಅರ್ಜಿದಾರರು ಅರ್ಹರೇ? ಹೌದು ಅಥವಾ ಇಲ್ಲ ಎಂದು ಉತ್ತರಿಸಿ.",no
F0021-x-applicant_name-en,F0021,old_age_pension,en,extraction,Applicant Name?,Fatima Begum
F0021-x-applicant_name-hi,F0021,old_age_pension,hi,extraction,आवेदक का नाम?,फ़ातिमा बेगम
F0021-x-applicant_name-bn,F0021,old_age_pension,bn,extraction,আবেদনকারীর নাম?,ফাতিমা বেগম
F0021-x-applicant_name-te,F0021,old_age_pension,te,extraction,దరఖాస్తుదారు పేరు?,ఫాతిమా బేగం
F0021-x-applicant_name-ta,F0021,old_age_pension,ta,extraction,விண்ணப்பதாரர் பெயர்?,பாத்திமா பேகம்
F0021-x-applicant_name-mr,F0021,old_age_pension,mr,extraction,अर्जदाराचे नाव?,फातिमा बेगम
F0021-x-applicant_name-kn,F0021,old_age_pension,kn,extraction,ಅರ್ಜಿದಾರರ ಹೆಸರು?,ಫಾತಿಮಾ ಬೇಗಂ
F0021-x-district-en,F0021,old_age_pension,en,extraction,District?,Guntur
F0021-x-district-hi,F0021,old_age_pension,hi,extraction,जिला?,गुंटूर
F0021-x-district-bn,F0021,old_age_pension,bn,extraction,জেলা?,গুন্টুর
F0021-x-district-te,F0021,old_age_pension,te,extraction,జిల్లా?,గుంటూరు
F0021-x-district-ta,F0021,old_age_pension,ta,extraction,மாவட்டம்?,குண்டூர்
F0021-x-district-mr,F0021,old_age_pension,mr,extraction,जिल्हा?,गुंटूर
F0021-x-district-kn,F0021,old_age_pension,kn,extraction,ಜಿಲ್ಲೆ?,ಗುಂಟೂರು
F0021-x-annual_income-en,F0021,old_age_pension,en,extraction,Annual Income (Rs.)?,48000
F0021-x-annual_income-hi,F0021,old_age_pension,hi,extraction,वार्षिक आय (रु.)?,48000
F0021-x-annual_income-bn,F0021,old_age_pension,bn,extraction,বার্ষিক আয় (টাকা)?,48000
F0021-x-annual_income-te,F0021,old_age_pension,te,extraction,వార్షిక ఆదాయం (రూ.)?,48000
F0021-x-annual_income-ta,F0021,old_age_pension,ta,extraction,ஆண்டு வருமானம் (ரூ.)?,48000
F0021-x-annual_income-mr,F0021,old_age_pension,mr,extraction,वार्षिक उत्पन्न (रु.)?,48000
F0021-x-annual_income-kn,F0021,old_age_pension,kn,extraction,ವಾರ್ಷಿಕ ಆದಾಯ (ರೂ.)?,48000
F0021-x-family_members-en,F0021,old_age_pension,en,extraction,Number of Family Members?,3
F0021-x-family_members-hi,F0021,old_age_pension,hi,extraction,परिवार के सदस्यों की संख्या?,3
F0021-x-family_members-bn,F0021,old_age_pension,bn,extraction,পরিবারের সদস্য সংখ্যা?,3
F0021-x-family_members-te,F0021,old_age_pension,te,extraction,కుటుంబ సభ్యుల సంఖ్య?,3
F0021-x-family_members-ta,F0021,old_age_pension,ta,extraction,குடும்ப உறுப்பினர்கள் எண்ணிக்கை?,3
F0021-x-family_members-mr,F0021,old_age_pension,mr,extraction,कुटुंब सदस्यांची संख्या?,3
F0021-x-family_members-kn,F0021,old_age_pension,kn,extraction,ಕುಟುಂಬ ಸದಸ್ಯರ ಸಂಖ್ಯೆ?,3
F0021-x-category-en,F0021,old_age_pension,en,extraction,Category?,EWS
F0021-x-category-hi,F0021,old_age_pension,hi,extraction,श्रेणी?,EWS
F0021-x-category-bn,F0021,old_age_pension,bn,extraction,শ্রেণী?,EWS
F0021-x-category-te,F0021,old_age_pension,te,extraction,వర్గం?,EWS
F0021-x-category-ta,F0021,old_age_pension,ta,extraction,பிரிவு?,EWS
F0021-x-category-mr,F0021,old_age_pension,mr,extraction,प्रवर्ग?,EWS
F0021-x-category-kn,F0021,old_age_pension,kn,extraction,ವರ್ಗ?,EWS
F0021-r-elig-en,F0021,old_age_pension,en,reasoning,"Based on the income cap and household size rule, is this applicant eligible? Answer yes or no.",yes
F0021-r-elig-hi,F0021,old_age_pension,hi,reasoning,"आय सीमा और परिवार के आकार के नियम के आधार पर, क्या यह आवेदक पात्र है? हाँ या नहीं में उत्तर दें।",yes
F0021-r-elig-bn,F0021,old_age_pension,bn,reasoning,"আয়ের সীমা এবং পরিবারের আকারের নিয়ম অনুসারে, এই আবেদনকারী কি যোগ্য? হ্যাঁ বা না উত্তর দিন।",yes
F0021-r-elig-te,F0021,old_age_pension,te,reasoning,"ఆదాయ పరిమితి మరియు కుటుంబ పరిమాణ నియమం ఆధారంగా, ఈ దరఖాస్తుదారు అర్హులా? అవును లేదా కాదు అని సమాధానం ఇవ్వండి.",yes
F0021-r-elig-ta,F0021,old_age_pension,ta,reasoning,"வருமான வரம்பு மற்றும் குடும்ப அளவு விதியின் அடிப்படையில், இந்த விண்ணப்பதாரர் தகுதியானவரா? ஆம் அல்லது இல்லை என பதிலளிக்கவும்.",yes
F0021-r-elig-mr,F0021,old_age_pension,mr,reasoning,"उत्पन्न मर्यादा आणि कुटुंब आकाराच्या नियमानुसार, हा अर्जदार पात्र आहे का? होय किंवा नाही उत्तर द्या.",yes
F0021-r-elig-kn,F0021,old_age_pension,kn,reasoning,"ಆದಾಯ ಮಿತಿ ಮತ್ತು ಕುಟುಂಬ ಗಾತ್ರದ ನಿಯಮದ ಆಧಾರದ ಮೇಲೆ, ಈ ಅರ್ಜಿದಾರರು ಅರ್ಹರೇ? ಹೌದು ಅಥವಾ ಇಲ್ಲ ಎಂದು ಉತ್ತರಿಸಿ.",yes
F0022-x-applicant_name-en,F0022,ration_card,en,extraction,Applicant Name?,Ramesh Kumar
F0022-x-applicant_name-hi,F0022,ration_card,hi,extraction,आवेदक का नाम?,रमेश कुमार
F0022-x-applicant_name-bn,F0022,ration_card,bn,extraction,আবেদনকারীর নাম?,রমেশ কুমার
F0022-x-applicant_name-te,F0022,ration_card,te,extraction,దరఖాస్తుదారు పేరు?,రమేష్ కుమార్
F0022-x-applicant_name-ta,F0022,ration_card,ta,extraction,விண்ணப்பதாரர் பெயர்?,ரமேஷ் குமார்
F0022-x-applicant_name-mr,F0022,ration_card,mr,extraction,अर्जदाराचे नाव?,रमेश कुमार
F0022-x-applicant_name-kn,F0022,ration_card,kn,extraction,ಅರ್ಜಿದಾರರ ಹೆಸರು?,ರಮೇಶ್ ಕುಮಾರ್
F0022-x-district-en,F0022,ration_card,en,extraction,District?,Salem
F0022-x-district-hi,F0022,ration_card,hi,extraction,जिला?,सेलम
F0022-x-district-bn,F0022,ration_card,bn,extraction,জেলা?,সালেম
F0022-x-district-te,F0022,ration_card,te,extraction,జిల్లా?,సేలం
F0022-x-district-ta,F0022,ration_card,ta,extraction,மாவட்டம்?,சேலம்
F0022-x-district-mr,F0022,ration_card,mr,extraction,जिल्हा?,सेलम
F0022-x-district-kn,F0022,ration_card,kn,extraction,ಜಿಲ್ಲೆ?,ಸೇಲಂ
F0022-x-annual_income-en,F0022,ration_card,en,extraction,Annual Income (Rs.)?,48000
F0022-x-annual_income-hi,F0022,ration_card,hi,extraction,वार्षिक आय (रु.)?,48000
F0022-x-annual_income-bn,F0022,ration_card,bn,extraction,বার্ষিক আয় (টাকা)?,48000
F0022-x-annual_income-te,F0022,ration_card,te,extraction,వార్షిక ఆదాయం (రూ.)?,48000
F0022-x-annual_income-ta,F0022,ration_card,ta,extraction,ஆண்டு வருமானம் (ரூ.)?,48000
F0022-x-annual_income-mr,F0022,ration_card,mr,extraction,वार्षिक उत्पन्न (रु.)?,48000
F0022-x-annual_income-kn,F0022,ration_card,kn,extraction,ವಾರ್ಷಿಕ ಆದಾಯ (ರೂ.)?,48000
F0022-x-family_members-en,F0022,ration_card,en,extraction,Number of Family Members?,7
F0022-x-family_members-hi,F0022,ration_card,hi,extraction,परिवार के सदस्यों की संख्या?,7
F0022-x-family_members-bn,F0022,ration_card,bn,extraction,পরিবারের সদস্য সংখ্যা?,7
F0022-x-family_members-te,F0022,ration_card,te,extraction,కుటుంబ సభ్యుల సంఖ్య?,7
F0022-x-family_members-ta,F0022,ration_card,ta,extraction,குடும்ப உறுப்பினர்கள் எண்ணிக்கை?,7
F0022-x-family_members-mr,F0022,ration_card,mr,extraction,कुटुंब सदस्यांची संख्या?,7
F0022-x-family_members-kn,F0022,ration_card,kn,extraction,ಕುಟುಂಬ ಸದಸ್ಯರ ಸಂಖ್ಯೆ?,7
F0022-x-category-en,F0022,ration_card,en,extraction,Category?,EWS
F0022-x-category-hi,F0022,ration_card,hi,extraction,श्रेणी?,EWS
F0022-x-category-bn,F0022,ration_card,bn,extraction,শ্রেণী?,EWS
F0022-x-category-te,F0022,ration_card,te,extraction,వర్గం?,EWS
F0022-x-category-ta,F0022,ration_card,ta,extraction,பிரிவு?,EWS
F0022-x-category-mr,F0022,ration_card,mr,extraction,प्रवर्ग?,EWS
F0022-x-category-kn,F0022,ration_card,kn,extraction,ವರ್ಗ?,EWS
F0022-r-elig-en,F0022,ration_card,en,reasoning,"Based on the income cap and household size rule, is this applicant eligible? Answer yes or no.",yes
F0022-r-elig-hi,F0022,ration_card,hi,reasoning,"आय सीमा और परिवार के आकार के नियम के आधार पर, क्या यह आवेदक पात्र है? हाँ या नहीं में उत्तर दें।",yes
F0022-r-elig-bn,F0022,ration_card,bn,reasoning,"আয়ের সীমা এবং পরিবারের আকারের নিয়ম অনুসারে, এই আবেদনকারী কি যোগ্য? হ্যাঁ বা না উত্তর দিন।",yes
F0022-r-elig-te,F0022,ration_card,te,reasoning,"ఆదాయ పరిమితి మరియు కుటుంబ పరిమాణ నియమం ఆధారంగా, ఈ దరఖాస్తుదారు అర్హులా? అవును లేదా కాదు అని సమాధానం ఇవ్వండి.",yes
F0022-r-elig-ta,F0022,ration_card,ta,reasoning,"வருமான வரம்பு மற்றும் குடும்ப அளவு விதியின் அடிப்படையில், இந்த விண்ணப்பதாரர் தகுதியானவரா? ஆம் அல்லது இல்லை என பதிலளிக்கவும்.",yes
F0022-r-elig-mr,F0022,ration_card,mr,reasoning,"उत्पन्न मर्यादा आणि कुटुंब आकाराच्या नियमानुसार, हा अर्जदार पात्र आहे का? होय किंवा नाही उत्तर द्या.",yes
F0022-r-elig-kn,F0022,ration_card,kn,reasoning,"ಆದಾಯ ಮಿತಿ ಮತ್ತು ಕುಟುಂಬ ಗಾತ್ರದ ನಿಯಮದ ಆಧಾರದ ಮೇಲೆ, ಈ ಅರ್ಜಿದಾರರು ಅರ್ಹರೇ? ಹೌದು ಅಥವಾ ಇಲ್ಲ ಎಂದು ಉತ್ತರಿಸಿ.",yes
F0023-x-applicant_name-en,F0023,old_age_pension,en,extraction,Applicant Name?,Meena Kumari
F0023-x-applicant_name-hi,F0023,old_age_pension,hi,extraction,आवेदक का नाम?,मीना कुमारी
F0023-x-applicant_name-bn,F0023,old_age_pension,bn,extraction,আবেদনকারীর নাম?,মীনা কুমারী
F0023-x-applicant_name-te,F0023,old_age_pension,te,extraction,దరఖాస్తుదారు పేరు?,మీనా కుమారి
F0023-x-applicant_name-ta,F0023,old_age_pension,ta,extraction,விண்ணப்பதாரர் பெயர்?,மீனா குமாரி
F0023-x-applicant_name-mr,F0023,old_age_pension,mr,extraction,अर्जदाराचे नाव?,मीना कुमारी
F0023-x-applicant_name-kn,F0023,old_age_pension,kn,extraction,ಅರ್ಜಿದಾರರ ಹೆಸರು?,ಮೀನಾ ಕುಮಾರಿ
F0023-x-district-en,F0023,old_age_pension,en,extraction,District?,Guntur
F0023-x-district-hi,F0023,old_age_pension,hi,extraction,जिला?,गुंटूर
F0023-x-district-bn,F0023,old_age_pension,bn,extraction,জেলা?,গুন্টুর
F0023-x-district-te,F0023,old_age_pension,te,extraction,జిల్లా?,గుంటూరు
F0023-x-district-ta,F0023,old_age_pension,ta,extraction,மாவட்டம்?,குண்டூர்
F0023-x-district-mr,F0023,old_age_pension,mr,extraction,जिल्हा?,गुंटूर
F0023-x-district-kn,F0023,old_age_pension,kn,extraction,ಜಿಲ್ಲೆ?,ಗುಂಟೂರು
F0023-x-annual_income-en,F0023,old_age_pension,en,extraction,Annual Income (Rs.)?,96000
F0023-x-annual_income-hi,F0023,old_age_pension,hi,extraction,वार्षिक आय (रु.)?,96000
F0023-x-annual_income-bn,F0023,old_age_pension,bn,extraction,বার্ষিক আয় (টাকা)?,96000
F0023-x-annual_income-te,F0023,old_age_pension,te,extraction,వార్షిక ఆదాయం (రూ.)?,96000
F0023-x-annual_income-ta,F0023,old_age_pension,ta,extraction,ஆண்டு வருமானம் (ரூ.)?,96000
F0023-x-annual_income-mr,F0023,old_age_pension,mr,extraction,वार्षिक उत्पन्न (रु.)?,96000
F0023-x-annual_income-kn,F0023,old_age_pension,kn,extraction,ವಾರ್ಷಿಕ ಆದಾಯ (ರೂ.)?,96000
F0023-x-family_members-en,F0023,old_age_pension,en,extraction,Number of Family Members?,4
F0023-x-family_members-hi,F0023,old_age_pension,hi,extraction,परिवार के सदस्यों की संख्या?,4
F0023-x-family_members-bn,F0023,old_age_pension,bn,extraction,পরিবারের সদস্য সংখ্যা?,4
F0023-x-family_members-te,F0023,old_age_pension,te,extraction,కుటుంబ సభ్యుల సంఖ్య?,4
F0023-x-family_members-ta,F0023,old_age_pension,ta,extraction,குடும்ப உறுப்பினர்கள் எண்ணிக்கை?,4
F0023-x-family_members-mr,F0023,old_age_pension,mr,extraction,कुटुंब सदस्यांची संख्या?,4
F0023-x-family_members-kn,F0023,old_age_pension,kn,extraction,ಕುಟುಂಬ ಸದಸ್ಯರ ಸಂಖ್ಯೆ?,4
F0023-x-category-en,F0023,old_age_pension,en,extraction,Category?,OBC
F0023-x-category-hi,F0023,old_age_pension,hi,extraction,श्रेणी?,OBC
F0023-x-category-bn,F0023,old_age_pension,bn,extraction,শ্রেণী?,OBC
F0023-x-category-te,F0023,old_age_pension,te,extraction,వర్గం?,OBC
F0023-x-category-ta,F0023,old_age_pension,ta,extraction,பிரிவு?,OBC
F0023-x-category-mr,F0023,old_age_pension,mr,extraction,प्रवर्ग?,OBC
F0023-x-category-kn,F0023,old_age_pension,kn,extraction,ವರ್ಗ?,OBC
F0023-r-elig-en,F0023,old_age_pension,en,reasoning,"Based on the income cap and household size rule, is this applicant eligible? Answer yes or no.",no
F0023-r-elig-hi,F0023,old_age_pension,hi,reasoning,"आय सीमा और परिवार के आकार के नियम के आधार पर, क्या यह आवेदक पात्र है? हाँ या नहीं में उत्तर दें।",no
F0023-r-elig-bn,F0023,old_age_pension,bn,reasoning,"আয়ের সীমা এবং পরিবারের আকারের নিয়ম অনুসারে, এই আবেদনকারী কি যোগ্য? হ্যাঁ বা না উত্তর দিন।",no
F0023-r-elig-te,F0023,old_age_pension,te,reasoning,"ఆదాయ పరిమితి మరియు కుటుంబ పరిమాణ నియమం ఆధారంగా, ఈ దరఖాస్తుదారు అర్హులా? అవును లేదా కాదు అని సమాధానం ఇవ్వండి.",no
F0023-r-elig-ta,F0023,old_age_pension,ta,reasoning,"வருமான வரம்பு மற்றும் குடும்ப அளவு விதியின் அடிப்படையில், இந்த விண்ணப்பதாரர் தகுதியானவரா? ஆம் அல்லது இல்லை என பதிலளிக்கவும்.",no
F0023-r-elig-mr,F0023,old_age_pension,mr,reasoning,"उत्पन्न मर्यादा आणि कुटुंब आकाराच्या नियमानुसार, हा अर्जदार पात्र आहे का? होय किंवा नाही उत्तर द्या.",no
F0023-r-elig-kn,F0023,old_age_pension,kn,reasoning,"ಆದಾಯ ಮಿತಿ ಮತ್ತು ಕುಟುಂಬ ಗಾತ್ರದ ನಿಯಮದ ಆಧಾರದ ಮೇಲೆ, ಈ ಅರ್ಜಿದಾರರು ಅರ್ಹರೇ? ಹೌದು ಅಥವಾ ಇಲ್ಲ ಎಂದು ಉತ್ತರಿಸಿ.",no
F0024-x-applicant_name-en,F0024,scholarship,en,extraction,Applicant Name?,Arjun Nair
F0024-x-applicant_name-hi,F0024,scholarship,hi,extraction,आवेदक का नाम?,अर्जुन नायर
F0024-x-applicant_name-bn,F0024,scholarship,bn,extraction,আবেদনকারীর নাম?,অর্জুন নায়ার
F0024-x-applicant_name-te,F0024,scholarship,te,extraction,దరఖాస్తుదారు పేరు?,అర్జున్ నాయర్
F0024-x-applicant_name-ta,F0024,scholarship,ta,extraction,விண்ணப்பதாரர் பெயர்?,அர்ஜுன் நாயர்
F0024-x-applicant_name-mr,F0024,scholarship,mr,extraction,अर्जदाराचे नाव?,अर्जुन नायर
F0024-x-applicant_name-kn,F0024,scholarship,kn,extraction,ಅರ್ಜಿದಾರರ ಹೆಸರು?,ಅರ್ಜುನ್ ನಾಯರ್
F0024-x-district-en,F0024,scholarship,en,extraction,District?,Visakhapatnam
F0024-x-district-hi,F0024,scholarship,hi,extraction,जिला?,विशाखापत्तनम
F0024-x-district-bn,F0024,scholarship,bn,extraction,জেলা?,বিশাখাপত্তনম
F0024-x-district-te,F0024,scholarship,te,extraction,జిల్లా?,విశాఖపట్నం
F0024-x-district-ta,F0024,scholarship,ta,extraction,மாவட்டம்?,விசாகப்பட்டினம்
F0024-x-district-mr,F0024,scholarship,mr,extraction,जिल्हा?,विशाखापट्टणम
F0024-x-district-kn,F0024,scholarship,kn,extraction,ಜಿಲ್ಲೆ?,ವಿಶಾಖಪಟ್ಟಣಂ
F0024-x-annual_income-en,F0024,scholarship,en,extraction,Annual Income (Rs.)?,72000
F0024-x-annual_income-hi,F0024,scholarship,hi,extraction,वार्षिक आय (रु.)?,72000
F0024-x-annual_income-bn,F0024,scholarship,bn,extraction,বার্ষিক আয় (টাকা)?,72000
F0024-x-annual_income-te,F0024,scholarship,te,extraction,వార్షిక ఆదాయం (రూ.)?,72000
F0024-x-annual_income-ta,F0024,scholarship,ta,extraction,ஆண்டு வருமானம் (ரூ.)?,72000
F0024-x-annual_income-mr,F0024,scholarship,mr,extraction,वार्षिक उत्पन्न (रु.)?,72000
F0024-x-annual_income-kn,F0024,scholarship,kn,extraction,ವಾರ್ಷಿಕ ಆದಾಯ (ರೂ.)?,72000
F0024-x-family_members-en,F0024,scholarship,en,extraction,Number of Family Members?,7
F0024-x-family_members-hi,F0024,scholarship,hi,extraction,परिवार के सदस्यों की संख्या?,7
F0024-x-family_members-bn,F0024,scholarship,bn,extraction,পরিবারের সদস্য সংখ্যা?,7
F0024-x-family_members-te,F0024,scholarship,te,extraction,కుటుంబ సభ్యుల సంఖ్య?,7
F0024-x-family_members-ta,F0024,scholarship,ta,extraction,குடும்ப உறுப்பினர்கள் எண்ணிக்கை?,7
F0024-x-family_members-mr,F0024,scholarship,mr,extraction,कुटुंब सदस्यांची संख्या?,7
F0024-x-family_members-kn,F0024,scholarship,kn,extraction,ಕುಟುಂಬ ಸದಸ್ಯರ ಸಂಖ್ಯೆ?,7
F0024-x-category-en,F0024,scholarship,en,extraction,Category?,General
F0024-x-category-hi,F0024,scholarship,hi,extraction,श्रेणी?,General
F0024-x-category-bn,F0024,scholarship,bn,extraction,শ্রেণী?,General
F0024-x-category-te,F0024,scholarship,te,extraction,వర్గం?,General
F0024-x-category-ta,F0024,scholarship,ta,extraction,பிரிவு?,General
F0024-x-category-mr,F0024,scholarship,mr,extraction,प्रवर्ग?,General
F0024-x-category-kn,F0024,scholarship,kn,extraction,ವರ್ಗ?,General
F0024-r-elig-en,F0024,scholarship,en,reasoning,"Based on the income cap and household size rule, is this applicant eligible? Answer yes or no.",yes
F0024-r-elig-hi,F0024,scholarship,hi,reasoning,"आय सीमा और परिवार के आकार के नियम के आधार पर, क्या यह आवेदक पात्र है? हाँ या नहीं में उत्तर दें।",yes
F0024-r-elig-bn,F0024,scholarship,bn,reasoning,"আয়ের সীমা এবং পরিবারের আকারের নিয়ম অনুসারে, এই আবেদনকারী কি যোগ্য? হ্যাঁ বা না উত্তর দিন।",yes
F0024-r-elig-te,F0024,scholarship,te,reasoning,"ఆదాయ పరిమితి మరియు కుటుంబ పరిమాణ నియమం ఆధారంగా, ఈ దరఖాస్తుదారు అర్హులా? అవును లేదా కాదు అని సమాధానం ఇవ్వండి.",yes
F0024-r-elig-ta,F0024,scholarship,ta,reasoning,"வருமான வரம்பு மற்றும் குடும்ப அளவு விதியின் அடிப்படையில், இந்த விண்ணப்பதாரர் தகுதியானவரா? ஆம் அல்லது இல்லை என பதிலளிக்கவும்.",yes
F0024-r-elig-mr,F0024,scholarship,mr,reasoning,"उत्पन्न मर्यादा आणि कुटुंब आकाराच्या नियमानुसार, हा अर्जदार पात्र आहे का? होय किंवा नाही उत्तर द्या.",yes
F0024-r-elig-kn,F0024,scholarship,kn,reasoning,"ಆದಾಯ ಮಿತಿ ಮತ್ತು ಕುಟುಂಬ ಗಾತ್ರದ ನಿಯಮದ ಆಧಾರದ ಮೇಲೆ, ಈ ಅರ್ಜಿದಾರರು ಅರ್ಹರೇ? ಹೌದು ಅಥವಾ ಇಲ್ಲ ಎಂದು ಉತ್ತರಿಸಿ.",yes
F0025-x-applicant_name-en,F0025,old_age_pension,en,extraction,Applicant Name?,Venkat Reddy
F0025-x-applicant_name-hi,F0025,old_age_pension,hi,extraction,आवेदक का नाम?,वेंकट रेड्डी
F0025-x-applicant_name-bn,F0025,old_age_pension,bn,extraction,আবেদনকারীর নাম?,ভেঙ্কট রেড্ডি
F0025-x-applicant_name-te,F0025,old_age_pension,te,extraction,దరఖాస్తుదారు పేరు?,వెంకట్ రెడ్డి
F0025-x-applicant_name-ta,F0025,old_age_pension,ta,extraction,விண்ணப்பதாரர் பெயர்?,வெங்கட் ரெட்டி
F0025-x-applicant_name-mr,F0025,old_age_pension,mr,extraction,अर्जदाराचे नाव?,वेंकट रेड्डी
F0025-x-applicant_name-kn,F0025,old_age_pension,kn,extraction,ಅರ್ಜಿದಾರರ ಹೆಸರು?,ವೆಂಕಟ್ ರೆಡ್ಡಿ
F0025-x-district-en,F0025,old_age_pension,en,extraction,District?,Visakhapatnam
F0025-x-district-hi,F0025,old_age_pension,hi,extraction,जिला?,विशाखापत्तनम
F0025-x-district-bn,F0025,old_age_pension,bn,extraction,জেলা?,বিশাখাপত্তনম
F0025-x-district-te,F0025,old_age_pension,te,extraction,జిల్లా?,విశాఖపట్నం
F0025-x-district-ta,F0025,old_age_pension,ta,extraction,மாவட்டம்?,விசாகப்பட்டினம்
F0025-x-district-mr,F0025,old_age_pension,mr,extraction,जिल्हा?,विशाखापट्टणम
F0025-x-district-kn,F0025,old_age_pension,kn,extraction,ಜಿಲ್ಲೆ?,ವಿಶಾಖಪಟ್ಟಣಂ
F0025-x-annual_income-en,F0025,old_age_pension,en,extraction,Annual Income (Rs.)?,232000
F0025-x-annual_income-hi,F0025,old_age_pension,hi,extraction,वार्षिक आय (रु.)?,232000
F0025-x-annual_income-bn,F0025,old_age_pension,bn,extraction,বার্ষিক আয় (টাকা)?,232000
F0025-x-annual_income-te,F0025,old_age_pension,te,extraction,వార్షిక ఆదాయం (రూ.)?,232000
F0025-x-annual_income-ta,F0025,old_age_pension,ta,extraction,ஆண்டு வருமானம் (ரூ.)?,232000
F0025-x-annual_income-mr,F0025,old_age_pension,mr,extraction,वार्षिक उत्पन्न (रु.)?,232000
F0025-x-annual_income-kn,F0025,old_age_pension,kn,extraction,ವಾರ್ಷಿಕ ಆದಾಯ (ರೂ.)?,232000
F0025-x-family_members-en,F0025,old_age_pension,en,extraction,Number of Family Members?,7
F0025-x-family_members-hi,F0025,old_age_pension,hi,extraction,परिवार के सदस्यों की संख्या?,7
F0025-x-family_members-bn,F0025,old_age_pension,bn,extraction,পরিবারের সদস্য সংখ্যা?,7
F0025-x-family_members-te,F0025,old_age_pension,te,extraction,కుటుంబ సభ్యుల సంఖ్య?,7
F0025-x-family_members-ta,F0025,old_age_pension,ta,extraction,குடும்ப உறுப்பினர்கள் எண்ணிக்கை?,7
F0025-x-family_members-mr,F0025,old_age_pension,mr,extraction,कुटुंब सदस्यांची संख्या?,7
F0025-x-family_members-kn,F0025,old_age_pension,kn,extraction,ಕುಟುಂಬ ಸದಸ್ಯರ ಸಂಖ್ಯೆ?,7
F0025-x-category-en,F0025,old_age_pension,en,extraction,Category?,General
F0025-x-category-hi,F0025,old_age_pension,hi,extraction,श्रेणी?,General
F0025-x-category-bn,F0025,old_age_pension,bn,extraction,শ্রেণী?,General
F0025-x-category-te,F0025,old_age_pension,te,extraction,వర్గం?,General
F0025-x-category-ta,F0025,old_age_pension,ta,extraction,பிரிவு?,General
F0025-x-category-mr,F0025,old_age_pension,mr,extraction,प्रवर्ग?,General
F0025-x-category-kn,F0025,old_age_pension,kn,extraction,ವರ್ಗ?,General
F0025-r-elig-en,F0025,old_age_pension,en,reasoning,"Based on the income cap and household size rule, is this applicant eligible? Answer yes or no.",no
F0025-r-elig-hi,F0025,old_age_pension,hi,reasoning,"आय सीमा और परिवार के आकार के नियम के आधार पर, क्या यह आवेदक पात्र है? हाँ या नहीं में उत्तर दें।",no
F0025-r-elig-bn,F0025,old_age_pension,bn,reasoning,"আয়ের সীমা এবং পরিবারের আকারের নিয়ম অনুসারে, এই আবেদনকারী কি যোগ্য? হ্যাঁ বা না উত্তর দিন।",no
F0025-r-elig-te,F0025,old_age_pension,te,reasoning,"ఆదాయ పరిమితి మరియు కుటుంబ పరిమాణ నియమం ఆధారంగా, ఈ దరఖాస్తుదారు అర్హులా? అవును లేదా కాదు అని సమాధానం ఇవ్వండి.",no
F0025-r-elig-ta,F0025,old_age_pension,ta,reasoning,"வருமான வரம்பு மற்றும் குடும்ப அளவு விதியின் அடிப்படையில், இந்த விண்ணப்பதாரர் தகுதியானவரா? ஆம் அல்லது இல்லை என பதிலளிக்கவும்.",no
F0025-r-elig-mr,F0025,old_age_pension,mr,reasoning,"उत्पन्न मर्यादा आणि कुटुंब आकाराच्या नियमानुसार, हा अर्जदार पात्र आहे का? होय किंवा नाही उत्तर द्या.",no
F0025-r-elig-kn,F0025,old_age_pension,kn,reasoning,"ಆದಾಯ ಮಿತಿ ಮತ್ತು ಕುಟುಂಬ ಗಾತ್ರದ ನಿಯಮದ ಆಧಾರದ ಮೇಲೆ, ಈ ಅರ್ಜಿದಾರರು ಅರ್ಹರೇ? ಹೌದು ಅಥವಾ ಇಲ್ಲ ಎಂದು ಉತ್ತರಿಸಿ.",no
F0026-x-applicant_name-en,F0026,old_age_pension,en,extraction,Applicant Name?,Venkat Reddy
F0026-x-applicant_name-hi,F0026,old_age_pension,hi,extraction,आवेदक का नाम?,वेंकट रेड्डी
F0026-x-applicant_name-bn,F0026,old_age_pension,bn,extraction,আবেদনকারীর নাম?,ভেঙ্কট রেড্ডি
F0026-x-applicant_name-te,F0026,old_age_pension,te,extraction,దరఖాస్తుదారు పేరు?,వెంకట్ రెడ్డి
F0026-x-applicant_name-ta,F0026,old_age_pension,ta,extraction,விண்ணப்பதாரர் பெயர்?,வெங்கட் ரெட்டி
F0026-x-applicant_name-mr,F0026,old_age_pension,mr,extraction,अर्जदाराचे नाव?,वेंकट रेड्डी
F0026-x-applicant_name-kn,F0026,old_age_pension,kn,extraction,ಅರ್ಜಿದಾರರ ಹೆಸರು?,ವೆಂಕಟ್ ರೆಡ್ಡಿ
F0026-x-district-en,F0026,old_age_pension,en,extraction,District?,Guntur
F0026-x-district-hi,F0026,old_age_pension,hi,extraction,जिला?,गुंटूर
F0026-x-district-bn,F0026,old_age_pension,bn,extraction,জেলা?,গুন্টুর
F0026-x-district-te,F0026,old_age_pension,te,extraction,జిల్లా?,గుంటూరు
F0026-x-district-ta,F0026,old_age_pension,ta,extraction,மாவட்டம்?,குண்டூர்
F0026-x-district-mr,F0026,old_age_pension,mr,extraction,जिल्हा?,गुंटूर
F0026-x-district-kn,F0026,old_age_pension,kn,extraction,ಜಿಲ್ಲೆ?,ಗುಂಟೂರು
F0026-x-annual_income-en,F0026,old_age_pension,en,extraction,Annual Income (Rs.)?,96000
F0026-x-annual_income-hi,F0026,old_age_pension,hi,extraction,वार्षिक आय (रु.)?,96000
F0026-x-annual_income-bn,F0026,old_age_pension,bn,extraction,বার্ষিক আয় (টাকা)?,96000
F0026-x-annual_income-te,F0026,old_age_pension,te,extraction,వార్షిక ఆదాయం (రూ.)?,96000
F0026-x-annual_income-ta,F0026,old_age_pension,ta,extraction,ஆண்டு வருமானம் (ரூ.)?,96000
F0026-x-annual_income-mr,F0026,old_age_pension,mr,extraction,वार्षिक उत्पन्न (रु.)?,96000
F0026-x-annual_income-kn,F0026,old_age_pension,kn,extraction,ವಾರ್ಷಿಕ ಆದಾಯ (ರೂ.)?,96000
F0026-x-family_members-en,F0026,old_age_pension,en,extraction,Number of Family Members?,8
F0026-x-family_members-hi,F0026,old_age_pension,hi,extraction,परिवार के सदस्यों की संख्या?,8
F0026-x-family_members-bn,F0026,old_age_pension,bn,extraction,পরিবারের সদস্য সংখ্যা?,8
F0026-x-family_members-te,F0026,old_age_pension,te,extraction,కుటుంబ సభ్యుల సంఖ్య?,8
F0026-x-family_members-ta,F0026,old_age_pension,ta,extraction,குடும்ப உறுப்பினர்கள் எண்ணிக்கை?,8
F0026-x-family_members-mr,F0026,old_age_pension,mr,extraction,कुटुंब सदस्यांची संख्या?,8
F0026-x-family_members-kn,F0026,old_age_pension,kn,extraction,ಕುಟುಂಬ ಸದಸ್ಯರ ಸಂಖ್ಯೆ?,8
F0026-x-category-en,F0026,old_age_pension,en,extraction,Category?,EWS
F0026-x-category-hi,F0026,old_age_pension,hi,extraction,श्रेणी?,EWS
F0026-x-category-bn,F0026,old_age_pension,bn,extraction,শ্রেণী?,EWS
F0026-x-category-te,F0026,old_age_pension,te,extraction,వర్గం?,EWS
F0026-x-category-ta,F0026,old_age_pension,ta,extraction,பிரிவு?,EWS
F0026-x-category-mr,F0026,old_age_pension,mr,extraction,प्रवर्ग?,EWS
F0026-x-category-kn,F0026,old_age_pension,kn,extraction,ವರ್ಗ?,EWS
F0026-r-elig-en,F0026,old_age_pension,en,reasoning,"Based on the income cap and household size rule, is this applicant eligible? Answer yes or no.",no
F0026-r-elig-hi,F0026,old_age_pension,hi,reasoning,"आय सीमा और परिवार के आकार के नियम के आधार पर, क्या यह आवेदक पात्र है? हाँ या नहीं में उत्तर दें।",no
F0026-r-elig-bn,F0026,old_age_pension,bn,reasoning,"আয়ের সীমা এবং পরিবারের আকারের নিয়ম অনুসারে, এই আবেদনকারী কি যোগ্য? হ্যাঁ বা না উত্তর দিন।",no
F0026-r-elig-te,F0026,old_age_pension,te,reasoning,"ఆదాయ పరిమితి మరియు కుటుంబ పరిమాణ నియమం ఆధారంగా, ఈ దరఖాస్తుదారు అర్హులా? అవును లేదా కాదు అని సమాధానం ఇవ్వండి.",no
F0026-r-elig-ta,F0026,old_age_pension,ta,reasoning,"வருமான வரம்பு மற்றும் குடும்ப அளவு விதியின் அடிப்படையில், இந்த விண்ணப்பதாரர் தகுதியானவரா? ஆம் அல்லது இல்லை என பதிலளிக்கவும்.",no
F0026-r-elig-mr,F0026,old_age_pension,mr,reasoning,"उत्पन्न मर्यादा आणि कुटुंब आकाराच्या नियमानुसार, हा अर्जदार पात्र आहे का? होय किंवा नाही उत्तर द्या.",no
F0026-r-elig-kn,F0026,old_age_pension,kn,reasoning,"ಆದಾಯ ಮಿತಿ ಮತ್ತು ಕುಟುಂಬ ಗಾತ್ರದ ನಿಯಮದ ಆಧಾರದ ಮೇಲೆ, ಈ ಅರ್ಜಿದಾರರು ಅರ್ಹರೇ? ಹೌದು ಅಥವಾ ಇಲ್ಲ ಎಂದು ಉತ್ತರಿಸಿ.",no
F0027-x-applicant_name-en,F0027,scholarship,en,extraction,Applicant Name?,Anjali Patil
F0027-x-applicant_name-hi,F0027,scholarship,hi,extraction,आवेदक का नाम?,अंजली पाटील
F0027-x-applicant_name-bn,F0027,scholarship,bn,extraction,আবেদনকারীর নাম?,অঞ্জলি পাটিল
F0027-x-applicant_name-te,F0027,scholarship,te,extraction,దరఖాస్తుదారు పేరు?,అంజలి పాటిల్
F0027-x-applicant_name-ta,F0027,scholarship,ta,extraction,விண்ணப்பதாரர் பெயர்?,அஞ்சலி பாட்டீல்
F0027-x-applicant_name-mr,F0027,scholarship,mr,extraction,अर्जदाराचे नाव?,अंजली पाटील
F0027-x-applicant_name-kn,F0027,scholarship,kn,extraction,ಅರ್ಜಿದಾರರ ಹೆಸರು?,ಅಂಜಲಿ ಪಾಟೀಲ್
F0027-x-district-en,F0027,scholarship,en,extraction,District?,Nashik
F0027-x-district-hi,F0027,scholarship,hi,extraction,जिला?,नाशिक
F0027-x-district-bn,F0027,scholarship,bn,extraction,জেলা?,নাসিক
F0027-x-district-te,F0027,scholarship,te,extraction,జిల్లా?,నాసిక్
F0027-x-district-ta,F0027,scholarship,ta,extraction,மாவட்டம்?,நாசிக்
F0027-x-district-mr,F0027,scholarship,mr,extraction,जिल्हा?,नाशिक
F0027-x-district-kn,F0027,scholarship,kn,extraction,ಜಿಲ್ಲೆ?,ನಾಸಿಕ್
F0027-x-annual_income-en,F0027,scholarship,en,extraction,Annual Income (Rs.)?,48000
F0027-x-annual_income-hi,F0027,scholarship,hi,extraction,वार्षिक आय (रु.)?,48000
F0027-x-annual_income-bn,F0027,scholarship,bn,extraction,বার্ষিক আয় (টাকা)?,48000
F0027-x-annual_income-te,F0027,scholarship,te,extraction,వార్షిక ఆదాయం (రూ.)?,48000
F0027-x-annual_income-ta,F0027,scholarship,ta,extraction,ஆண்டு வருமானம் (ரூ.)?,48000
F0027-x-annual_income-mr,F0027,scholarship,mr,extraction,वार्षिक उत्पन्न (रु.)?,48000
F0027-x-annual_income-kn,F0027,scholarship,kn,extraction,ವಾರ್ಷಿಕ ಆದಾಯ (ರೂ.)?,48000
F0027-x-family_members-en,F0027,scholarship,en,extraction,Number of Family Members?,8
F0027-x-family_members-hi,F0027,scholarship,hi,extraction,परिवार के सदस्यों की संख्या?,8
F0027-x-family_members-bn,F0027,scholarship,bn,extraction,পরিবারের সদস্য সংখ্যা?,8
F0027-x-family_members-te,F0027,scholarship,te,extraction,కుటుంబ సభ్యుల సంఖ్య?,8
F0027-x-family_members-ta,F0027,scholarship,ta,extraction,குடும்ப உறுப்பினர்கள் எண்ணிக்கை?,8
F0027-x-family_members-mr,F0027,scholarship,mr,extraction,कुटुंब सदस्यांची संख्या?,8
F0027-x-family_members-kn,F0027,scholarship,kn,extraction,ಕುಟುಂಬ ಸದಸ್ಯರ ಸಂಖ್ಯೆ?,8
F0027-x-category-en,F0027,scholarship,en,extraction,Category?,General
F0027-x-category-hi,F0027,scholarship,hi,extraction,श्रेणी?,General
F0027-x-category-bn,F0027,scholarship,bn,extraction,শ্রেণী?,General
F0027-x-category-te,F0027,scholarship,te,extraction,వర్గం?,General
F0027-x-category-ta,F0027,scholarship,ta,extraction,பிரிவு?,General
F0027-x-category-mr,F0027,scholarship,mr,extraction,प्रवर्ग?,General
F0027-x-category-kn,F0027,scholarship,kn,extraction,ವರ್ಗ?,General
F0027-r-elig-en,F0027,scholarship,en,reasoning,"Based on the income cap and household size rule, is this applicant eligible? Answer yes or no.",yes
F0027-r-elig-hi,F0027,scholarship,hi,reasoning,"आय सीमा और परिवार के आकार के नियम के आधार पर, क्या यह आवेदक पात्र है? हाँ या नहीं में उत्तर दें।",yes
F0027-r-elig-bn,F0027,scholarship,bn,reasoning,"আয়ের সীমা এবং পরিবারের আকারের নিয়ম অনুসারে, এই আবেদনকারী কি যোগ্য? হ্যাঁ বা না উত্তর দিন।",yes
F0027-r-elig-te,F0027,scholarship,te,reasoning,"ఆదాయ పరిమితి మరియు కుటుంబ పరిమాణ నియమం ఆధారంగా, ఈ దరఖాస్తుదారు అర్హులా? అవును లేదా కాదు అని సమాధానం ఇవ్వండి.",yes
F0027-r-elig-ta,F0027,scholarship,ta,reasoning,"வருமான வரம்பு மற்றும் குடும்ப அளவு விதியின் அடிப்படையில், இந்த விண்ணப்பதாரர் தகுதியானவரா? ஆம் அல்லது இல்லை என பதிலளிக்கவும்.",yes
F0027-r-elig-mr,F0027,scholarship,mr,reasoning,"उत्पन्न मर्यादा आणि कुटुंब आकाराच्या नियमानुसार, हा अर्जदार पात्र आहे का? होय किंवा नाही उत्तर द्या.",yes
F0027-r-elig-kn,F0027,scholarship,kn,reasoning,"ಆದಾಯ ಮಿತಿ ಮತ್ತು ಕುಟುಂಬ ಗಾತ್ರದ ನಿಯಮದ ಆಧಾರದ ಮೇಲೆ, ಈ ಅರ್ಜಿದಾರರು ಅರ್ಹರೇ? ಹೌದು ಅಥವಾ ಇಲ್ಲ ಎಂದು ಉತ್ತರಿಸಿ.",yes
F0028-x-applicant_name-en,F0028,old_age_pension,en,extraction,Applicant Name?,Meena Kumari
F0028-x-applicant_name-hi,F0028,old_age_pension,hi,extraction,आवेदक का नाम?,मीना कुमारी
F0028-x-applicant_name-bn,F0028,old_age_pension,bn,extraction,আবেদনকারীর নাম?,মীনা কুমারী
F0028-x-applicant_name-te,F0028,old_age_pension,te,extraction,దరఖాస్తుదారు పేరు?,మీనా కుమారి
F0028-x-applicant_name-ta,F0028,old_age_pension,ta,extraction,விண்ணப்பதாரர் பெயர்?,மீனா குமாரி
F0028-x-applicant_name-mr,F0028,old_age_pension,mr,extraction,अर्जदाराचे नाव?,मीना कुमारी
F0028-x-applicant_name-kn,F0028,old_age_pension,kn,extraction,ಅರ್ಜಿದಾರರ ಹೆಸರು?,ಮೀನಾ ಕುಮಾರಿ
F0028-x-district-en,F0028,old_age_pension,en,extraction,District?,Visakhapatnam
F0028-x-district-hi,F0028,old_age_pension,hi,extraction,जिला?,विशाखापत्तनम
F0028-x-district-bn,F0028,old_age_pension,bn,extraction,জেলা?,বিশাখাপত্তনম
F0028-x-district-te,F0028,old_age_pension,te,extraction,జిల్లా?,విశాఖపట్నం
F0028-x-district-ta,F0028,old_age_pension,ta,extraction,மாவட்டம்?,விசாகப்பட்டினம்
F0028-x-district-mr,F0028,old_age_pension,mr,extraction,जिल्हा?,विशाखापट्टणम
F0028-x-district-kn,F0028,old_age_pension,kn,extraction,ಜಿಲ್ಲೆ?,ವಿಶಾಖಪಟ್ಟಣಂ
F0028-x-annual_income-en,F0028,old_age_pension,en,extraction,Annual Income (Rs.)?,145000
F0028-x-annual_income-hi,F0028,old_age_pension,hi,extraction,वार्षिक आय (रु.)?,145000
F0028-x-annual_income-bn,F0028,old_age_pension,bn,extraction,বার্ষিক আয় (টাকা)?,145000
F0028-x-annual_income-te,F0028,old_age_pension,te,extraction,వార్షిక ఆదాయం (రూ.)?,145000
F0028-x-annual_income-ta,F0028,old_age_pension,ta,extraction,ஆண்டு வருமானம் (ரூ.)?,145000
F0028-x-annual_income-mr,F0028,old_age_pension,mr,extraction,वार्षिक उत्पन्न (रु.)?,145000
F0028-x-annual_income-kn,F0028,old_age_pension,kn,extraction,ವಾರ್ಷಿಕ ಆದಾಯ (ರೂ.)?,145000
F0028-x-family_members-en,F0028,old_age_pension,en,extraction,Number of Family Members?,7
F0028-x-family_members-hi,F0028,old_age_pension,hi,extraction,परिवार के सदस्यों की संख्या?,7
F0028-x-family_members-bn,F0028,old_age_pension,bn,extraction,পরিবারের সদস্য সংখ্যা?,7
F0028-x-family_members-te,F0028,old_age_pension,te,extraction,కుటుంబ సభ్యుల సంఖ్య?,7
F0028-x-family_members-ta,F0028,old_age_pension,ta,extraction,குடும்ப உறுப்பினர்கள் எண்ணிக்கை?,7
F0028-x-family_members-mr,F0028,old_age_pension,mr,extraction,कुटुंब सदस्यांची संख्या?,7
F0028-x-family_members-kn,F0028,old_age_pension,kn,extraction,ಕುಟುಂಬ ಸದಸ್ಯರ ಸಂಖ್ಯೆ?,7
F0028-x-category-en,F0028,old_age_pension,en,extraction,Category?,ST
F0028-x-category-hi,F0028,old_age_pension,hi,extraction,श्रेणी?,ST
F0028-x-category-bn,F0028,old_age_pension,bn,extraction,শ্রেণী?,ST
F0028-x-category-te,F0028,old_age_pension,te,extraction,వర్గం?,ST
F0028-x-category-ta,F0028,old_age_pension,ta,extraction,பிரிவு?,ST
F0028-x-category-mr,F0028,old_age_pension,mr,extraction,प्रवर्ग?,ST
F0028-x-category-kn,F0028,old_age_pension,kn,extraction,ವರ್ಗ?,ST
F0028-r-elig-en,F0028,old_age_pension,en,reasoning,"Based on the income cap and household size rule, is this applicant eligible? Answer yes or no.",no
F0028-r-elig-hi,F0028,old_age_pension,hi,reasoning,"आय सीमा और परिवार के आकार के नियम के आधार पर, क्या यह आवेदक पात्र है? हाँ या नहीं में उत्तर दें।",no
F0028-r-elig-bn,F0028,old_age_pension,bn,reasoning,"আয়ের সীমা এবং পরিবারের আকারের নিয়ম অনুসারে, এই আবেদনকারী কি যোগ্য? হ্যাঁ বা না উত্তর দিন।",no
F0028-r-elig-te,F0028,old_age_pension,te,reasoning,"ఆదాయ పరిమితి మరియు కుటుంబ పరిమాణ నియమం ఆధారంగా, ఈ దరఖాస్తుదారు అర్హులా? అవును లేదా కాదు అని సమాధానం ఇవ్వండి.",no
F0028-r-elig-ta,F0028,old_age_pension,ta,reasoning,"வருமான வரம்பு மற்றும் குடும்ப அளவு விதியின் அடிப்படையில், இந்த விண்ணப்பதாரர் தகுதியானவரா? ஆம் அல்லது இல்லை என பதிலளிக்கவும்.",no
F0028-r-elig-mr,F0028,old_age_pension,mr,reasoning,"उत्पन्न मर्यादा आणि कुटुंब आकाराच्या नियमानुसार, हा अर्जदार पात्र आहे का? होय किंवा नाही उत्तर द्या.",no
F0028-r-elig-kn,F0028,old_age_pension,kn,reasoning,"ಆದಾಯ ಮಿತಿ ಮತ್ತು ಕುಟುಂಬ ಗಾತ್ರದ ನಿಯಮದ ಆಧಾರದ ಮೇಲೆ, ಈ ಅರ್ಜಿದಾರರು ಅರ್ಹರೇ? ಹೌದು ಅಥವಾ ಇಲ್ಲ ಎಂದು ಉತ್ತರಿಸಿ.",no
F0029-x-applicant_name-en,F0029,scholarship,en,extraction,Applicant Name?,Arjun Nair
F0029-x-applicant_name-hi,F0029,scholarship,hi,extraction,आवेदक का नाम?,अर्जुन नायर
F0029-x-applicant_name-bn,F0029,scholarship,bn,extraction,আবেদনকারীর নাম?,অর্জুন নায়ার
F0029-x-applicant_name-te,F0029,scholarship,te,extraction,దరఖాస్తుదారు పేరు?,అర్జున్ నాయర్
F0029-x-applicant_name-ta,F0029,scholarship,ta,extraction,விண்ணப்பதாரர் பெயர்?,அர்ஜுன் நாயர்
F0029-x-applicant_name-mr,F0029,scholarship,mr,extraction,अर्जदाराचे नाव?,अर्जुन नायर
F0029-x-applicant_name-kn,F0029,scholarship,kn,extraction,ಅರ್ಜಿದಾರರ ಹೆಸರು?,ಅರ್ಜುನ್ ನಾಯರ್
F0029-x-district-en,F0029,scholarship,en,extraction,District?,Salem
F0029-x-district-hi,F0029,scholarship,hi,extraction,जिला?,सेलम
F0029-x-district-bn,F0029,scholarship,bn,extraction,জেলা?,সালেম
F0029-x-district-te,F0029,scholarship,te,extraction,జిల్లా?,సేలం
F0029-x-district-ta,F0029,scholarship,ta,extraction,மாவட்டம்?,சேலம்
F0029-x-district-mr,F0029,scholarship,mr,extraction,जिल्हा?,सेलम
F0029-x-district-kn,F0029,scholarship,kn,extraction,ಜಿಲ್ಲೆ?,ಸೇಲಂ
F0029-x-annual_income-en,F0029,scholarship,en,extraction,Annual Income (Rs.)?,96000
F0029-x-annual_income-hi,F0029,scholarship,hi,extraction,वार्षिक आय (रु.)?,96000
F0029-x-annual_income-bn,F0029,scholarship,bn,extraction,বার্ষিক আয় (টাকা)?,96000
F0029-x-annual_income-te,F0029,scholarship,te,extraction,వార్షిక ఆదాయం (రూ.)?,96000
F0029-x-annual_income-ta,F0029,scholarship,ta,extraction,ஆண்டு வருமானம் (ரூ.)?,96000
F0029-x-annual_income-mr,F0029,scholarship,mr,extraction,वार्षिक उत्पन्न (रु.)?,96000
F0029-x-annual_income-kn,F0029,scholarship,kn,extraction,ವಾರ್ಷಿಕ ಆದಾಯ (ರೂ.)?,96000
F0029-x-family_members-en,F0029,scholarship,en,extraction,Number of Family Members?,2
F0029-x-family_members-hi,F0029,scholarship,hi,extraction,परिवार के सदस्यों की संख्या?,2
F0029-x-family_members-bn,F0029,scholarship,bn,extraction,পরিবারের সদস্য সংখ্যা?,2
F0029-x-family_members-te,F0029,scholarship,te,extraction,కుటుంబ సభ్యుల సంఖ్య?,2
F0029-x-family_members-ta,F0029,scholarship,ta,extraction,குடும்ப உறுப்பினர்கள் எண்ணிக்கை?,2
F0029-x-family_members-mr,F0029,scholarship,mr,extraction,कुटुंब सदस्यांची संख्या?,2
F0029-x-family_members-kn,F0029,scholarship,kn,extraction,ಕುಟುಂಬ ಸದಸ್ಯರ ಸಂಖ್ಯೆ?,2
F0029-x-category-en,F0029,scholarship,en,extraction,Category?,OBC
F0029-x-category-hi,F0029,scholarship,hi,extraction,श्रेणी?,OBC
F0029-x-category-bn,F0029,scholarship,bn,extraction,শ্রেণী?,OBC
F0029-x-category-te,F0029,scholarship,te,extraction,వర్గం?,OBC
F0029-x-category-ta,F0029,scholarship,ta,extraction,பிரிவு?,OBC
F0029-x-category-mr,F0029,scholarship,mr,extraction,प्रवर्ग?,OBC
F0029-x-category-kn,F0029,scholarship,kn,extraction,ವರ್ಗ?,OBC
F0029-r-elig-en,F0029,scholarship,en,reasoning,"Based on the income cap and household size rule, is this applicant eligible? Answer yes or no.",yes
F0029-r-elig-hi,F0029,scholarship,hi,reasoning,"आय सीमा और परिवार के आकार के नियम के आधार पर, क्या यह आवेदक पात्र है? हाँ या नहीं में उत्तर दें।",yes
F0029-r-elig-bn,F0029,scholarship,bn,reasoning,"আয়ের সীমা এবং পরিবারের আকারের নিয়ম অনুসারে, এই আবেদনকারী কি যোগ্য? হ্যাঁ বা না উত্তর দিন।",yes
F0029-r-elig-te,F0029,scholarship,te,reasoning,"ఆదాయ పరిమితి మరియు కుటుంబ పరిమాణ నియమం ఆధారంగా, ఈ దరఖాస్తుదారు అర్హులా? అవును లేదా కాదు అని సమాధానం ఇవ్వండి.",yes
F0029-r-elig-ta,F0029,scholarship,ta,reasoning,"வருமான வரம்பு மற்றும் குடும்ப அளவு விதியின் அடிப்படையில், இந்த விண்ணப்பதாரர் தகுதியானவரா? ஆம் அல்லது இல்லை என பதிலளிக்கவும்.",yes
F0029-r-elig-mr,F0029,scholarship,mr,reasoning,"उत्पन्न मर्यादा आणि कुटुंब आकाराच्या नियमानुसार, हा अर्जदार पात्र आहे का? होय किंवा नाही उत्तर द्या.",yes
F0029-r-elig-kn,F0029,scholarship,kn,reasoning,"ಆದಾಯ ಮಿತಿ ಮತ್ತು ಕುಟುಂಬ ಗಾತ್ರದ ನಿಯಮದ ಆಧಾರದ ಮೇಲೆ, ಈ ಅರ್ಜಿದಾರರು ಅರ್ಹರೇ? ಹೌದು ಅಥವಾ ಇಲ್ಲ ಎಂದು ಉತ್ತರಿಸಿ.",yes
F0030-x-applicant_name-en,F0030,old_age_pension,en,extraction,Applicant Name?,Venkat Reddy
F0030-x-applicant_name-hi,F0030,old_age_pension,hi,extraction,आवेदक का नाम?,वेंकट रेड्डी
F0030-x-applicant_name-bn,F0030,old_age_pension,bn,extraction,আবেদনকারীর নাম?,ভেঙ্কট রেড্ডি
F0030-x-applicant_name-te,F0030,old_age_pension,te,extraction,దరఖాస్తుదారు పేరు?,వెంకట్ రెడ్డి
F0030-x-applicant_name-ta,F0030,old_age_pension,ta,extraction,விண்ணப்பதாரர் பெயர்?,வெங்கட் ரெட்டி
F0030-x-applicant_name-mr,F0030,old_age_pension,mr,extraction,अर्जदाराचे नाव?,वेंकट रेड्डी
F0030-x-applicant_name-kn,F0030,old_age_pension,kn,extraction,ಅರ್ಜಿದಾರರ ಹೆಸರು?,ವೆಂಕಟ್ ರೆಡ್ಡಿ
F0030-x-district-en,F0030,old_age_pension,en,extraction,District?,Visakhapatnam
F0030-x-district-hi,F0030,old_age_pension,hi,extraction,जिला?,विशाखापत्तनम
F0030-x-district-bn,F0030,old_age_pension,bn,extraction,জেলা?,বিশাখাপত্তনম
F0030-x-district-te,F0030,old_age_pension,te,extraction,జిల్లా?,విశాఖపట్నం
F0030-x-district-ta,F0030,old_age_pension,ta,extraction,மாவட்டம்?,விசாகப்பட்டினம்
F0030-x-district-mr,F0030,old_age_pension,mr,extraction,जिल्हा?,विशाखापट्टणम
F0030-x-district-kn,F0030,old_age_pension,kn,extraction,ಜಿಲ್ಲೆ?,ವಿಶಾಖಪಟ್ಟಣಂ
F0030-x-annual_income-en,F0030,old_age_pension,en,extraction,Annual Income (Rs.)?,72000
F0030-x-annual_income-hi,F0030,old_age_pension,hi,extraction,वार्षिक आय (रु.)?,72000
F0030-x-annual_income-bn,F0030,old_age_pension,bn,extraction,বার্ষিক আয় (টাকা)?,72000
F0030-x-annual_income-te,F0030,old_age_pension,te,extraction,వార్షిక ఆదాయం (రూ.)?,72000
F0030-x-annual_income-ta,F0030,old_age_pension,ta,extraction,ஆண்டு வருமானம் (ரூ.)?,72000
F0030-x-annual_income-mr,F0030,old_age_pension,mr,extraction,वार्षिक उत्पन्न (रु.)?,72000
F0030-x-annual_income-kn,F0030,old_age_pension,kn,extraction,ವಾರ್ಷಿಕ ಆದಾಯ (ರೂ.)?,72000
F0030-x-family_members-en,F0030,old_age_pension,en,extraction,Number of Family Members?,2
F0030-x-family_members-hi,F0030,old_age_pension,hi,extraction,परिवार के सदस्यों की संख्या?,2
F0030-x-family_members-bn,F0030,old_age_pension,bn,extraction,পরিবারের সদস্য সংখ্যা?,2
F0030-x-family_members-te,F0030,old_age_pension,te,extraction,కుటుంబ సభ్యుల సంఖ్య?,2
F0030-x-family_members-ta,F0030,old_age_pension,ta,extraction,குடும்ப உறுப்பினர்கள் எண்ணிக்கை?,2
F0030-x-family_members-mr,F0030,old_age_pension,mr,extraction,कुटुंब सदस्यांची संख्या?,2
F0030-x-family_members-kn,F0030,old_age_pension,kn,extraction,ಕುಟುಂಬ ಸದಸ್ಯರ ಸಂಖ್ಯೆ?,2
F0030-x-category-en,F0030,old_age_pension,en,extraction,Category?,EWS
F0030-x-category-hi,F0030,old_age_pension,hi,extraction,श्रेणी?,EWS
F0030-x-category-bn,F0030,old_age_pension,bn,extraction,শ্রেণী?,EWS
F0030-x-category-te,F0030,old_age_pension,te,extraction,వర్గం?,EWS
F0030-x-category-ta,F0030,old_age_pension,ta,extraction,பிரிவு?,EWS
F0030-x-category-mr,F0030,old_age_pension,mr,extraction,प्रवर्ग?,EWS
F0030-x-category-kn,F0030,old_age_pension,kn,extraction,ವರ್ಗ?,EWS
F0030-r-elig-en,F0030,old_age_pension,en,reasoning,"Based on the income cap and household size rule, is this applicant eligible? Answer yes or no.",yes
F0030-r-elig-hi,F0030,old_age_pension,hi,reasoning,"आय सीमा और परिवार के आकार के नियम के आधार पर, क्या यह आवेदक पात्र है? हाँ या नहीं में उत्तर दें।",yes
F0030-r-elig-bn,F0030,old_age_pension,bn,reasoning,"আয়ের সীমা এবং পরিবারের আকারের নিয়ম অনুসারে, এই আবেদনকারী কি যোগ্য? হ্যাঁ বা না উত্তর দিন।",yes
F0030-r-elig-te,F0030,old_age_pension,te,reasoning,"ఆదాయ పరిమితి మరియు కుటుంబ పరిమాణ నియమం ఆధారంగా, ఈ దరఖాస్తుదారు అర్హులా? అవును లేదా కాదు అని సమాధానం ఇవ్వండి.",yes
F0030-r-elig-ta,F0030,old_age_pension,ta,reasoning,"வருமான வரம்பு மற்றும் குடும்ப அளவு விதியின் அடிப்படையில், இந்த விண்ணப்பதாரர் தகுதியானவரா? ஆம் அல்லது இல்லை என பதிலளிக்கவும்.",yes
F0030-r-elig-mr,F0030,old_age_pension,mr,reasoning,"उत्पन्न मर्यादा आणि कुटुंब आकाराच्या नियमानुसार, हा अर्जदार पात्र आहे का? होय किंवा नाही उत्तर द्या.",yes
F0030-r-elig-kn,F0030,old_age_pension,kn,reasoning,"ಆದಾಯ ಮಿತಿ ಮತ್ತು ಕುಟುಂಬ ಗಾತ್ರದ ನಿಯಮದ ಆಧಾರದ ಮೇಲೆ, ಈ ಅರ್ಜಿದಾರರು ಅರ್ಹರೇ? ಹೌದು ಅಥವಾ ಇಲ್ಲ ಎಂದು ಉತ್ತರಿಸಿ.",yes
F0031-x-applicant_name-en,F0031,ration_card,en,extraction,Applicant Name?,Arjun Nair
F0031-x-applicant_name-hi,F0031,ration_card,hi,extraction,आवेदक का नाम?,अर्जुन नायर
F0031-x-applicant_name-bn,F0031,ration_card,bn,extraction,আবেদনকারীর নাম?,অর্জুন নায়ার
F0031-x-applicant_name-te,F0031,ration_card,te,extraction,దరఖాస్తుదారు పేరు?,అర్జున్ నాయర్
F0031-x-applicant_name-ta,F0031,ration_card,ta,extraction,விண்ணப்பதாரர் பெயர்?,அர்ஜுன் நாயர்
F0031-x-applicant_name-mr,F0031,ration_card,mr,extraction,अर्जदाराचे नाव?,अर्जुन नायर
F0031-x-applicant_name-kn,F0031,ration_card,kn,extraction,ಅರ್ಜಿದಾರರ ಹೆಸರು?,ಅರ್ಜುನ್ ನಾಯರ್
F0031-x-district-en,F0031,ration_card,en,extraction,District?,Nashik
F0031-x-district-hi,F0031,ration_card,hi,extraction,जिला?,नाशिक
F0031-x-district-bn,F0031,ration_card,bn,extraction,জেলা?,নাসিক
F0031-x-district-te,F0031,ration_card,te,extraction,జిల్లా?,నాసిక్
F0031-x-district-ta,F0031,ration_card,ta,extraction,மாவட்டம்?,நாசிக்
F0031-x-district-mr,F0031,ration_card,mr,extraction,जिल्हा?,नाशिक
F0031-x-district-kn,F0031,ration_card,kn,extraction,ಜಿಲ್ಲೆ?,ನಾಸಿಕ್
F0031-x-annual_income-en,F0031,ration_card,en,extraction,Annual Income (Rs.)?,48000
F0031-x-annual_income-hi,F0031,ration_card,hi,extraction,वार्षिक आय (रु.)?,48000
F0031-x-annual_income-bn,F0031,ration_card,bn,extraction,বার্ষিক আয় (টাকা)?,48000
F0031-x-annual_income-te,F0031,ration_card,te,extraction,వార్షిక ఆదాయం (రూ.)?,48000
F0031-x-annual_income-ta,F0031,ration_card,ta,extraction,ஆண்டு வருமானம் (ரூ.)?,48000
F0031-x-annual_income-mr,F0031,ration_card,mr,extraction,वार्षिक उत्पन्न (रु.)?,48000
F0031-x-annual_income-kn,F0031,ration_card,kn,extraction,ವಾರ್ಷಿಕ ಆದಾಯ (ರೂ.)?,48000
F0031-x-family_members-en,F0031,ration_card,en,extraction,Number of Family Members?,8
F0031-x-family_members-hi,F0031,ration_card,hi,extraction,परिवार के सदस्यों की संख्या?,8
F0031-x-family_members-bn,F0031,ration_card,bn,extraction,পরিবারের সদস্য সংখ্যা?,8
F0031-x-family_members-te,F0031,ration_card,te,extraction,కుటుంబ సభ్యుల సంఖ్య?,8
F0031-x-family_members-ta,F0031,ration_card,ta,extraction,குடும்ப உறுப்பினர்கள் எண்ணிக்கை?,8
F0031-x-family_members-mr,F0031,ration_card,mr,extraction,कुटुंब सदस्यांची संख्या?,8
F0031-x-family_members-kn,F0031,ration_card,kn,extraction,ಕುಟುಂಬ ಸದಸ್ಯರ ಸಂಖ್ಯೆ?,8
F0031-x-category-en,F0031,ration_card,en,extraction,Category?,General
F0031-x-category-hi,F0031,ration_card,hi,extraction,श्रेणी?,General
F0031-x-category-bn,F0031,ration_card,bn,extraction,শ্রেণী?,General
F0031-x-category-te,F0031,ration_card,te,extraction,వర్గం?,General
F0031-x-category-ta,F0031,ration_card,ta,extraction,பிரிவு?,General
F0031-x-category-mr,F0031,ration_card,mr,extraction,प्रवर्ग?,General
F0031-x-category-kn,F0031,ration_card,kn,extraction,ವರ್ಗ?,General
F0031-r-elig-en,F0031,ration_card,en,reasoning,"Based on the income cap and household size rule, is this applicant eligible? Answer yes or no.",yes
F0031-r-elig-hi,F0031,ration_card,hi,reasoning,"आय सीमा और परिवार के आकार के नियम के आधार पर, क्या यह आवेदक पात्र है? हाँ या नहीं में उत्तर दें।",yes
F0031-r-elig-bn,F0031,ration_card,bn,reasoning,"আয়ের সীমা এবং পরিবারের আকারের নিয়ম অনুসারে, এই আবেদনকারী কি যোগ্য? হ্যাঁ বা না উত্তর দিন।",yes
F0031-r-elig-te,F0031,ration_card,te,reasoning,"ఆదాయ పరిమితి మరియు కుటుంబ పరిమాణ నియమం ఆధారంగా, ఈ దరఖాస్తుదారు అర్హులా? అవును లేదా కాదు అని సమాధానం ఇవ్వండి.",yes
F0031-r-elig-ta,F0031,ration_card,ta,reasoning,"வருமான வரம்பு மற்றும் குடும்ப அளவு விதியின் அடிப்படையில், இந்த விண்ணப்பதாரர் தகுதியானவரா? ஆம் அல்லது இல்லை என பதிலளிக்கவும்.",yes
F0031-r-elig-mr,F0031,ration_card,mr,reasoning,"उत्पन्न मर्यादा आणि कुटुंब आकाराच्या नियमानुसार, हा अर्जदार पात्र आहे का? होय किंवा नाही उत्तर द्या.",yes
F0031-r-elig-kn,F0031,ration_card,kn,reasoning,"ಆದಾಯ ಮಿತಿ ಮತ್ತು ಕುಟುಂಬ ಗಾತ್ರದ ನಿಯಮದ ಆಧಾರದ ಮೇಲೆ, ಈ ಅರ್ಜಿದಾರರು ಅರ್ಹರೇ? ಹೌದು ಅಥವಾ ಇಲ್ಲ ಎಂದು ಉತ್ತರಿಸಿ.",yes
F0032-x-applicant_name-en,F0032,ration_card,en,extraction,Applicant Name?,Venkat Reddy
F0032-x-applicant_name-hi,F0032,ration_card,hi,extraction,आवेदक का नाम?,वेंकट रेड्डी
F0032-x-applicant_name-bn,F0032,ration_card,bn,extraction,আবেদনকারীর নাম?,ভেঙ্কট রেড্ডি
F0032-x-applicant_name-te,F0032,ration_card,te,extraction,దరఖాస్తుదారు పేరు?,వెంకట్ రెడ్డి
F0032-x-applicant_name-ta,F0032,ration_card,ta,extraction,விண்ணப்பதாரர் பெயர்?,வெங்கட் ரெட்டி
F0032-x-applicant_name-mr,F0032,ration_card,mr,extraction,अर्जदाराचे नाव?,वेंकट रेड्डी
F0032-x-applicant_name-kn,F0032,ration_card,kn,extraction,ಅರ್ಜಿದಾರರ ಹೆಸರು?,ವೆಂಕಟ್ ರೆಡ್ಡಿ
F0032-x-district-en,F0032,ration_card,en,extraction,District?,Nashik
F0032-x-district-hi,F0032,ration_card,hi,extraction,जिला?,नाशिक
F0032-x-district-bn,F0032,ration_card,bn,extraction,জেলা?,নাসিক
F0032-x-district-te,F0032,ration_card,te,extraction,జిల్లా?,నాసిక్
F0032-x-district-ta,F0032,ration_card,ta,extraction,மாவட்டம்?,நாசிக்
F0032-x-district-mr,F0032,ration_card,mr,extraction,जिल्हा?,नाशिक
F0032-x-district-kn,F0032,ration_card,kn,extraction,ಜಿಲ್ಲೆ?,ನಾಸಿಕ್
F0032-x-annual_income-en,F0032,ration_card,en,extraction,Annual Income (Rs.)?,310000
F0032-x-annual_income-hi,F0032,ration_card,hi,extraction,वार्षिक आय (रु.)?,310000
F0032-x-annual_income-bn,F0032,ration_card,bn,extraction,বার্ষিক আয় (টাকা)?,310000
F0032-x-annual_income-te,F0032,ration_card,te,extraction,వార్షిక ఆదాయం (రూ.)?,310000
F0032-x-annual_income-ta,F0032,ration_card,ta,extraction,ஆண்டு வருமானம் (ரூ.)?,310000
F0032-x-annual_income-mr,F0032,ration_card,mr,extraction,वार्षिक उत्पन्न (रु.)?,310000
F0032-x-annual_income-kn,F0032,ration_card,kn,extraction,ವಾರ್ಷಿಕ ಆದಾಯ (ರೂ.)?,310000
F0032-x-family_members-en,F0032,ration_card,en,extraction,Number of Family Members?,4
F0032-x-family_members-hi,F0032,ration_card,hi,extraction,परिवार के सदस्यों की संख्या?,4
F0032-x-family_members-bn,F0032,ration_card,bn,extraction,পরিবারের সদস্য সংখ্যা?,4
F0032-x-family_members-te,F0032,ration_card,te,extraction,కుటుంబ సభ్యుల సంఖ్య?,4
F0032-x-family_members-ta,F0032,ration_card,ta,extraction,குடும்ப உறுப்பினர்கள் எண்ணிக்கை?,4
F0032-x-family_members-mr,F0032,ration_card,mr,extraction,कुटुंब सदस्यांची संख्या?,4
F0032-x-family_members-kn,F0032,ration_card,kn,extraction,ಕುಟುಂಬ ಸದಸ್ಯರ ಸಂಖ್ಯೆ?,4
F0032-x-category-en,F0032,ration_card,en,extraction,Category?,ST
F0032-x-category-hi,F0032,ration_card,hi,extraction,श्रेणी?,ST
F0032-x-category-bn,F0032,ration_card,bn,extraction,শ্রেণী?,ST
F0032-x-category-te,F0032,ration_card,te,extraction,వర్గం?,ST
F0032-x-category-ta,F0032,ration_card,ta,extraction,பிரிவு?,ST
F0032-x-category-mr,F0032,ration_card,mr,extraction,प्रवर्ग?,ST
F0032-x-category-kn,F0032,ration_card,kn,extraction,ವರ್ಗ?,ST
F0032-r-elig-en,F0032,ration_card,en,reasoning,"Based on the income cap and household size rule, is this applicant eligible? Answer yes or no.",no
F0032-r-elig-hi,F0032,ration_card,hi,reasoning,"आय सीमा और परिवार के आकार के नियम के आधार पर, क्या यह आवेदक पात्र है? हाँ या नहीं में उत्तर दें।",no
F0032-r-elig-bn,F0032,ration_card,bn,reasoning,"আয়ের সীমা এবং পরিবারের আকারের নিয়ম অনুসারে, এই আবেদনকারী কি যোগ্য? হ্যাঁ বা না উত্তর দিন।",no
F0032-r-elig-te,F0032,ration_card,te,reasoning,"ఆదాయ పరిమితి మరియు కుటుంబ పరిమాణ నియమం ఆధారంగా, ఈ దరఖాస్తుదారు అర్హులా? అవును లేదా కాదు అని సమాధానం ఇవ్వండి.",no
F0032-r-elig-ta,F0032,ration_card,ta,reasoning,"வருமான வரம்பு மற்றும் குடும்ப அளவு விதியின் அடிப்படையில், இந்த விண்ணப்பதாரர் தகுதியானவரா? ஆம் அல்லது இல்லை என பதிலளிக்கவும்.",no
F0032-r-elig-mr,F0032,ration_card,mr,reasoning,"उत्पन्न मर्यादा आणि कुटुंब आकाराच्या नियमानुसार, हा अर्जदार पात्र आहे का? होय किंवा नाही उत्तर द्या.",no
F0032-r-elig-kn,F0032,ration_card,kn,reasoning,"ಆದಾಯ ಮಿತಿ ಮತ್ತು ಕುಟುಂಬ ಗಾತ್ರದ ನಿಯಮದ ಆಧಾರದ ಮೇಲೆ, ಈ ಅರ್ಜಿದಾರರು ಅರ್ಹರೇ? ಹೌದು ಅಥವಾ ಇಲ್ಲ ಎಂದು ಉತ್ತರಿಸಿ.",no
F0033-x-applicant_name-en,F0033,scholarship,en,extraction,Applicant Name?,Arjun Nair
F0033-x-applicant_name-hi,F0033,scholarship,hi,extraction,आवेदक का नाम?,अर्जुन नायर
F0033-x-applicant_name-bn,F0033,scholarship,bn,extraction,আবেদনকারীর নাম?,অর্জুন নায়ার
F0033-x-applicant_name-te,F0033,scholarship,te,extraction,దరఖాస్తుదారు పేరు?,అర్జున్ నాయర్
F0033-x-applicant_name-ta,F0033,scholarship,ta,extraction,விண்ணப்பதாரர் பெயர்?,அர்ஜுன் நாயர்
F0033-x-applicant_name-mr,F0033,scholarship,mr,extraction,अर्जदाराचे नाव?,अर्जुन नायर
F0033-x-applicant_name-kn,F0033,scholarship,kn,extraction,ಅರ್ಜಿದಾರರ ಹೆಸರು?,ಅರ್ಜುನ್ ನಾಯರ್
F0033-x-district-en,F0033,scholarship,en,extraction,District?,Salem
F0033-x-district-hi,F0033,scholarship,hi,extraction,जिला?,सेलम
F0033-x-district-bn,F0033,scholarship,bn,extraction,জেলা?,সালেম
F0033-x-district-te,F0033,scholarship,te,extraction,జిల్లా?,సేలం
F0033-x-district-ta,F0033,scholarship,ta,extraction,மாவட்டம்?,சேலம்
F0033-x-district-mr,F0033,scholarship,mr,extraction,जिल्हा?,सेलम
F0033-x-district-kn,F0033,scholarship,kn,extraction,ಜಿಲ್ಲೆ?,ಸೇಲಂ
F0033-x-annual_income-en,F0033,scholarship,en,extraction,Annual Income (Rs.)?,145000
F0033-x-annual_income-hi,F0033,scholarship,hi,extraction,वार्षिक आय (रु.)?,145000
F0033-x-annual_income-bn,F0033,scholarship,bn,extraction,বার্ষিক আয় (টাকা)?,145000
F0033-x-annual_income-te,F0033,scholarship,te,extraction,వార్షిక ఆదాయం (రూ.)?,145000
F0033-x-annual_income-ta,F0033,scholarship,ta,extraction,ஆண்டு வருமானம் (ரூ.)?,145000
F0033-x-annual_income-mr,F0033,scholarship,mr,extraction,वार्षिक उत्पन्न (रु.)?,145000
F0033-x-annual_income-kn,F0033,scholarship,kn,extraction,ವಾರ್ಷಿಕ ಆದಾಯ (ರೂ.)?,145000
F0033-x-family_members-en,F0033,scholarship,en,extraction,Number of Family Members?,2
F0033-x-family_members-hi,F0033,scholarship,hi,extraction,परिवार के सदस्यों की संख्या?,2
F0033-x-family_members-bn,F0033,scholarship,bn,extraction,পরিবারের সদস্য সংখ্যা?,2
F0033-x-family_members-te,F0033,scholarship,te,extraction,కుటుంబ సభ్యుల సంఖ్య?,2
F0033-x-family_members-ta,F0033,scholarship,ta,extraction,குடும்ப உறுப்பினர்கள் எண்ணிக்கை?,2
F0033-x-family_members-mr,F0033,scholarship,mr,extraction,कुटुंब सदस्यांची संख्या?,2
F0033-x-family_members-kn,F0033,scholarship,kn,extraction,ಕುಟುಂಬ ಸದಸ್ಯರ ಸಂಖ್ಯೆ?,2
F0033-x-category-en,F0033,scholarship,en,extraction,Category?,General
F0033-x-category-hi,F0033,scholarship,hi,extraction,श्रेणी?,General
F0033-x-category-bn,F0033,scholarship,bn,extraction,শ্রেণী?,General
F0033-x-category-te,F0033,scholarship,te,extraction,వర్గం?,General
F0033-x-category-ta,F0033,scholarship,ta,extraction,பிரிவு?,General
F0033-x-category-mr,F0033,scholarship,mr,extraction,प्रवर्ग?,General
F0033-x-category-kn,F0033,scholarship,kn,extraction,ವರ್ಗ?,General
F0033-r-elig-en,F0033,scholarship,en,reasoning,"Based on the income cap and household size rule, is this applicant eligible? Answer yes or no.",yes
F0033-r-elig-hi,F0033,scholarship,hi,reasoning,"आय सीमा और परिवार के आकार के नियम के आधार पर, क्या यह आवेदक पात्र है? हाँ या नहीं में उत्तर दें।",yes
F0033-r-elig-bn,F0033,scholarship,bn,reasoning,"আয়ের সীমা এবং পরিবারের আকারের নিয়ম অনুসারে, এই আবেদনকারী কি যোগ্য? হ্যাঁ বা না উত্তর দিন।",yes
F0033-r-elig-te,F0033,scholarship,te,reasoning,"ఆదాయ పరిమితి మరియు కుటుంబ పరిమాణ నియమం ఆధారంగా, ఈ దరఖాస్తుదారు అర్హులా? అవును లేదా కాదు అని సమాధానం ఇవ్వండి.",yes
F0033-r-elig-ta,F0033,scholarship,ta,reasoning,"வருமான வரம்பு மற்றும் குடும்ப அளவு விதியின் அடிப்படையில், இந்த விண்ணப்பதாரர் தகுதியானவரா? ஆம் அல்லது இல்லை என பதிலளிக்கவும்.",yes
F0033-r-elig-mr,F0033,scholarship,mr,reasoning,"उत्पन्न मर्यादा आणि कुटुंब आकाराच्या नियमानुसार, हा अर्जदार पात्र आहे का? होय किंवा नाही उत्तर द्या.",yes
F0033-r-elig-kn,F0033,scholarship,kn,reasoning,"ಆದಾಯ ಮಿತಿ ಮತ್ತು ಕುಟುಂಬ ಗಾತ್ರದ ನಿಯಮದ ಆಧಾರದ ಮೇಲೆ, ಈ ಅರ್ಜಿದಾರರು ಅರ್ಹರೇ? ಹೌದು ಅಥವಾ ಇಲ್ಲ ಎಂದು ಉತ್ತರಿಸಿ.",yes
F0034-x-applicant_name-en,F0034,old_age_pension,en,extraction,Applicant Name?,Arjun Nair
F0034-x-applicant_name-hi,F0034,old_age_pension,hi,extraction,आवेदक का नाम?,अर्जुन नायर
F0034-x-applicant_name-bn,F0034,old_age_pension,bn,extraction,আবেদনকারীর নাম?,অর্জুন নায়ার
F0034-x-applicant_name-te,F0034,old_age_pension,te,extraction,దరఖాస్తుదారు పేరు?,అర్జున్ నాయర్
F0034-x-applicant_name-ta,F0034,old_age_pension,ta,extraction,விண்ணப்பதாரர் பெயர்?,அர்ஜுன் நாயர்
F0034-x-applicant_name-mr,F0034,old_age_pension,mr,extraction,अर्जदाराचे नाव?,अर्जुन नायर
F0034-x-applicant_name-kn,F0034,old_age_pension,kn,extraction,ಅರ್ಜಿದಾರರ ಹೆಸರು?,ಅರ್ಜುನ್ ನಾಯರ್
F0034-x-district-en,F0034,old_age_pension,en,extraction,District?,Nashik
F0034-x-district-hi,F0034,old_age_pension,hi,extraction,जिला?,नाशिक
F0034-x-district-bn,F0034,old_age_pension,bn,extraction,জেলা?,নাসিক
F0034-x-district-te,F0034,old_age_pension,te,extraction,జిల్లా?,నాసిక్
F0034-x-district-ta,F0034,old_age_pension,ta,extraction,மாவட்டம்?,நாசிக்
F0034-x-district-mr,F0034,old_age_pension,mr,extraction,जिल्हा?,नाशिक
F0034-x-district-kn,F0034,old_age_pension,kn,extraction,ಜಿಲ್ಲೆ?,ನಾಸಿಕ್
F0034-x-annual_income-en,F0034,old_age_pension,en,extraction,Annual Income (Rs.)?,96000
F0034-x-annual_income-hi,F0034,old_age_pension,hi,extraction,वार्षिक आय (रु.)?,96000
F0034-x-annual_income-bn,F0034,old_age_pension,bn,extraction,বার্ষিক আয় (টাকা)?,96000
F0034-x-annual_income-te,F0034,old_age_pension,te,extraction,వార్షిక ఆదాయం (రూ.)?,96000
F0034-x-annual_income-ta,F0034,old_age_pension,ta,extraction,ஆண்டு வருமானம் (ரூ.)?,96000
F0034-x-annual_income-mr,F0034,old_age_pension,mr,extraction,वार्षिक उत्पन्न (रु.)?,96000
F0034-x-annual_income-kn,F0034,old_age_pension,kn,extraction,ವಾರ್ಷಿಕ ಆದಾಯ (ರೂ.)?,96000
F0034-x-family_members-en,F0034,old_age_pension,en,extraction,Number of Family Members?,7
F0034-x-family_members-hi,F0034,old_age_pension,hi,extraction,परिवार के सदस्यों की संख्या?,7
F0034-x-family_members-bn,F0034,old_age_pension,bn,extraction,পরিবারের সদস্য সংখ্যা?,7
F0034-x-family_members-te,F0034,old_age_pension,te,extraction,కుటుంబ సభ్యుల సంఖ్య?,7
F0034-x-family_members-ta,F0034,old_age_pension,ta,extraction,குடும்ப உறுப்பினர்கள் எண்ணிக்கை?,7
F0034-x-family_members-mr,F0034,old_age_pension,mr,extraction,कुटुंब सदस्यांची संख्या?,7
F0034-x-family_members-kn,F0034,old_age_pension,kn,extraction,ಕುಟುಂಬ ಸದಸ್ಯರ ಸಂಖ್ಯೆ?,7
F0034-x-category-en,F0034,old_age_pension,en,extraction,Category?,OBC
F0034-x-category-hi,F0034,old_age_pension,hi,extraction,श्रेणी?,OBC
F0034-x-category-bn,F0034,old_age_pension,bn,extraction,শ্রেণী?,OBC
F0034-x-category-te,F0034,old_age_pension,te,extraction,వర్గం?,OBC
F0034-x-category-ta,F0034,old_age_pension,ta,extraction,பிரிவு?,OBC
F0034-x-category-mr,F0034,old_age_pension,mr,extraction,प्रवर्ग?,OBC
F0034-x-category-kn,F0034,old_age_pension,kn,extraction,ವರ್ಗ?,OBC
F0034-r-elig-en,F0034,old_age_pension,en,reasoning,"Based on the income cap and household size rule, is this applicant eligible? Answer yes or no.",no
F0034-r-elig-hi,F0034,old_age_pension,hi,reasoning,"आय सीमा और परिवार के आकार के नियम के आधार पर, क्या यह आवेदक पात्र है? हाँ या नहीं में उत्तर दें।",no
F0034-r-elig-bn,F0034,old_age_pension,bn,reasoning,"আয়ের সীমা এবং পরিবারের আকারের নিয়ম অনুসারে, এই আবেদনকারী কি যোগ্য? হ্যাঁ বা না উত্তর দিন।",no
F0034-r-elig-te,F0034,old_age_pension,te,reasoning,"ఆదాయ పరిమితి మరియు కుటుంబ పరిమాణ నియమం ఆధారంగా, ఈ దరఖాస్తుదారు అర్హులా? అవును లేదా కాదు అని సమాధానం ఇవ్వండి.",no
F0034-r-elig-ta,F0034,old_age_pension,ta,reasoning,"வருமான வரம்பு மற்றும் குடும்ப அளவு விதியின் அடிப்படையில், இந்த விண்ணப்பதாரர் தகுதியானவரா? ஆம் அல்லது இல்லை என பதிலளிக்கவும்.",no
F0034-r-elig-mr,F0034,old_age_pension,mr,reasoning,"उत्पन्न मर्यादा आणि कुटुंब आकाराच्या नियमानुसार, हा अर्जदार पात्र आहे का? होय किंवा नाही उत्तर द्या.",no
F0034-r-elig-kn,F0034,old_age_pension,kn,reasoning,"ಆದಾಯ ಮಿತಿ ಮತ್ತು ಕುಟುಂಬ ಗಾತ್ರದ ನಿಯಮದ ಆಧಾರದ ಮೇಲೆ, ಈ ಅರ್ಜಿದಾರರು ಅರ್ಹರೇ? ಹೌದು ಅಥವಾ ಇಲ್ಲ ಎಂದು ಉತ್ತರಿಸಿ.",no
F0035-x-applicant_name-en,F0035,ration_card,en,extraction,Applicant Name?,Ramesh Kumar
F0035-x-applicant_name-hi,F0035,ration_card,hi,extraction,आवेदक का नाम?,रमेश कुमार
F0035-x-applicant_name-bn,F0035,ration_card,bn,extraction,আবেদনকারীর নাম?,রমেশ কুমার
F0035-x-applicant_name-te,F0035,ration_card,te,extraction,దరఖాస్తుదారు పేరు?,రమేష్ కుమార్
F0035-x-applicant_name-ta,F0035,ration_card,ta,extraction,விண்ணப்பதாரர் பெயர்?,ரமேஷ் குமார்
F0035-x-applicant_name-mr,F0035,ration_card,mr,extraction,अर्जदाराचे नाव?,रमेश कुमार
F0035-x-applicant_name-kn,F0035,ration_card,kn,extraction,ಅರ್ಜಿದಾರರ ಹೆಸರು?,ರಮೇಶ್ ಕುಮಾರ್
F0035-x-district-en,F0035,ration_card,en,extraction,District?,Visakhapatnam
F0035-x-district-hi,F0035,ration_card,hi,extraction,जिला?,विशाखापत्तनम
F0035-x-district-bn,F0035,ration_card,bn,extraction,জেলা?,বিশাখাপত্তনম
F0035-x-district-te,F0035,ration_card,te,extraction,జిల్లా?,విశాఖపట్నం
F0035-x-district-ta,F0035,ration_card,ta,extraction,மாவட்டம்?,விசாகப்பட்டினம்
F0035-x-district-mr,F0035,ration_card,mr,extraction,जिल्हा?,विशाखापट्टणम
F0035-x-district-kn,F0035,ration_card,kn,extraction,ಜಿಲ್ಲೆ?,ವಿಶಾಖಪಟ್ಟಣಂ
F0035-x-annual_income-en,F0035,ration_card,en,extraction,Annual Income (Rs.)?,118000
F0035-x-annual_income-hi,F0035,ration_card,hi,extraction,वार्षिक आय (रु.)?,118000
F0035-x-annual_income-bn,F0035,ration_card,bn,extraction,বার্ষিক আয় (টাকা)?,118000
F0035-x-annual_income-te,F0035,ration_card,te,extraction,వార్షిక ఆదాయం (రూ.)?,118000
F0035-x-annual_income-ta,F0035,ration_card,ta,extraction,ஆண்டு வருமானம் (ரூ.)?,118000
F0035-x-annual_income-mr,F0035,ration_card,mr,extraction,वार्षिक उत्पन्न (रु.)?,118000
F0035-x-annual_income-kn,F0035,ration_card,kn,extraction,ವಾರ್ಷಿಕ ಆದಾಯ (ರೂ.)?,118000
F0035-x-family_members-en,F0035,ration_card,en,extraction,Number of Family Members?,5
F0035-x-family_members-hi,F0035,ration_card,hi,extraction,परिवार के सदस्यों की संख्या?,5
F0035-x-family_members-bn,F0035,ration_card,bn,extraction,পরিবারের সদস্য সংখ্যা?,5
F0035-x-family_members-te,F0035,ration_card,te,extraction,కుటుంబ సభ్యుల సంఖ్య?,5
F0035-x-family_members-ta,F0035,ration_card,ta,extraction,குடும்ப உறுப்பினர்கள் எண்ணிக்கை?,5
F0035-x-family_members-mr,F0035,ration_card,mr,extraction,कुटुंब सदस्यांची संख्या?,5
F0035-x-family_members-kn,F0035,ration_card,kn,extraction,ಕುಟುಂಬ ಸದಸ್ಯರ ಸಂಖ್ಯೆ?,5
F0035-x-category-en,F0035,ration_card,en,extraction,Category?,ST
F0035-x-category-hi,F0035,ration_card,hi,extraction,श्रेणी?,ST
F0035-x-category-bn,F0035,ration_card,bn,extraction,শ্রেণী?,ST
F0035-x-category-te,F0035,ration_card,te,extraction,వర్గం?,ST
F0035-x-category-ta,F0035,ration_card,ta,extraction,பிரிவு?,ST
F0035-x-category-mr,F0035,ration_card,mr,extraction,प्रवर्ग?,ST
F0035-x-category-kn,F0035,ration_card,kn,extraction,ವರ್ಗ?,ST
F0035-r-elig-en,F0035,ration_card,en,reasoning,"Based on the income cap and household size rule, is this applicant eligible? Answer yes or no.",yes
F0035-r-elig-hi,F0035,ration_card,hi,reasoning,"आय सीमा और परिवार के आकार के नियम के आधार पर, क्या यह आवेदक पात्र है? हाँ या नहीं में उत्तर दें।",yes
F0035-r-elig-bn,F0035,ration_card,bn,reasoning,"আয়ের সীমা এবং পরিবারের আকারের নিয়ম অনুসারে, এই আবেদনকারী কি যোগ্য? হ্যাঁ বা না উত্তর দিন।",yes
F0035-r-elig-te,F0035,ration_card,te,reasoning,"ఆదాయ పరిమితి మరియు కుటుంబ పరిమాణ నియమం ఆధారంగా, ఈ దరఖాస్తుదారు అర్హులా? అవును లేదా కాదు అని సమాధానం ఇవ్వండి.",yes
F0035-r-elig-ta,F0035,ration_card,ta,reasoning,"வருமான வரம்பு மற்றும் குடும்ப அளவு விதியின் அடிப்படையில், இந்த விண்ணப்பதாரர் தகுதியானவரா? ஆம் அல்லது இல்லை என பதிலளிக்கவும்.",yes
F0035-r-elig-mr,F0035,ration_card,mr,reasoning,"उत्पन्न मर्यादा आणि कुटुंब आकाराच्या नियमानुसार, हा अर्जदार पात्र आहे का? होय किंवा नाही उत्तर द्या.",yes
F0035-r-elig-kn,F0035,ration_card,kn,reasoning,"ಆದಾಯ ಮಿತಿ ಮತ್ತು ಕುಟುಂಬ ಗಾತ್ರದ ನಿಯಮದ ಆಧಾರದ ಮೇಲೆ, ಈ ಅರ್ಜಿದಾರರು ಅರ್ಹರೇ? ಹೌದು ಅಥವಾ ಇಲ್ಲ ಎಂದು ಉತ್ತರಿಸಿ.",yes
F0036-x-applicant_name-en,F0036,scholarship,en,extraction,Applicant Name?,Suresh Rao
F0036-x-applicant_name-hi,F0036,scholarship,hi,extraction,आवेदक का नाम?,सुरेश राव
F0036-x-applicant_name-bn,F0036,scholarship,bn,extraction,আবেদনকারীর নাম?,সুরেশ রাও
F0036-x-applicant_name-te,F0036,scholarship,te,extraction,దరఖాస్తుదారు పేరు?,సురేష్ రావు
F0036-x-applicant_name-ta,F0036,scholarship,ta,extraction,விண்ணப்பதாரர் பெயர்?,சுரேஷ் ராவ்
F0036-x-applicant_name-mr,F0036,scholarship,mr,extraction,अर्जदाराचे नाव?,सुरेश राव
F0036-x-applicant_name-kn,F0036,scholarship,kn,extraction,ಅರ್ಜಿದಾರರ ಹೆಸರು?,ಸುರೇಶ್ ರಾವ್
F0036-x-district-en,F0036,scholarship,en,extraction,District?,Salem
F0036-x-district-hi,F0036,scholarship,hi,extraction,जिला?,सेलम
F0036-x-district-bn,F0036,scholarship,bn,extraction,জেলা?,সালেম
F0036-x-district-te,F0036,scholarship,te,extraction,జిల్లా?,సేలం
F0036-x-district-ta,F0036,scholarship,ta,extraction,மாவட்டம்?,சேலம்
F0036-x-district-mr,F0036,scholarship,mr,extraction,जिल्हा?,सेलम
F0036-x-district-kn,F0036,scholarship,kn,extraction,ಜಿಲ್ಲೆ?,ಸೇಲಂ
F0036-x-annual_income-en,F0036,scholarship,en,extraction,Annual Income (Rs.)?,232000
F0036-x-annual_income-hi,F0036,scholarship,hi,extraction,वार्षिक आय (रु.)?,232000
F0036-x-annual_income-bn,F0036,scholarship,bn,extraction,বার্ষিক আয় (টাকা)?,232000
F0036-x-annual_income-te,F0036,scholarship,te,extraction,వార్షిక ఆదాయం (రూ.)?,232000
F0036-x-annual_income-ta,F0036,scholarship,ta,extraction,ஆண்டு வருமானம் (ரூ.)?,232000
F0036-x-annual_income-mr,F0036,scholarship,mr,extraction,वार्षिक उत्पन्न (रु.)?,232000
F0036-x-annual_income-kn,F0036,scholarship,kn,extraction,ವಾರ್ಷಿಕ ಆದಾಯ (ರೂ.)?,232000
F0036-x-family_members-en,F0036,scholarship,en,extraction,Number of Family Members?,4
F0036-x-family_members-hi,F0036,scholarship,hi,extraction,परिवार के सदस्यों की संख्या?,4
F0036-x-family_members-bn,F0036,scholarship,bn,extraction,পরিবারের সদস্য সংখ্যা?,4
F0036-x-family_members-te,F0036,scholarship,te,extraction,కుటుంబ సభ్యుల సంఖ్య?,4
F0036-x-family_members-ta,F0036,scholarship,ta,extraction,குடும்ப உறுப்பினர்கள் எண்ணிக்கை?,4
F0036-x-family_members-mr,F0036,scholarship,mr,extraction,कुटुंब सदस्यांची संख्या?,4
F0036-x-family_members-kn,F0036,scholarship,kn,extraction,ಕುಟುಂಬ ಸದಸ್ಯರ ಸಂಖ್ಯೆ?,4
F0036-x-category-en,F0036,scholarship,en,extraction,Category?,ST
F0036-x-category-hi,F0036,scholarship,hi,extraction,श्रेणी?,ST
F0036-x-category-bn,F0036,scholarship,bn,extraction,শ্রেণী?,ST
F0036-x-category-te,F0036,scholarship,te,extraction,వర్గం?,ST
F0036-x-category-ta,F0036,scholarship,ta,extraction,பிரிவு?,ST
F0036-x-category-mr,F0036,scholarship,mr,extraction,प्रवर्ग?,ST
F0036-x-category-kn,F0036,scholarship,kn,extraction,ವರ್ಗ?,ST
F0036-r-elig-en,F0036,scholarship,en,reasoning,"Based on the income cap and household size rule, is this applicant eligible? Answer yes or no.",yes
F0036-r-elig-hi,F0036,scholarship,hi,reasoning,"आय सीमा और परिवार के आकार के नियम के आधार पर, क्या यह आवेदक पात्र है? हाँ या नहीं में उत्तर दें।",yes
F0036-r-elig-bn,F0036,scholarship,bn,reasoning,"আয়ের সীমা এবং পরিবারের আকারের নিয়ম অনুসারে, এই আবেদনকারী কি যোগ্য? হ্যাঁ বা না উত্তর দিন।",yes
F0036-r-elig-te,F0036,scholarship,te,reasoning,"ఆదాయ పరిమితి మరియు కుటుంబ పరిమాణ నియమం ఆధారంగా, ఈ దరఖాస్తుదారు అర్హులా? అవును లేదా కాదు అని సమాధానం ఇవ్వండి.",yes
F0036-r-elig-ta,F0036,scholarship,ta,reasoning,"வருமான வரம்பு மற்றும் குடும்ப அளவு விதியின் அடிப்படையில், இந்த விண்ணப்பதாரர் தகுதியானவரா? ஆம் அல்லது இல்லை என பதிலளிக்கவும்.",yes
F0036-r-elig-mr,F0036,scholarship,mr,reasoning,"उत्पन्न मर्यादा आणि कुटुंब आकाराच्या नियमानुसार, हा अर्जदार पात्र आहे का? होय किंवा नाही उत्तर द्या.",yes
F0036-r-elig-kn,F0036,scholarship,kn,reasoning,"ಆದಾಯ ಮಿತಿ ಮತ್ತು ಕುಟುಂಬ ಗಾತ್ರದ ನಿಯಮದ ಆಧಾರದ ಮೇಲೆ, ಈ ಅರ್ಜಿದಾರರು ಅರ್ಹರೇ? ಹೌದು ಅಥವಾ ಇಲ್ಲ ಎಂದು ಉತ್ತರಿಸಿ.",yes
F0037-x-applicant_name-en,F0037,old_age_pension,en,extraction,Applicant Name?,Meena Kumari
F0037-x-applicant_name-hi,F0037,old_age_pension,hi,extraction,आवेदक का नाम?,मीना कुमारी
F0037-x-applicant_name-bn,F0037,old_age_pension,bn,extraction,আবেদনকারীর নাম?,মীনা কুমারী
F0037-x-applicant_name-te,F0037,old_age_pension,te,extraction,దరఖాస్తుదారు పేరు?,మీనా కుమారి
F0037-x-applicant_name-ta,F0037,old_age_pension,ta,extraction,விண்ணப்பதாரர் பெயர்?,மீனா குமாரி
F0037-x-applicant_name-mr,F0037,old_age_pension,mr,extraction,अर्जदाराचे नाव?,मीना कुमारी
F0037-x-applicant_name-kn,F0037,old_age_pension,kn,extraction,ಅರ್ಜಿದಾರರ ಹೆಸರು?,ಮೀನಾ ಕುಮಾರಿ
F0037-x-district-en,F0037,old_age_pension,en,extraction,District?,Nashik
F0037-x-district-hi,F0037,old_age_pension,hi,extraction,जिला?,नाशिक
F0037-x-district-bn,F0037,old_age_pension,bn,extraction,জেলা?,নাসিক
F0037-x-district-te,F0037,old_age_pension,te,extraction,జిల్లా?,నాసిక్
F0037-x-district-ta,F0037,old_age_pension,ta,extraction,மாவட்டம்?,நாசிக்
F0037-x-district-mr,F0037,old_age_pension,mr,extraction,जिल्हा?,नाशिक
F0037-x-district-kn,F0037,old_age_pension,kn,extraction,ಜಿಲ್ಲೆ?,ನಾಸಿಕ್
F0037-x-annual_income-en,F0037,old_age_pension,en,extraction,Annual Income (Rs.)?,48000
F0037-x-annual_income-hi,F0037,old_age_pension,hi,extraction,वार्षिक आय (रु.)?,48000
F0037-x-annual_income-bn,F0037,old_age_pension,bn,extraction,বার্ষিক আয় (টাকা)?,48000
F0037-x-annual_income-te,F0037,old_age_pension,te,extraction,వార్షిక ఆదాయం (రూ.)?,48000
F0037-x-annual_income-ta,F0037,old_age_pension,ta,extraction,ஆண்டு வருமானம் (ரூ.)?,48000
F0037-x-annual_income-mr,F0037,old_age_pension,mr,extraction,वार्षिक उत्पन्न (रु.)?,48000
F0037-x-annual_income-kn,F0037,old_age_pension,kn,extraction,ವಾರ್ಷಿಕ ಆದಾಯ (ರೂ.)?,48000
F0037-x-family_members-en,F0037,old_age_pension,en,extraction,Number of Family Members?,5
F0037-x-family_members-hi,F0037,old_age_pension,hi,extraction,परिवार के सदस्यों की संख्या?,5
F0037-x-family_members-bn,F0037,old_age_pension,bn,extraction,পরিবারের সদস্য সংখ্যা?,5
F0037-x-family_members-te,F0037,old_age_pension,te,extraction,కుటుంబ సభ్యుల సంఖ్య?,5
F0037-x-family_members-ta,F0037,old_age_pension,ta,extraction,குடும்ப உறுப்பினர்கள் எண்ணிக்கை?,5
F0037-x-family_members-mr,F0037,old_age_pension,mr,extraction,कुटुंब सदस्यांची संख्या?,5
F0037-x-family_members-kn,F0037,old_age_pension,kn,extraction,ಕುಟುಂಬ ಸದಸ್ಯರ ಸಂಖ್ಯೆ?,5
F0037-x-category-en,F0037,old_age_pension,en,extraction,Category?,ST
F0037-x-category-hi,F0037,old_age_pension,hi,extraction,श्रेणी?,ST
F0037-x-category-bn,F0037,old_age_pension,bn,extraction,শ্রেণী?,ST
F0037-x-category-te,F0037,old_age_pension,te,extraction,వర్గం?,ST
F0037-x-category-ta,F0037,old_age_pension,ta,extraction,பிரிவு?,ST
F0037-x-category-mr,F0037,old_age_pension,mr,extraction,प्रवर्ग?,ST
F0037-x-category-kn,F0037,old_age_pension,kn,extraction,ವರ್ಗ?,ST
F0037-r-elig-en,F0037,old_age_pension,en,reasoning,"Based on the income cap and household size rule, is this applicant eligible? Answer yes or no.",yes
F0037-r-elig-hi,F0037,old_age_pension,hi,reasoning,"आय सीमा और परिवार के आकार के नियम के आधार पर, क्या यह आवेदक पात्र है? हाँ या नहीं में उत्तर दें।",yes
F0037-r-elig-bn,F0037,old_age_pension,bn,reasoning,"আয়ের সীমা এবং পরিবারের আকারের নিয়ম অনুসারে, এই আবেদনকারী কি যোগ্য? হ্যাঁ বা না উত্তর দিন।",yes
F0037-r-elig-te,F0037,old_age_pension,te,reasoning,"ఆదాయ పరిమితి మరియు కుటుంబ పరిమాణ నియమం ఆధారంగా, ఈ దరఖాస్తుదారు అర్హులా? అవును లేదా కాదు అని సమాధానం ఇవ్వండి.",yes
F0037-r-elig-ta,F0037,old_age_pension,ta,reasoning,"வருமான வரம்பு மற்றும் குடும்ப அளவு விதியின் அடிப்படையில், இந்த விண்ணப்பதாரர் தகுதியானவரா? ஆம் அல்லது இல்லை என பதிலளிக்கவும்.",yes
F0037-r-elig-mr,F0037,old_age_pension,mr,reasoning,"उत्पन्न मर्यादा आणि कुटुंब आकाराच्या नियमानुसार, हा अर्जदार पात्र आहे का? होय किंवा नाही उत्तर द्या.",yes
F0037-r-elig-kn,F0037,old_age_pension,kn,reasoning,"ಆದಾಯ ಮಿತಿ ಮತ್ತು ಕುಟುಂಬ ಗಾತ್ರದ ನಿಯಮದ ಆಧಾರದ ಮೇಲೆ, ಈ ಅರ್ಜಿದಾರರು ಅರ್ಹರೇ? ಹೌದು ಅಥವಾ ಇಲ್ಲ ಎಂದು ಉತ್ತರಿಸಿ.",yes
F0038-x-applicant_name-en,F0038,ration_card,en,extraction,Applicant Name?,Meena Kumari
F0038-x-applicant_name-hi,F0038,ration_card,hi,extraction,आवेदक का नाम?,मीना कुमारी
F0038-x-applicant_name-bn,F0038,ration_card,bn,extraction,আবেদনকারীর নাম?,মীনা কুমারী
F0038-x-applicant_name-te,F0038,ration_card,te,extraction,దరఖాస్తుదారు పేరు?,మీనా కుమారి
F0038-x-applicant_name-ta,F0038,ration_card,ta,extraction,விண்ணப்பதாரர் பெயர்?,மீனா குமாரி
F0038-x-applicant_name-mr,F0038,ration_card,mr,extraction,अर्जदाराचे नाव?,मीना कुमारी
F0038-x-applicant_name-kn,F0038,ration_card,kn,extraction,ಅರ್ಜಿದಾರರ ಹೆಸರು?,ಮೀನಾ ಕುಮಾರಿ
F0038-x-district-en,F0038,ration_card,en,extraction,District?,Guntur
F0038-x-district-hi,F0038,ration_card,hi,extraction,जिला?,गुंटूर
F0038-x-district-bn,F0038,ration_card,bn,extraction,জেলা?,গুন্টুর
F0038-x-district-te,F0038,ration_card,te,extraction,జిల్లా?,గుంటూరు
F0038-x-district-ta,F0038,ration_card,ta,extraction,மாவட்டம்?,குண்டூர்
F0038-x-district-mr,F0038,ration_card,mr,extraction,जिल्हा?,गुंटूर
F0038-x-district-kn,F0038,ration_card,kn,extraction,ಜಿಲ್ಲೆ?,ಗುಂಟೂರು
F0038-x-annual_income-en,F0038,ration_card,en,extraction,Annual Income (Rs.)?,232000
F0038-x-annual_income-hi,F0038,ration_card,hi,extraction,वार्षिक आय (रु.)?,232000
F0038-x-annual_income-bn,F0038,ration_card,bn,extraction,বার্ষিক আয় (টাকা)?,232000
F0038-x-annual_income-te,F0038,ration_card,te,extraction,వార్షిక ఆదాయం (రూ.)?,232000
F0038-x-annual_income-ta,F0038,ration_card,ta,extraction,ஆண்டு வருமானம் (ரூ.)?,232000
F0038-x-annual_income-mr,F0038,ration_card,mr,extraction,वार्षिक उत्पन्न (रु.)?,232000
F0038-x-annual_income-kn,F0038,ration_card,kn,extraction,ವಾರ್ಷಿಕ ಆದಾಯ (ರೂ.)?,232000
F0038-x-family_members-en,F0038,ration_card,en,extraction,Number of Family Members?,3
F0038-x-family_members-hi,F0038,ration_card,hi,extraction,परिवार के सदस्यों की संख्या?,3
F0038-x-family_members-bn,F0038,ration_card,bn,extraction,পরিবারের সদস্য সংখ্যা?,3
F0038-x-family_members-te,F0038,ration_card,te,extraction,కుటుంబ సభ్యుల సంఖ్య?,3
F0038-x-family_members-ta,F0038,ration_card,ta,extraction,குடும்ப உறுப்பினர்கள் எண்ணிக்கை?,3
F0038-x-family_members-mr,F0038,ration_card,mr,extraction,कुटुंब सदस्यांची संख्या?,3
F0038-x-family_members-kn,F0038,ration_card,kn,extraction,ಕುಟುಂಬ ಸದಸ್ಯರ ಸಂಖ್ಯೆ?,3
F0038-x-category-en,F0038,ration_card,en,extraction,Category?,General
F0038-x-category-hi,F0038,ration_card,hi,extraction,श्रेणी?,General
F0038-x-category-bn,F0038,ration_card,bn,extraction,শ্রেণী?,General
F0038-x-category-te,F0038,ration_card,te,extraction,వర్గం?,General
F0038-x-category-ta,F0038,ration_card,ta,extraction,பிரிவு?,General
F0038-x-category-mr,F0038,ration_card,mr,extraction,प्रवर्ग?,General
F0038-x-category-kn,F0038,ration_card,kn,extraction,ವರ್ಗ?,General
F0038-r-elig-en,F0038,ration_card,en,reasoning,"Based on the income cap and household size rule, is this applicant eligible? Answer yes or no.",no
F0038-r-elig-hi,F0038,ration_card,hi,reasoning,"आय सीमा और परिवार के आकार के नियम के आधार पर, क्या यह आवेदक पात्र है? हाँ या नहीं में उत्तर दें।",no
F0038-r-elig-bn,F0038,ration_card,bn,reasoning,"আয়ের সীমা এবং পরিবারের আকারের নিয়ম অনুসারে, এই আবেদনকারী কি যোগ্য? হ্যাঁ বা না উত্তর দিন।",no
F0038-r-elig-te,F0038,ration_card,te,reasoning,"ఆదాయ పరిమితి మరియు కుటుంబ పరిమాణ నియమం ఆధారంగా, ఈ దరఖాస్తుదారు అర్హులా? అవును లేదా కాదు అని సమాధానం ఇవ్వండి.",no
F0038-r-elig-ta,F0038,ration_card,ta,reasoning,"வருமான வரம்பு மற்றும் குடும்ப அளவு விதியின் அடிப்படையில், இந்த விண்ணப்பதாரர் தகுதியானவரா? ஆம் அல்லது இல்லை என பதிலளிக்கவும்.",no
F0038-r-elig-mr,F0038,ration_card,mr,reasoning,"उत्पन्न मर्यादा आणि कुटुंब आकाराच्या नियमानुसार, हा अर्जदार पात्र आहे का? होय किंवा नाही उत्तर द्या.",no
F0038-r-elig-kn,F0038,ration_card,kn,reasoning,"ಆದಾಯ ಮಿತಿ ಮತ್ತು ಕುಟುಂಬ ಗಾತ್ರದ ನಿಯಮದ ಆಧಾರದ ಮೇಲೆ, ಈ ಅರ್ಜಿದಾರರು ಅರ್ಹರೇ? ಹೌದು ಅಥವಾ ಇಲ್ಲ ಎಂದು ಉತ್ತರಿಸಿ.",no
F0039-x-applicant_name-en,F0039,scholarship,en,extraction,Applicant Name?,Lakshmi Devi
F0039-x-applicant_name-hi,F0039,scholarship,hi,extraction,आवेदक का नाम?,लक्ष्मी देवी
F0039-x-applicant_name-bn,F0039,scholarship,bn,extraction,আবেদনকারীর নাম?,লক্ষ্মী দেবী
F0039-x-applicant_name-te,F0039,scholarship,te,extraction,దరఖాస్తుదారు పేరు?,లక్ష్మీ దేవి
F0039-x-applicant_name-ta,F0039,scholarship,ta,extraction,விண்ணப்பதாரர் பெயர்?,லட்சுமி தேவி
F0039-x-applicant_name-mr,F0039,scholarship,mr,extraction,अर्जदाराचे नाव?,लक्ष्मी देवी
F0039-x-applicant_name-kn,F0039,scholarship,kn,extraction,ಅರ್ಜಿದಾರರ ಹೆಸರು?,ಲಕ್ಷ್ಮಿ ದೇವಿ
F0039-x-district-en,F0039,scholarship,en,extraction,District?,Salem
F0039-x-district-hi,F0039,scholarship,hi,extraction,जिला?,सेलम
F0039-x-district-bn,F0039,scholarship,bn,extraction,জেলা?,সালেম
F0039-x-district-te,F0039,scholarship,te,extraction,జిల్లా?,సేలం
F0039-x-district-ta,F0039,scholarship,ta,extraction,மாவட்டம்?,சேலம்
F0039-x-district-mr,F0039,scholarship,mr,extraction,जिल्हा?,सेलम
F0039-x-district-kn,F0039,scholarship,kn,extraction,ಜಿಲ್ಲೆ?,ಸೇಲಂ
F0039-x-annual_income-en,F0039,scholarship,en,extraction,Annual Income (Rs.)?,145000
F0039-x-annual_income-hi,F0039,scholarship,hi,extraction,वार्षिक आय (रु.)?,145000
F0039-x-annual_income-bn,F0039,scholarship,bn,extraction,বার্ষিক আয় (টাকা)?,145000
F0039-x-annual_income-te,F0039,scholarship,te,extraction,వార్షిక ఆదాయం (రూ.)?,145000
F0039-x-annual_income-ta,F0039,scholarship,ta,extraction,ஆண்டு வருமானம் (ரூ.)?,145000
F0039-x-annual_income-mr,F0039,scholarship,mr,extraction,वार्षिक उत्पन्न (रु.)?,145000
F0039-x-annual_income-kn,F0039,scholarship,kn,extraction,ವಾರ್ಷಿಕ ಆದಾಯ (ರೂ.)?,145000
F0039-x-family_members-en,F0039,scholarship,en,extraction,Number of Family Members?,3
F0039-x-family_members-hi,F0039,scholarship,hi,extraction,परिवार के सदस्यों की संख्या?,3
F0039-x-family_members-bn,F0039,scholarship,bn,extraction,পরিবারের সদস্য সংখ্যা?,3
F0039-x-family_members-te,F0039,scholarship,te,extraction,కుటుంబ సభ్యుల సంఖ్య?,3
F0039-x-family_members-ta,F0039,scholarship,ta,extraction,குடும்ப உறுப்பினர்கள் எண்ணிக்கை?,3
F0039-x-family_members-mr,F0039,scholarship,mr,extraction,कुटुंब सदस्यांची संख्या?,3
F0039-x-family_members-kn,F0039,scholarship,kn,extraction,ಕುಟುಂಬ ಸದಸ್ಯರ ಸಂಖ್ಯೆ?,3
F0039-x-category-en,F0039,scholarship,en,extraction,Category?,ST
F0039-x-category-hi,F0039,scholarship,hi,extraction,श्रेणी?,ST
F0039-x-category-bn,F0039,scholarship,bn,extraction,শ্রেণী?,ST
F0039-x-category-te,F0039,scholarship,te,extraction,వర్గం?,ST
F0039-x-category-ta,F0039,scholarship,ta,extraction,பிரிவு?,ST
F0039-x-category-mr,F0039,scholarship,mr,extraction,प्रवर्ग?,ST
F0039-x-category-kn,F0039,scholarship,kn,extraction,ವರ್ಗ?,ST
F0039-r-elig-en,F0039,scholarship,en,reasoning,"Based on the income cap and household size rule, is this applicant eligible? Answer yes or no.",yes
F0039-r-elig-hi,F0039,scholarship,hi,reasoning,"आय सीमा और परिवार के आकार के नियम के आधार पर, क्या यह आवेदक पात्र है? हाँ या नहीं में उत्तर दें।",yes
F0039-r-elig-bn,F0039,scholarship,bn,reasoning,"আয়ের সীমা এবং পরিবারের আকারের নিয়ম অনুসারে, এই আবেদনকারী কি যোগ্য? হ্যাঁ বা না উত্তর দিন।",yes
F0039-r-elig-te,F0039,scholarship,te,reasoning,"ఆదాయ పరిమితి మరియు కుటుంబ పరిమాణ నియమం ఆధారంగా, ఈ దరఖాస్తుదారు అర్హులా? అవును లేదా కాదు అని సమాధానం ఇవ్వండి.",yes
F0039-r-elig-ta,F0039,scholarship,ta,reasoning,"வருமான வரம்பு மற்றும் குடும்ப அளவு விதியின் அடிப்படையில், இந்த விண்ணப்பதாரர் தகுதியானவரா? ஆம் அல்லது இல்லை என பதிலளிக்கவும்.",yes
F0039-r-elig-mr,F0039,scholarship,mr,reasoning,"उत्पन्न मर्यादा आणि कुटुंब आकाराच्या नियमानुसार, हा अर्जदार पात्र आहे का? होय किंवा नाही उत्तर द्या.",yes
F0039-r-elig-kn,F0039,scholarship,kn,reasoning,"ಆದಾಯ ಮಿತಿ ಮತ್ತು ಕುಟುಂಬ ಗಾತ್ರದ ನಿಯಮದ ಆಧಾರದ ಮೇಲೆ, ಈ ಅರ್ಜಿದಾರರು ಅರ್ಹರೇ? ಹೌದು ಅಥವಾ ಇಲ್ಲ ಎಂದು ಉತ್ತರಿಸಿ.",yes
F0040-x-applicant_name-en,F0040,old_age_pension,en,extraction,Applicant Name?,Fatima Begum
F0040-x-applicant_name-hi,F0040,old_age_pension,hi,extraction,आवेदक का नाम?,फ़ातिमा बेगम
F0040-x-applicant_name-bn,F0040,old_age_pension,bn,extraction,আবেদনকারীর নাম?,ফাতিমা বেগম
F0040-x-applicant_name-te,F0040,old_age_pension,te,extraction,దరఖాస్తుదారు పేరు?,ఫాతిమా బేగం
F0040-x-applicant_name-ta,F0040,old_age_pension,ta,extraction,விண்ணப்பதாரர் பெயர்?,பாத்திமா பேகம்
F0040-x-applicant_name-mr,F0040,old_age_pension,mr,extraction,अर्जदाराचे नाव?,फातिमा बेगम
F0040-x-applicant_name-kn,F0040,old_age_pension,kn,extraction,ಅರ್ಜಿದಾರರ ಹೆಸರು?,ಫಾತಿಮಾ ಬೇಗಂ
F0040-x-district-en,F0040,old_age_pension,en,extraction,District?,Nashik
F0040-x-district-hi,F0040,old_age_pension,hi,extraction,जिला?,नाशिक
F0040-x-district-bn,F0040,old_age_pension,bn,extraction,জেলা?,নাসিক
F0040-x-district-te,F0040,old_age_pension,te,extraction,జిల్లా?,నాసిక్
F0040-x-district-ta,F0040,old_age_pension,ta,extraction,மாவட்டம்?,நாசிக்
F0040-x-district-mr,F0040,old_age_pension,mr,extraction,जिल्हा?,नाशिक
F0040-x-district-kn,F0040,old_age_pension,kn,extraction,ಜಿಲ್ಲೆ?,ನಾಸಿಕ್
F0040-x-annual_income-en,F0040,old_age_pension,en,extraction,Annual Income (Rs.)?,145000
F0040-x-annual_income-hi,F0040,old_age_pension,hi,extraction,वार्षिक आय (रु.)?,145000
F0040-x-annual_income-bn,F0040,old_age_pension,bn,extraction,বার্ষিক আয় (টাকা)?,145000
F0040-x-annual_income-te,F0040,old_age_pension,te,extraction,వార్షిక ఆదాయం (రూ.)?,145000
F0040-x-annual_income-ta,F0040,old_age_pension,ta,extraction,ஆண்டு வருமானம் (ரூ.)?,145000
F0040-x-annual_income-mr,F0040,old_age_pension,mr,extraction,वार्षिक उत्पन्न (रु.)?,145000
F0040-x-annual_income-kn,F0040,old_age_pension,kn,extraction,ವಾರ್ಷಿಕ ಆದಾಯ (ರೂ.)?,145000
F0040-x-family_members-en,F0040,old_age_pension,en,extraction,Number of Family Members?,4
F0040-x-family_members-hi,F0040,old_age_pension,hi,extraction,परिवार के सदस्यों की संख्या?,4
F0040-x-family_members-bn,F0040,old_age_pension,bn,extraction,পরিবারের সদস্য সংখ্যা?,4
F0040-x-family_members-te,F0040,old_age_pension,te,extraction,కుటుంబ సభ్యుల సంఖ్య?,4
F0040-x-family_members-ta,F0040,old_age_pension,ta,extraction,குடும்ப உறுப்பினர்கள் எண்ணிக்கை?,4
F0040-x-family_members-mr,F0040,old_age_pension,mr,extraction,कुटुंब सदस्यांची संख्या?,4
F0040-x-family_members-kn,F0040,old_age_pension,kn,extraction,ಕುಟುಂಬ ಸದಸ್ಯರ ಸಂಖ್ಯೆ?,4
F0040-x-category-en,F0040,old_age_pension,en,extraction,Category?,OBC
F0040-x-category-hi,F0040,old_age_pension,hi,extraction,श्रेणी?,OBC
F0040-x-category-bn,F0040,old_age_pension,bn,extraction,শ্রেণী?,OBC
F0040-x-category-te,F0040,old_age_pension,te,extraction,వర్గం?,OBC
F0040-x-category-ta,F0040,old_age_pension,ta,extraction,பிரிவு?,OBC
F0040-x-category-mr,F0040,old_age_pension,mr,extraction,प्रवर्ग?,OBC
F0040-x-category-kn,F0040,old_age_pension,kn,extraction,ವರ್ಗ?,OBC
F0040-r-elig-en,F0040,old_age_pension,en,reasoning,"Based on the income cap and household size rule, is this applicant eligible? Answer yes or no.",no
F0040-r-elig-hi,F0040,old_age_pension,hi,reasoning,"आय सीमा और परिवार के आकार के नियम के आधार पर, क्या यह आवेदक पात्र है? हाँ या नहीं में उत्तर दें।",no
F0040-r-elig-bn,F0040,old_age_pension,bn,reasoning,"আয়ের সীমা এবং পরিবারের আকারের নিয়ম অনুসারে, এই আবেদনকারী কি যোগ্য? হ্যাঁ বা না উত্তর দিন।",no
F0040-r-elig-te,F0040,old_age_pension,te,reasoning,"ఆదాయ పరిమితి మరియు కుటుంబ పరిమాణ నియమం ఆధారంగా, ఈ దరఖాస్తుదారు అర్హులా? అవును లేదా కాదు అని సమాధానం ఇవ్వండి.",no
F0040-r-elig-ta,F0040,old_age_pension,ta,reasoning,"வருமான வரம்பு மற்றும் குடும்ப அளவு விதியின் அடிப்படையில், இந்த விண்ணப்பதாரர் தகுதியானவரா? ஆம் அல்லது இல்லை என பதிலளிக்கவும்.",no
F0040-r-elig-mr,F0040,old_age_pension,mr,reasoning,"उत्पन्न मर्यादा आणि कुटुंब आकाराच्या नियमानुसार, हा अर्जदार पात्र आहे का? होय किंवा नाही उत्तर द्या.",no
F0040-r-elig-kn,F0040,old_age_pension,kn,reasoning,"ಆದಾಯ ಮಿತಿ ಮತ್ತು ಕುಟುಂಬ ಗಾತ್ರದ ನಿಯಮದ ಆಧಾರದ ಮೇಲೆ, ಈ ಅರ್ಜಿದಾರರು ಅರ್ಹರೇ? ಹೌದು ಅಥವಾ ಇಲ್ಲ ಎಂದು ಉತ್ತರಿಸಿ.",no
F0041-x-applicant_name-en,F0041,scholarship,en,extraction,Applicant Name?,Meena Kumari
F0041-x-applicant_name-hi,F0041,scholarship,hi,extraction,आवेदक का नाम?,मीना कुमारी
F0041-x-applicant_name-bn,F0041,scholarship,bn,extraction,আবেদনকারীর নাম?,মীনা কুমারী
F0041-x-applicant_name-te,F0041,scholarship,te,extraction,దరఖాస్తుదారు పేరు?,మీనా కుమారి
F0041-x-applicant_name-ta,F0041,scholarship,ta,extraction,விண்ணப்பதாரர் பெயர்?,மீனா குமாரி
F0041-x-applicant_name-mr,F0041,scholarship,mr,extraction,अर्जदाराचे नाव?,मीना कुमारी
F0041-x-applicant_name-kn,F0041,scholarship,kn,extraction,ಅರ್ಜಿದಾರರ ಹೆಸರು?,ಮೀನಾ ಕುಮಾರಿ
F0041-x-district-en,F0041,scholarship,en,extraction,District?,Salem
F0041-x-district-hi,F0041,scholarship,hi,extraction,जिला?,सेलम
F0041-x-district-bn,F0041,scholarship,bn,extraction,জেলা?,সালেম
F0041-x-district-te,F0041,scholarship,te,extraction,జిల్లా?,సేలం
F0041-x-district-ta,F0041,scholarship,ta,extraction,மாவட்டம்?,சேலம்
F0041-x-district-mr,F0041,scholarship,mr,extraction,जिल्हा?,सेलम
F0041-x-district-kn,F0041,scholarship,kn,extraction,ಜಿಲ್ಲೆ?,ಸೇಲಂ
F0041-x-annual_income-en,F0041,scholarship,en,extraction,Annual Income (Rs.)?,145000
F0041-x-annual_income-hi,F0041,scholarship,hi,extraction,वार्षिक आय (रु.)?,145000
F0041-x-annual_income-bn,F0041,scholarship,bn,extraction,বার্ষিক আয় (টাকা)?,145000
F0041-x-annual_income-te,F0041,scholarship,te,extraction,వార్షిక ఆదాయం (రూ.)?,145000
F0041-x-annual_income-ta,F0041,scholarship,ta,extraction,ஆண்டு வருமானம் (ரூ.)?,145000
F0041-x-annual_income-mr,F0041,scholarship,mr,extraction,वार्षिक उत्पन्न (रु.)?,145000
F0041-x-annual_income-kn,F0041,scholarship,kn,extraction,ವಾರ್ಷಿಕ ಆದಾಯ (ರೂ.)?,145000
F0041-x-family_members-en,F0041,scholarship,en,extraction,Number of Family Members?,7
F0041-x-family_members-hi,F0041,scholarship,hi,extraction,परिवार के सदस्यों की संख्या?,7
F0041-x-family_members-bn,F0041,scholarship,bn,extraction,পরিবারের সদস্য সংখ্যা?,7
F0041-x-family_members-te,F0041,scholarship,te,extraction,కుటుంబ సభ్యుల సంఖ్య?,7
F0041-x-family_members-ta,F0041,scholarship,ta,extraction,குடும்ப உறுப்பினர்கள் எண்ணிக்கை?,7
F0041-x-family_members-mr,F0041,scholarship,mr,extraction,कुटुंब सदस्यांची संख्या?,7
F0041-x-family_members-kn,F0041,scholarship,kn,extraction,ಕುಟುಂಬ ಸದಸ್ಯರ ಸಂಖ್ಯೆ?,7
F0041-x-category-en,F0041,scholarship,en,extraction,Category?,SC
F0041-x-category-hi,F0041,scholarship,hi,extraction,श्रेणी?,SC
F0041-x-category-bn,F0041,scholarship,bn,extraction,শ্রেণী?,SC
F0041-x-category-te,F0041,scholarship,te,extraction,వర్గం?,SC
F0041-x-category-ta,F0041,scholarship,ta,extraction,பிரிவு?,SC
F0041-x-category-mr,F0041,scholarship,mr,extraction,प्रवर्ग?,SC
F0041-x-category-kn,F0041,scholarship,kn,extraction,ವರ್ಗ?,SC
F0041-r-elig-en,F0041,scholarship,en,reasoning,"Based on the income cap and household size rule, is this applicant eligible? Answer yes or no.",yes
F0041-r-elig-hi,F0041,scholarship,hi,reasoning,"आय सीमा और परिवार के आकार के नियम के आधार पर, क्या यह आवेदक पात्र है? हाँ या नहीं में उत्तर दें।",yes
F0041-r-elig-bn,F0041,scholarship,bn,reasoning,"আয়ের সীমা এবং পরিবারের আকারের নিয়ম অনুসারে, এই আবেদনকারী কি যোগ্য? হ্যাঁ বা না উত্তর দিন।",yes
F0041-r-elig-te,F0041,scholarship,te,reasoning,"ఆదాయ పరిమితి మరియు కుటుంబ పరిమాణ నియమం ఆధారంగా, ఈ దరఖాస్తుదారు అర్హులా? అవును లేదా కాదు అని సమాధానం ఇవ్వండి.",yes
F0041-r-elig-ta,F0041,scholarship,ta,reasoning,"வருமான வரம்பு மற்றும் குடும்ப அளவு விதியின் அடிப்படையில், இந்த விண்ணப்பதாரர் தகுதியானவரா? ஆம் அல்லது இல்லை என பதிலளிக்கவும்.",yes
F0041-r-elig-mr,F0041,scholarship,mr,reasoning,"उत्पन्न मर्यादा आणि कुटुंब आकाराच्या नियमानुसार, हा अर्जदार पात्र आहे का? होय किंवा नाही उत्तर द्या.",yes
F0041-r-elig-kn,F0041,scholarship,kn,reasoning,"ಆದಾಯ ಮಿತಿ ಮತ್ತು ಕುಟುಂಬ ಗಾತ್ರದ ನಿಯಮದ ಆಧಾರದ ಮೇಲೆ, ಈ ಅರ್ಜಿದಾರರು ಅರ್ಹರೇ? ಹೌದು ಅಥವಾ ಇಲ್ಲ ಎಂದು ಉತ್ತರಿಸಿ.",yes
F0042-x-applicant_name-en,F0042,old_age_pension,en,extraction,Applicant Name?,Fatima Begum
F0042-x-applicant_name-hi,F0042,old_age_pension,hi,extraction,आवेदक का नाम?,फ़ातिमा बेगम
F0042-x-applicant_name-bn,F0042,old_age_pension,bn,extraction,আবেদনকারীর নাম?,ফাতিমা বেগম
F0042-x-applicant_name-te,F0042,old_age_pension,te,extraction,దరఖాస్తుదారు పేరు?,ఫాతిమా బేగం
F0042-x-applicant_name-ta,F0042,old_age_pension,ta,extraction,விண்ணப்பதாரர் பெயர்?,பாத்திமா பேகம்
F0042-x-applicant_name-mr,F0042,old_age_pension,mr,extraction,अर्जदाराचे नाव?,फातिमा बेगम
F0042-x-applicant_name-kn,F0042,old_age_pension,kn,extraction,ಅರ್ಜಿದಾರರ ಹೆಸರು?,ಫಾತಿಮಾ ಬೇಗಂ
F0042-x-district-en,F0042,old_age_pension,en,extraction,District?,Guntur
F0042-x-district-hi,F0042,old_age_pension,hi,extraction,जिला?,गुंटूर
F0042-x-district-bn,F0042,old_age_pension,bn,extraction,জেলা?,গুন্টুর
F0042-x-district-te,F0042,old_age_pension,te,extraction,జిల్లా?,గుంటూరు
F0042-x-district-ta,F0042,old_age_pension,ta,extraction,மாவட்டம்?,குண்டூர்
F0042-x-district-mr,F0042,old_age_pension,mr,extraction,जिल्हा?,गुंटूर
F0042-x-district-kn,F0042,old_age_pension,kn,extraction,ಜಿಲ್ಲೆ?,ಗುಂಟೂರು
F0042-x-annual_income-en,F0042,old_age_pension,en,extraction,Annual Income (Rs.)?,96000
F0042-x-annual_income-hi,F0042,old_age_pension,hi,extraction,वार्षिक आय (रु.)?,96000
F0042-x-annual_income-bn,F0042,old_age_pension,bn,extraction,বার্ষিক আয় (টাকা)?,96000
F0042-x-annual_income-te,F0042,old_age_pension,te,extraction,వార్షిక ఆదాయం (రూ.)?,96000
F0042-x-annual_income-ta,F0042,old_age_pension,ta,extraction,ஆண்டு வருமானம் (ரூ.)?,96000
F0042-x-annual_income-mr,F0042,old_age_pension,mr,extraction,वार्षिक उत्पन्न (रु.)?,96000
F0042-x-annual_income-kn,F0042,old_age_pension,kn,extraction,ವಾರ್ಷಿಕ ಆದಾಯ (ರೂ.)?,96000
F0042-x-family_members-en,F0042,old_age_pension,en,extraction,Number of Family Members?,4
F0042-x-family_members-hi,F0042,old_age_pension,hi,extraction,परिवार के सदस्यों की संख्या?,4
F0042-x-family_members-bn,F0042,old_age_pension,bn,extraction,পরিবারের সদস্য সংখ্যা?,4
F0042-x-family_members-te,F0042,old_age_pension,te,extraction,కుటుంబ సభ్యుల సంఖ్య?,4
F0042-x-family_members-ta,F0042,old_age_pension,ta,extraction,குடும்ப உறுப்பினர்கள் எண்ணிக்கை?,4
F0042-x-family_members-mr,F0042,old_age_pension,mr,extraction,कुटुंब सदस्यांची संख्या?,4
F0042-x-family_members-kn,F0042,old_age_pension,kn,extraction,ಕುಟುಂಬ ಸದಸ್ಯರ ಸಂಖ್ಯೆ?,4
F0042-x-category-en,F0042,old_age_pension,en,extraction,Category?,General
F0042-x-category-hi,F0042,old_age_pension,hi,extraction,श्रेणी?,General
F0042-x-category-bn,F0042,old_age_pension,bn,extraction,শ্রেণী?,General
F0042-x-category-te,F0042,old_age_pension,te,extraction,వర్గం?,General
F0042-x-category-ta,F0042,old_age_pension,ta,extraction,பிரிவு?,General
F0042-x-category-mr,F0042,old_age_pension,mr,extraction,प्रवर्ग?,General
F0042-x-category-kn,F0042,old_age_pension,kn,extraction,ವರ್ಗ?,General
F0042-r-elig-en,F0042,old_age_pension,en,reasoning,"Based on the income cap and household size rule, is this applicant eligible? Answer yes or no.",no
F0042-r-elig-hi,F0042,old_age_pension,hi,reasoning,"आय सीमा और परिवार के आकार के नियम के आधार पर, क्या यह आवेदक पात्र है? हाँ या नहीं में उत्तर दें।",no
F0042-r-elig-bn,F0042,old_age_pension,bn,reasoning,"আয়ের সীমা এবং পরিবারের আকারের নিয়ম অনুসারে, এই আবেদনকারী কি যোগ্য? হ্যাঁ বা না উত্তর দিন।",no
F0042-r-elig-te,F0042,old_age_pension,te,reasoning,"ఆదాయ పరిమితి మరియు కుటుంబ పరిమాణ నియమం ఆధారంగా, ఈ దరఖాస్తుదారు అర్హులా? అవును లేదా కాదు అని సమాధానం ఇవ్వండి.",no
F0042-r-elig-ta,F0042,old_age_pension,ta,reasoning,"வருமான வரம்பு மற்றும் குடும்ப அளவு விதியின் அடிப்படையில், இந்த விண்ணப்பதாரர் தகுதியானவரா? ஆம் அல்லது இல்லை என பதிலளிக்கவும்.",no
F0042-r-elig-mr,F0042,old_age_pension,mr,reasoning,"उत्पन्न मर्यादा आणि कुटुंब आकाराच्या नियमानुसार, हा अर्जदार पात्र आहे का? होय किंवा नाही उत्तर द्या.",no
F0042-r-elig-kn,F0042,old_age_pension,kn,reasoning,"ಆದಾಯ ಮಿತಿ ಮತ್ತು ಕುಟುಂಬ ಗಾತ್ರದ ನಿಯಮದ ಆಧಾರದ ಮೇಲೆ, ಈ ಅರ್ಜಿದಾರರು ಅರ್ಹರೇ? ಹೌದು ಅಥವಾ ಇಲ್ಲ ಎಂದು ಉತ್ತರಿಸಿ.",no
F0043-x-applicant_name-en,F0043,ration_card,en,extraction,Applicant Name?,Meena Kumari
F0043-x-applicant_name-hi,F0043,ration_card,hi,extraction,आवेदक का नाम?,मीना कुमारी
F0043-x-applicant_name-bn,F0043,ration_card,bn,extraction,আবেদনকারীর নাম?,মীনা কুমারী
F0043-x-applicant_name-te,F0043,ration_card,te,extraction,దరఖాస్తుదారు పేరు?,మీనా కుమారి
F0043-x-applicant_name-ta,F0043,ration_card,ta,extraction,விண்ணப்பதாரர் பெயர்?,மீனா குமாரி
F0043-x-applicant_name-mr,F0043,ration_card,mr,extraction,अर्जदाराचे नाव?,मीना कुमारी
F0043-x-applicant_name-kn,F0043,ration_card,kn,extraction,ಅರ್ಜಿದಾರರ ಹೆಸರು?,ಮೀನಾ ಕುಮಾರಿ
F0043-x-district-en,F0043,ration_card,en,extraction,District?,Salem
F0043-x-district-hi,F0043,ration_card,hi,extraction,जिला?,सेलम
F0043-x-district-bn,F0043,ration_card,bn,extraction,জেলা?,সালেম
F0043-x-district-te,F0043,ration_card,te,extraction,జిల్లా?,సేలం
F0043-x-district-ta,F0043,ration_card,ta,extraction,மாவட்டம்?,சேலம்
F0043-x-district-mr,F0043,ration_card,mr,extraction,जिल्हा?,सेलम
F0043-x-district-kn,F0043,ration_card,kn,extraction,ಜಿಲ್ಲೆ?,ಸೇಲಂ
F0043-x-annual_income-en,F0043,ration_card,en,extraction,Annual Income (Rs.)?,310000
F0043-x-annual_income-hi,F0043,ration_card,hi,extraction,वार्षिक आय (रु.)?,310000
F0043-x-annual_income-bn,F0043,ration_card,bn,extraction,বার্ষিক আয় (টাকা)?,310000
F0043-x-annual_income-te,F0043,ration_card,te,extraction,వార్షిక ఆదాయం (రూ.)?,310000
F0043-x-annual_income-ta,F0043,ration_card,ta,extraction,ஆண்டு வருமானம் (ரூ.)?,310000
F0043-x-annual_income-mr,F0043,ration_card,mr,extraction,वार्षिक उत्पन्न (रु.)?,310000
F0043-x-annual_income-kn,F0043,ration_card,kn,extraction,ವಾರ್ಷಿಕ ಆದಾಯ (ರೂ.)?,310000
F0043-x-family_members-en,F0043,ration_card,en,extraction,Number of Family Members?,6
F0043-x-family_members-hi,F0043,ration_card,hi,extraction,परिवार के सदस्यों की संख्या?,6
F0043-x-family_members-bn,F0043,ration_card,bn,extraction,পরিবারের সদস্য সংখ্যা?,6
F0043-x-family_members-te,F0043,ration_card,te,extraction,కుటుంబ సభ్యుల సంఖ్య?,6
F0043-x-family_members-ta,F0043,ration_card,ta,extraction,குடும்ப உறுப்பினர்கள் எண்ணிக்கை?,6
F0043-x-family_members-mr,F0043,ration_card,mr,extraction,कुटुंब सदस्यांची संख्या?,6
F0043-x-family_members-kn,F0043,ration_card,kn,extraction,ಕುಟುಂಬ ಸದಸ್ಯರ ಸಂಖ್ಯೆ?,6
F0043-x-category-en,F0043,ration_card,en,extraction,Category?,OBC
F0043-x-category-hi,F0043,ration_card,hi,extraction,श्रेणी?,OBC
F0043-x-category-bn,F0043,ration_card,bn,extraction,শ্রেণী?,OBC
F0043-x-category-te,F0043,ration_card,te,extraction,వర్గం?,OBC
F0043-x-category-ta,F0043,ration_card,ta,extraction,பிரிவு?,OBC
F0043-x-category-mr,F0043,ration_card,mr,extraction,प्रवर्ग?,OBC
F0043-x-category-kn,F0043,ration_card,kn,extraction,ವರ್ಗ?,OBC
F0043-r-elig-en,F0043,ration_card,en,reasoning,"Based on the income cap and household size rule, is this applicant eligible? Answer yes or no.",no
F0043-r-elig-hi,F0043,ration_card,hi,reasoning,"आय सीमा और परिवार के आकार के नियम के आधार पर, क्या यह आवेदक पात्र है? हाँ या नहीं में उत्तर दें।",no
F0043-r-elig-bn,F0043,ration_card,bn,reasoning,"আয়ের সীমা এবং পরিবারের আকারের নিয়ম অনুসারে, এই আবেদনকারী কি যোগ্য? হ্যাঁ বা না উত্তর দিন।",no
F0043-r-elig-te,F0043,ration_card,te,reasoning,"ఆదాయ పరిమితి మరియు కుటుంబ పరిమాణ నియమం ఆధారంగా, ఈ దరఖాస్తుదారు అర్హులా? అవును లేదా కాదు అని సమాధానం ఇవ్వండి.",no
F0043-r-elig-ta,F0043,ration_card,ta,reasoning,"வருமான வரம்பு மற்றும் குடும்ப அளவு விதியின் அடிப்படையில், இந்த விண்ணப்பதாரர் தகுதியானவரா? ஆம் அல்லது இல்லை என பதிலளிக்கவும்.",no
F0043-r-elig-mr,F0043,ration_card,mr,reasoning,"उत्पन्न मर्यादा आणि कुटुंब आकाराच्या नियमानुसार, हा अर्जदार पात्र आहे का? होय किंवा नाही उत्तर द्या.",no
F0043-r-elig-kn,F0043,ration_card,kn,reasoning,"ಆದಾಯ ಮಿತಿ ಮತ್ತು ಕುಟುಂಬ ಗಾತ್ರದ ನಿಯಮದ ಆಧಾರದ ಮೇಲೆ, ಈ ಅರ್ಜಿದಾರರು ಅರ್ಹರೇ? ಹೌದು ಅಥವಾ ಇಲ್ಲ ಎಂದು ಉತ್ತರಿಸಿ.",no
F0044-x-applicant_name-en,F0044,old_age_pension,en,extraction,Applicant Name?,Ramesh Kumar
F0044-x-applicant_name-hi,F0044,old_age_pension,hi,extraction,आवेदक का नाम?,रमेश कुमार
F0044-x-applicant_name-bn,F0044,old_age_pension,bn,extraction,আবেদনকারীর নাম?,রমেশ কুমার
F0044-x-applicant_name-te,F0044,old_age_pension,te,extraction,దరఖాస్తుదారు పేరు?,రమేష్ కుమార్
F0044-x-applicant_name-ta,F0044,old_age_pension,ta,extraction,விண்ணப்பதாரர் பெயர்?,ரமேஷ் குமார்
F0044-x-applicant_name-mr,F0044,old_age_pension,mr,extraction,अर्जदाराचे नाव?,रमेश कुमार
F0044-x-applicant_name-kn,F0044,old_age_pension,kn,extraction,ಅರ್ಜಿದಾರರ ಹೆಸರು?,ರಮೇಶ್ ಕುಮಾರ್
F0044-x-district-en,F0044,old_age_pension,en,extraction,District?,Salem
F0044-x-district-hi,F0044,old_age_pension,hi,extraction,जिला?,सेलम
F0044-x-district-bn,F0044,old_age_pension,bn,extraction,জেলা?,সালেম
F0044-x-district-te,F0044,old_age_pension,te,extraction,జిల్లా?,సేలం
F0044-x-district-ta,F0044,old_age_pension,ta,extraction,மாவட்டம்?,சேலம்
F0044-x-district-mr,F0044,old_age_pension,mr,extraction,जिल्हा?,सेलम
F0044-x-district-kn,F0044,old_age_pension,kn,extraction,ಜಿಲ್ಲೆ?,ಸೇಲಂ
F0044-x-annual_income-en,F0044,old_age_pension,en,extraction,Annual Income (Rs.)?,145000
F0044-x-annual_income-hi,F0044,old_age_pension,hi,extraction,वार्षिक आय (रु.)?,145000
F0044-x-annual_income-bn,F0044,old_age_pension,bn,extraction,বার্ষিক আয় (টাকা)?,145000
F0044-x-annual_income-te,F0044,old_age_pension,te,extraction,వార్షిక ఆదాయం (రూ.)?,145000
F0044-x-annual_income-ta,F0044,old_age_pension,ta,extraction,ஆண்டு வருமானம் (ரூ.)?,145000
F0044-x-annual_income-mr,F0044,old_age_pension,mr,extraction,वार्षिक उत्पन्न (रु.)?,145000
F0044-x-annual_income-kn,F0044,old_age_pension,kn,extraction,ವಾರ್ಷಿಕ ಆದಾಯ (ರೂ.)?,145000
F0044-x-family_members-en,F0044,old_age_pension,en,extraction,Number of Family Members?,4
F0044-x-family_members-hi,F0044,old_age_pension,hi,extraction,परिवार के सदस्यों की संख्या?,4
F0044-x-family_members-bn,F0044,old_age_pension,bn,extraction,পরিবারের সদস্য সংখ্যা?,4
F0044-x-family_members-te,F0044,old_age_pension,te,extraction,కుటుంబ సభ్యుల సంఖ్య?,4
F0044-x-family_members-ta,F0044,old_age_pension,ta,extraction,குடும்ப உறுப்பினர்கள் எண்ணிக்கை?,4
F0044-x-family_members-mr,F0044,old_age_pension,mr,extraction,कुटुंब सदस्यांची संख्या?,4
F0044-x-family_members-kn,F0044,old_age_pension,kn,extraction,ಕುಟುಂಬ ಸದಸ್ಯರ ಸಂಖ್ಯೆ?,4
F0044-x-category-en,F0044,old_age_pension,en,extraction,Category?,General
F0044-x-category-hi,F0044,old_age_pension,hi,extraction,श्रेणी?,General
F0044-x-category-bn,F0044,old_age_pension,bn,extraction,শ্রেণী?,General
F0044-x-category-te,F0044,old_age_pension,te,extraction,వర్గం?,General
F0044-x-category-ta,F0044,old_age_pension,ta,extraction,பிரிவு?,General
F0044-x-category-mr,F0044,old_age_pension,mr,extraction,प्रवर्ग?,General
F0044-x-category-kn,F0044,old_age_pension,kn,extraction,ವರ್ಗ?,General
F0044-r-elig-en,F0044,old_age_pension,en,reasoning,"Based on the income cap and household size rule, is this applicant eligible? Answer yes or no.",no
F0044-r-elig-hi,F0044,old_age_pension,hi,reasoning,"आय सीमा और परिवार के आकार के नियम के आधार पर, क्या यह आवेदक पात्र है? हाँ या नहीं में उत्तर दें।",no
F0044-r-elig-bn,F0044,old_age_pension,bn,reasoning,"আয়ের সীমা এবং পরিবারের আকারের নিয়ম অনুসারে, এই আবেদনকারী কি যোগ্য? হ্যাঁ বা না উত্তর দিন।",no
F0044-r-elig-te,F0044,old_age_pension,te,reasoning,"ఆదాయ పరిమితి మరియు కుటుంబ పరిమాణ నియమం ఆధారంగా, ఈ దరఖాస్తుదారు అర్హులా? అవును లేదా కాదు అని సమాధానం ఇవ్వండి.",no
F0044-r-elig-ta,F0044,old_age_pension,ta,reasoning,"வருமான வரம்பு மற்றும் குடும்ப அளவு விதியின் அடிப்படையில், இந்த விண்ணப்பதாரர் தகுதியானவரா? ஆம் அல்லது இல்லை என பதிலளிக்கவும்.",no
F0044-r-elig-mr,F0044,old_age_pension,mr,reasoning,"उत्पन्न मर्यादा आणि कुटुंब आकाराच्या नियमानुसार, हा अर्जदार पात्र आहे का? होय किंवा नाही उत्तर द्या.",no
F0044-r-elig-kn,F0044,old_age_pension,kn,reasoning,"ಆದಾಯ ಮಿತಿ ಮತ್ತು ಕುಟುಂಬ ಗಾತ್ರದ ನಿಯಮದ ಆಧಾರದ ಮೇಲೆ, ಈ ಅರ್ಜಿದಾರರು ಅರ್ಹರೇ? ಹೌದು ಅಥವಾ ಇಲ್ಲ ಎಂದು ಉತ್ತರಿಸಿ.",no
F0045-x-applicant_name-en,F0045,ration_card,en,extraction,Applicant Name?,Venkat Reddy
F0045-x-applicant_name-hi,F0045,ration_card,hi,extraction,आवेदक का नाम?,वेंकट रेड्डी
F0045-x-applicant_name-bn,F0045,ration_card,bn,extraction,আবেদনকারীর নাম?,ভেঙ্কট রেড্ডি
F0045-x-applicant_name-te,F0045,ration_card,te,extraction,దరఖాస్తుదారు పేరు?,వెంకట్ రెడ్డి
F0045-x-applicant_name-ta,F0045,ration_card,ta,extraction,விண்ணப்பதாரர் பெயர்?,வெங்கட் ரெட்டி
F0045-x-applicant_name-mr,F0045,ration_card,mr,extraction,अर्जदाराचे नाव?,वेंकट रेड्डी
F0045-x-applicant_name-kn,F0045,ration_card,kn,extraction,ಅರ್ಜಿದಾರರ ಹೆಸರು?,ವೆಂಕಟ್ ರೆಡ್ಡಿ
F0045-x-district-en,F0045,ration_card,en,extraction,District?,Visakhapatnam
F0045-x-district-hi,F0045,ration_card,hi,extraction,जिला?,विशाखापत्तनम
F0045-x-district-bn,F0045,ration_card,bn,extraction,জেলা?,বিশাখাপত্তনম
F0045-x-district-te,F0045,ration_card,te,extraction,జిల్లా?,విశాఖపట్నం
F0045-x-district-ta,F0045,ration_card,ta,extraction,மாவட்டம்?,விசாகப்பட்டினம்
F0045-x-district-mr,F0045,ration_card,mr,extraction,जिल्हा?,विशाखापट्टणम
F0045-x-district-kn,F0045,ration_card,kn,extraction,ಜಿಲ್ಲೆ?,ವಿಶಾಖಪಟ್ಟಣಂ
F0045-x-annual_income-en,F0045,ration_card,en,extraction,Annual Income (Rs.)?,232000
F0045-x-annual_income-hi,F0045,ration_card,hi,extraction,वार्षिक आय (रु.)?,232000
F0045-x-annual_income-bn,F0045,ration_card,bn,extraction,বার্ষিক আয় (টাকা)?,232000
F0045-x-annual_income-te,F0045,ration_card,te,extraction,వార్షిక ఆదాయం (రూ.)?,232000
F0045-x-annual_income-ta,F0045,ration_card,ta,extraction,ஆண்டு வருமானம் (ரூ.)?,232000
F0045-x-annual_income-mr,F0045,ration_card,mr,extraction,वार्षिक उत्पन्न (रु.)?,232000
F0045-x-annual_income-kn,F0045,ration_card,kn,extraction,ವಾರ್ಷಿಕ ಆದಾಯ (ರೂ.)?,232000
F0045-x-family_members-en,F0045,ration_card,en,extraction,Number of Family Members?,2
F0045-x-family_members-hi,F0045,ration_card,hi,extraction,परिवार के सदस्यों की संख्या?,2
F0045-x-family_members-bn,F0045,ration_card,bn,extraction,পরিবারের সদস্য সংখ্যা?,2
F0045-x-family_members-te,F0045,ration_card,te,extraction,కుటుంబ సభ్యుల సంఖ్య?,2
F0045-x-family_members-ta,F0045,ration_card,ta,extraction,குடும்ப உறுப்பினர்கள் எண்ணிக்கை?,2
F0045-x-family_members-mr,F0045,ration_card,mr,extraction,कुटुंब सदस्यांची संख्या?,2
F0045-x-family_members-kn,F0045,ration_card,kn,extraction,ಕುಟುಂಬ ಸದಸ್ಯರ ಸಂಖ್ಯೆ?,2
F0045-x-category-en,F0045,ration_card,en,extraction,Category?,General
F0045-x-category-hi,F0045,ration_card,hi,extraction,श्रेणी?,General
F0045-x-category-bn,F0045,ration_card,bn,extraction,শ্রেণী?,General
F0045-x-category-te,F0045,ration_card,te,extraction,వర్గం?,General
F0045-x-category-ta,F0045,ration_card,ta,extraction,பிரிவு?,General
F0045-x-category-mr,F0045,ration_card,mr,extraction,प्रवर्ग?,General
F0045-x-category-kn,F0045,ration_card,kn,extraction,ವರ್ಗ?,General
F0045-r-elig-en,F0045,ration_card,en,reasoning,"Based on the income cap and household size rule, is this applicant eligible? Answer yes or no.",no
F0045-r-elig-hi,F0045,ration_card,hi,reasoning,"आय सीमा और परिवार के आकार के नियम के आधार पर, क्या यह आवेदक पात्र है? हाँ या नहीं में उत्तर दें।",no
F0045-r-elig-bn,F0045,ration_card,bn,reasoning,"আয়ের সীমা এবং পরিবারের আকারের নিয়ম অনুসারে, এই আবেদনকারী কি যোগ্য? হ্যাঁ বা না উত্তর দিন।",no
F0045-r-elig-te,F0045,ration_card,te,reasoning,"ఆదాయ పరిమితి మరియు కుటుంబ పరిమాణ నియమం ఆధారంగా, ఈ దరఖాస్తుదారు అర్హులా? అవును లేదా కాదు అని సమాధానం ఇవ్వండి.",no
F0045-r-elig-ta,F0045,ration_card,ta,reasoning,"வருமான வரம்பு மற்றும் குடும்ப அளவு விதியின் அடிப்படையில், இந்த விண்ணப்பதாரர் தகுதியானவரா? ஆம் அல்லது இல்லை என பதிலளிக்கவும்.",no
F0045-r-elig-mr,F0045,ration_card,mr,reasoning,"उत्पन्न मर्यादा आणि कुटुंब आकाराच्या नियमानुसार, हा अर्जदार पात्र आहे का? होय किंवा नाही उत्तर द्या.",no
F0045-r-elig-kn,F0045,ration_card,kn,reasoning,"ಆದಾಯ ಮಿತಿ ಮತ್ತು ಕುಟುಂಬ ಗಾತ್ರದ ನಿಯಮದ ಆಧಾರದ ಮೇಲೆ, ಈ ಅರ್ಜಿದಾರರು ಅರ್ಹರೇ? ಹೌದು ಅಥವಾ ಇಲ್ಲ ಎಂದು ಉತ್ತರಿಸಿ.",no
F0046-x-applicant_name-en,F0046,ration_card,en,extraction,Applicant Name?,Lakshmi Devi
F0046-x-applicant_name-hi,F0046,ration_card,hi,extraction,आवेदक का नाम?,लक्ष्मी देवी
F0046-x-applicant_name-bn,F0046,ration_card,bn,extraction,আবেদনকারীর নাম?,লক্ষ্মী দেবী
F0046-x-applicant_name-te,F0046,ration_card,te,extraction,దరఖాస్తుదారు పేరు?,లక్ష్మీ దేవి
F0046-x-applicant_name-ta,F0046,ration_card,ta,extraction,விண்ணப்பதாரர் பெயர்?,லட்சுமி தேவி
F0046-x-applicant_name-mr,F0046,ration_card,mr,extraction,अर्जदाराचे नाव?,लक्ष्मी देवी
F0046-x-applicant_name-kn,F0046,ration_card,kn,extraction,ಅರ್ಜಿದಾರರ ಹೆಸರು?,ಲಕ್ಷ್ಮಿ ದೇವಿ
F0046-x-district-en,F0046,ration_card,en,extraction,District?,Salem
F0046-x-district-hi,F0046,ration_card,hi,extraction,जिला?,सेलम
F0046-x-district-bn,F0046,ration_card,bn,extraction,জেলা?,সালেম
F0046-x-district-te,F0046,ration_card,te,extraction,జిల్లా?,సేలం
F0046-x-district-ta,F0046,ration_card,ta,extraction,மாவட்டம்?,சேலம்
F0046-x-district-mr,F0046,ration_card,mr,extraction,जिल्हा?,सेलम
F0046-x-district-kn,F0046,ration_card,kn,extraction,ಜಿಲ್ಲೆ?,ಸೇಲಂ
F0046-x-annual_income-en,F0046,ration_card,en,extraction,Annual Income (Rs.)?,310000
F0046-x-annual_income-hi,F0046,ration_card,hi,extraction,वार्षिक आय (रु.)?,310000
F0046-x-annual_income-bn,F0046,ration_card,bn,extraction,বার্ষিক আয় (টাকা)?,310000
F0046-x-annual_income-te,F0046,ration_card,te,extraction,వార్షిక ఆదాయం (రూ.)?,310000
F0046-x-annual_income-ta,F0046,ration_card,ta,extraction,ஆண்டு வருமானம் (ரூ.)?,310000
F0046-x-annual_income-mr,F0046,ration_card,mr,extraction,वार्षिक उत्पन्न (रु.)?,310000
F0046-x-annual_income-kn,F0046,ration_card,kn,extraction,ವಾರ್ಷಿಕ ಆದಾಯ (ರೂ.)?,310000
F0046-x-family_members-en,F0046,ration_card,en,extraction,Number of Family Members?,1
F0046-x-family_members-hi,F0046,ration_card,hi,extraction,परिवार के सदस्यों की संख्या?,1
F0046-x-family_members-bn,F0046,ration_card,bn,extraction,পরিবারের সদস্য সংখ্যা?,1
F0046-x-family_members-te,F0046,ration_card,te,extraction,కుటుంబ సభ్యుల సంఖ్య?,1
F0046-x-family_members-ta,F0046,ration_card,ta,extraction,குடும்ப உறுப்பினர்கள் எண்ணிக்கை?,1
F0046-x-family_members-mr,F0046,ration_card,mr,extraction,कुटुंब सदस्यांची संख्या?,1
F0046-x-family_members-kn,F0046,ration_card,kn,extraction,ಕುಟುಂಬ ಸದಸ್ಯರ ಸಂಖ್ಯೆ?,1
F0046-x-category-en,F0046,ration_card,en,extraction,Category?,General
F0046-x-category-hi,F0046,ration_card,hi,extraction,श्रेणी?,General
F0046-x-category-bn,F0046,ration_card,bn,extraction,শ্রেণী?,General
F0046-x-category-te,F0046,ration_card,te,extraction,వర్గం?,General
F0046-x-category-ta,F0046,ration_card,ta,extraction,பிரிவு?,General
F0046-x-category-mr,F0046,ration_card,mr,extraction,प्रवर्ग?,General
F0046-x-category-kn,F0046,ration_card,kn,extraction,ವರ್ಗ?,General
F0046-r-elig-en,F0046,ration_card,en,reasoning,"Based on the income cap and household size rule, is this applicant eligible? Answer yes or no.",no
F0046-r-elig-hi,F0046,ration_card,hi,reasoning,"आय सीमा और परिवार के आकार के नियम के आधार पर, क्या यह आवेदक पात्र है? हाँ या नहीं में उत्तर दें।",no
F0046-r-elig-bn,F0046,ration_card,bn,reasoning,"আয়ের সীমা এবং পরিবারের আকারের নিয়ম অনুসারে, এই আবেদনকারী কি যোগ্য? হ্যাঁ বা না উত্তর দিন।",no
F0046-r-elig-te,F0046,ration_card,te,reasoning,"ఆదాయ పరిమితి మరియు కుటుంబ పరిమాణ నియమం ఆధారంగా, ఈ దరఖాస్తుదారు అర్హులా? అవును లేదా కాదు అని సమాధానం ఇవ్వండి.",no
F0046-r-elig-ta,F0046,ration_card,ta,reasoning,"வருமான வரம்பு மற்றும் குடும்ப அளவு விதியின் அடிப்படையில், இந்த விண்ணப்பதாரர் தகுதியானவரா? ஆம் அல்லது இல்லை என பதிலளிக்கவும்.",no
F0046-r-elig-mr,F0046,ration_card,mr,reasoning,"उत्पन्न मर्यादा आणि कुटुंब आकाराच्या नियमानुसार, हा अर्जदार पात्र आहे का? होय किंवा नाही उत्तर द्या.",no
F0046-r-elig-kn,F0046,ration_card,kn,reasoning,"ಆದಾಯ ಮಿತಿ ಮತ್ತು ಕುಟುಂಬ ಗಾತ್ರದ ನಿಯಮದ ಆಧಾರದ ಮೇಲೆ, ಈ ಅರ್ಜಿದಾರರು ಅರ್ಹರೇ? ಹೌದು ಅಥವಾ ಇಲ್ಲ ಎಂದು ಉತ್ತರಿಸಿ.",no
F0047-x-applicant_name-en,F0047,scholarship,en,extraction,Applicant Name?,Venkat Reddy
F0047-x-applicant_name-hi,F0047,scholarship,hi,extraction,आवेदक का नाम?,वेंकट रेड्डी
F0047-x-applicant_name-bn,F0047,scholarship,bn,extraction,আবেদনকারীর নাম?,ভেঙ্কট রেড্ডি
F0047-x-applicant_name-te,F0047,scholarship,te,extraction,దరఖాస్తుదారు పేరు?,వెంకట్ రెడ్డి
F0047-x-applicant_name-ta,F0047,scholarship,ta,extraction,விண்ணப்பதாரர் பெயர்?,வெங்கட் ரெட்டி
F0047-x-applicant_name-mr,F0047,scholarship,mr,extraction,अर्जदाराचे नाव?,वेंकट रेड्डी
F0047-x-applicant_name-kn,F0047,scholarship,kn,extraction,ಅರ್ಜಿದಾರರ ಹೆಸರು?,ವೆಂಕಟ್ ರೆಡ್ಡಿ
F0047-x-district-en,F0047,scholarship,en,extraction,District?,Visakhapatnam
F0047-x-district-hi,F0047,scholarship,hi,extraction,जिला?,विशाखापत्तनम
F0047-x-district-bn,F0047,scholarship,bn,extraction,জেলা?,বিশাখাপত্তনম
F0047-x-district-te,F0047,scholarship,te,extraction,జిల్లా?,విశాఖపట్నం
F0047-x-district-ta,F0047,scholarship,ta,extraction,மாவட்டம்?,விசாகப்பட்டினம்
F0047-x-district-mr,F0047,scholarship,mr,extraction,जिल्हा?,विशाखापट्टणम
F0047-x-district-kn,F0047,scholarship,kn,extraction,ಜಿಲ್ಲೆ?,ವಿಶಾಖಪಟ್ಟಣಂ
F0047-x-annual_income-en,F0047,scholarship,en,extraction,Annual Income (Rs.)?,118000
F0047-x-annual_income-hi,F0047,scholarship,hi,extraction,वार्षिक आय (रु.)?,118000
F0047-x-annual_income-bn,F0047,scholarship,bn,extraction,বার্ষিক আয় (টাকা)?,118000
F0047-x-annual_income-te,F0047,scholarship,te,extraction,వార్షిక ఆదాయం (రూ.)?,118000
F0047-x-annual_income-ta,F0047,scholarship,ta,extraction,ஆண்டு வருமானம் (ரூ.)?,118000
F0047-x-annual_income-mr,F0047,scholarship,mr,extraction,वार्षिक उत्पन्न (रु.)?,118000
F0047-x-annual_income-kn,F0047,scholarship,kn,extraction,ವಾರ್ಷಿಕ ಆದಾಯ (ರೂ.)?,118000
F0047-x-family_members-en,F0047,scholarship,en,extraction,Number of Family Members?,5
F0047-x-family_members-hi,F0047,scholarship,hi,extraction,परिवार के सदस्यों की संख्या?,5
F0047-x-family_members-bn,F0047,scholarship,bn,extraction,পরিবারের সদস্য সংখ্যা?,5
F0047-x-family_members-te,F0047,scholarship,te,extraction,కుటుంబ సభ్యుల సంఖ్య?,5
F0047-x-family_members-ta,F0047,scholarship,ta,extraction,குடும்ப உறுப்பினர்கள் எண்ணிக்கை?,5
F0047-x-family_members-mr,F0047,scholarship,mr,extraction,कुटुंब सदस्यांची संख्या?,5
F0047-x-family_members-kn,F0047,scholarship,kn,extraction,ಕುಟುಂಬ ಸದಸ್ಯರ ಸಂಖ್ಯೆ?,5
F0047-x-category-en,F0047,scholarship,en,extraction,Category?,General
F0047-x-category-hi,F0047,scholarship,hi,extraction,श्रेणी?,General
F0047-x-category-bn,F0047,scholarship,bn,extraction,শ্রেণী?,General
F0047-x-category-te,F0047,scholarship,te,extraction,వర్గం?,General
F0047-x-category-ta,F0047,scholarship,ta,extraction,பிரிவு?,General
F0047-x-category-mr,F0047,scholarship,mr,extraction,प्रवर्ग?,General
F0047-x-category-kn,F0047,scholarship,kn,extraction,ವರ್ಗ?,General
F0047-r-elig-en,F0047,scholarship,en,reasoning,"Based on the income cap and household size rule, is this applicant eligible? Answer yes or no.",yes
F0047-r-elig-hi,F0047,scholarship,hi,reasoning,"आय सीमा और परिवार के आकार के नियम के आधार पर, क्या यह आवेदक पात्र है? हाँ या नहीं में उत्तर दें।",yes
F0047-r-elig-bn,F0047,scholarship,bn,reasoning,"আয়ের সীমা এবং পরিবারের আকারের নিয়ম অনুসারে, এই আবেদনকারী কি যোগ্য? হ্যাঁ বা না উত্তর দিন।",yes
F0047-r-elig-te,F0047,scholarship,te,reasoning,"ఆదాయ పరిమితి మరియు కుటుంబ పరిమాణ నియమం ఆధారంగా, ఈ దరఖాస్తుదారు అర్హులా? అవును లేదా కాదు అని సమాధానం ఇవ్వండి.",yes
F0047-r-elig-ta,F0047,scholarship,ta,reasoning,"வருமான வரம்பு மற்றும் குடும்ப அளவு விதியின் அடிப்படையில், இந்த விண்ணப்பதாரர் தகுதியானவரா? ஆம் அல்லது இல்லை என பதிலளிக்கவும்.",yes
F0047-r-elig-mr,F0047,scholarship,mr,reasoning,"उत्पन्न मर्यादा आणि कुटुंब आकाराच्या नियमानुसार, हा अर्जदार पात्र आहे का? होय किंवा नाही उत्तर द्या.",yes
F0047-r-elig-kn,F0047,scholarship,kn,reasoning,"ಆದಾಯ ಮಿತಿ ಮತ್ತು ಕುಟುಂಬ ಗಾತ್ರದ ನಿಯಮದ ಆಧಾರದ ಮೇಲೆ, ಈ ಅರ್ಜಿದಾರರು ಅರ್ಹರೇ? ಹೌದು ಅಥವಾ ಇಲ್ಲ ಎಂದು ಉತ್ತರಿಸಿ.",yes
F0048-x-applicant_name-en,F0048,old_age_pension,en,extraction,Applicant Name?,Ramesh Kumar
F0048-x-applicant_name-hi,F0048,old_age_pension,hi,extraction,आवेदक का नाम?,रमेश कुमार
F0048-x-applicant_name-bn,F0048,old_age_pension,bn,extraction,আবেদনকারীর নাম?,রমেশ কুমার
F0048-x-applicant_name-te,F0048,old_age_pension,te,extraction,దరఖాస్తుదారు పేరు?,రమేష్ కుమార్
F0048-x-applicant_name-ta,F0048,old_age_pension,ta,extraction,விண்ணப்பதாரர் பெயர்?,ரமேஷ் குமார்
F0048-x-applicant_name-mr,F0048,old_age_pension,mr,extraction,अर्जदाराचे नाव?,रमेश कुमार
F0048-x-applicant_name-kn,F0048,old_age_pension,kn,extraction,ಅರ್ಜಿದಾರರ ಹೆಸರು?,ರಮೇಶ್ ಕುಮಾರ್
F0048-x-district-en,F0048,old_age_pension,en,extraction,District?,Guntur
F0048-x-district-hi,F0048,old_age_pension,hi,extraction,जिला?,गुंटूर
F0048-x-district-bn,F0048,old_age_pension,bn,extraction,জেলা?,গুন্টুর
F0048-x-district-te,F0048,old_age_pension,te,extraction,జిల్లా?,గుంటూరు
F0048-x-district-ta,F0048,old_age_pension,ta,extraction,மாவட்டம்?,குண்டூர்
F0048-x-district-mr,F0048,old_age_pension,mr,extraction,जिल्हा?,गुंटूर
F0048-x-district-kn,F0048,old_age_pension,kn,extraction,ಜಿಲ್ಲೆ?,ಗುಂಟೂರು
F0048-x-annual_income-en,F0048,old_age_pension,en,extraction,Annual Income (Rs.)?,232000
F0048-x-annual_income-hi,F0048,old_age_pension,hi,extraction,वार्षिक आय (रु.)?,232000
F0048-x-annual_income-bn,F0048,old_age_pension,bn,extraction,বার্ষিক আয় (টাকা)?,232000
F0048-x-annual_income-te,F0048,old_age_pension,te,extraction,వార్షిక ఆదాయం (రూ.)?,232000
F0048-x-annual_income-ta,F0048,old_age_pension,ta,extraction,ஆண்டு வருமானம் (ரூ.)?,232000
F0048-x-annual_income-mr,F0048,old_age_pension,mr,extraction,वार्षिक उत्पन्न (रु.)?,232000
F0048-x-annual_income-kn,F0048,old_age_pension,kn,extraction,ವಾರ್ಷಿಕ ಆದಾಯ (ರೂ.)?,232000
F0048-x-family_members-en,F0048,old_age_pension,en,extraction,Number of Family Members?,7
F0048-x-family_members-hi,F0048,old_age_pension,hi,extraction,परिवार के सदस्यों की संख्या?,7
F0048-x-family_members-bn,F0048,old_age_pension,bn,extraction,পরিবারের সদস্য সংখ্যা?,7
F0048-x-family_members-te,F0048,old_age_pension,te,extraction,కుటుంబ సభ్యుల సంఖ్య?,7
F0048-x-family_members-ta,F0048,old_age_pension,ta,extraction,குடும்ப உறுப்பினர்கள் எண்ணிக்கை?,7
F0048-x-family_members-mr,F0048,old_age_pension,mr,extraction,कुटुंब सदस्यांची संख्या?,7
F0048-x-family_members-kn,F0048,old_age_pension,kn,extraction,ಕುಟುಂಬ ಸದಸ್ಯರ ಸಂಖ್ಯೆ?,7
F0048-x-category-en,F0048,old_age_pension,en,extraction,Category?,ST
F0048-x-category-hi,F0048,old_age_pension,hi,extraction,श्रेणी?,ST
F0048-x-category-bn,F0048,old_age_pension,bn,extraction,শ্রেণী?,ST
F0048-x-category-te,F0048,old_age_pension,te,extraction,వర్గం?,ST
F0048-x-category-ta,F0048,old_age_pension,ta,extraction,பிரிவு?,ST
F0048-x-category-mr,F0048,old_age_pension,mr,extraction,प्रवर्ग?,ST
F0048-x-category-kn,F0048,old_age_pension,kn,extraction,ವರ್ಗ?,ST
F0048-r-elig-en,F0048,old_age_pension,en,reasoning,"Based on the income cap and household size rule, is this applicant eligible? Answer yes or no.",no
F0048-r-elig-hi,F0048,old_age_pension,hi,reasoning,"आय सीमा और परिवार के आकार के नियम के आधार पर, क्या यह आवेदक पात्र है? हाँ या नहीं में उत्तर दें।",no
F0048-r-elig-bn,F0048,old_age_pension,bn,reasoning,"আয়ের সীমা এবং পরিবারের আকারের নিয়ম অনুসারে, এই আবেদনকারী কি যোগ্য? হ্যাঁ বা না উত্তর দিন।",no
F0048-r-elig-te,F0048,old_age_pension,te,reasoning,"ఆదాయ పరిమితి మరియు కుటుంబ పరిమాణ నియమం ఆధారంగా, ఈ దరఖాస్తుదారు అర్హులా? అవును లేదా కాదు అని సమాధానం ఇవ్వండి.",no
F0048-r-elig-ta,F0048,old_age_pension,ta,reasoning,"வருமான வரம்பு மற்றும் குடும்ப அளவு விதியின் அடிப்படையில், இந்த விண்ணப்பதாரர் தகுதியானவரா? ஆம் அல்லது இல்லை என பதிலளிக்கவும்.",no
F0048-r-elig-mr,F0048,old_age_pension,mr,reasoning,"उत्पन्न मर्यादा आणि कुटुंब आकाराच्या नियमानुसार, हा अर्जदार पात्र आहे का? होय किंवा नाही उत्तर द्या.",no
F0048-r-elig-kn,F0048,old_age_pension,kn,reasoning,"ಆದಾಯ ಮಿತಿ ಮತ್ತು ಕುಟುಂಬ ಗಾತ್ರದ ನಿಯಮದ ಆಧಾರದ ಮೇಲೆ, ಈ ಅರ್ಜಿದಾರರು ಅರ್ಹರೇ? ಹೌದು ಅಥವಾ ಇಲ್ಲ ಎಂದು ಉತ್ತರಿಸಿ.",no
F0049-x-applicant_name-en,F0049,ration_card,en,extraction,Applicant Name?,Meena Kumari
F0049-x-applicant_name-hi,F0049,ration_card,hi,extraction,आवेदक का नाम?,मीना कुमारी
F0049-x-applicant_name-bn,F0049,ration_card,bn,extraction,আবেদনকারীর নাম?,মীনা কুমারী
F0049-x-applicant_name-te,F0049,ration_card,te,extraction,దరఖాస్తుదారు పేరు?,మీనా కుమారి
F0049-x-applicant_name-ta,F0049,ration_card,ta,extraction,விண்ணப்பதாரர் பெயர்?,மீனா குமாரி
F0049-x-applicant_name-mr,F0049,ration_card,mr,extraction,अर्जदाराचे नाव?,मीना कुमारी
F0049-x-applicant_name-kn,F0049,ration_card,kn,extraction,ಅರ್ಜಿದಾರರ ಹೆಸರು?,ಮೀನಾ ಕುಮಾರಿ
F0049-x-district-en,F0049,ration_card,en,extraction,District?,Salem
F0049-x-district-hi,F0049,ration_card,hi,extraction,जिला?,सेलम
F0049-x-district-bn,F0049,ration_card,bn,extraction,জেলা?,সালেম
F0049-x-district-te,F0049,ration_card,te,extraction,జిల్లా?,సేలం
F0049-x-district-ta,F0049,ration_card,ta,extraction,மாவட்டம்?,சேலம்
F0049-x-district-mr,F0049,ration_card,mr,extraction,जिल्हा?,सेलम
F0049-x-district-kn,F0049,ration_card,kn,extraction,ಜಿಲ್ಲೆ?,ಸೇಲಂ
F0049-x-annual_income-en,F0049,ration_card,en,extraction,Annual Income (Rs.)?,72000
F0049-x-annual_income-hi,F0049,ration_card,hi,extraction,वार्षिक आय (रु.)?,72000
F0049-x-annual_income-bn,F0049,ration_card,bn,extraction,বার্ষিক আয় (টাকা)?,72000
F0049-x-annual_income-te,F0049,ration_card,te,extraction,వార్షిక ఆదాయం (రూ.)?,72000
F0049-x-annual_income-ta,F0049,ration_card,ta,extraction,ஆண்டு வருமானம் (ரூ.)?,72000
F0049-x-annual_income-mr,F0049,ration_card,mr,extraction,वार्षिक उत्पन्न (रु.)?,72000
F0049-x-annual_income-kn,F0049,ration_card,kn,extraction,ವಾರ್ಷಿಕ ಆದಾಯ (ರೂ.)?,72000
F0049-x-family_members-en,F0049,ration_card,en,extraction,Number of Family Members?,3
F0049-x-family_members-hi,F0049,ration_card,hi,extraction,परिवार के सदस्यों की संख्या?,3
F0049-x-family_members-bn,F0049,ration_card,bn,extraction,পরিবারের সদস্য সংখ্যা?,3
F0049-x-family_members-te,F0049,ration_card,te,extraction,కుటుంబ సభ్యుల సంఖ్య?,3
F0049-x-family_members-ta,F0049,ration_card,ta,extraction,குடும்ப உறுப்பினர்கள் எண்ணிக்கை?,3
F0049-x-family_members-mr,F0049,ration_card,mr,extraction,कुटुंब सदस्यांची संख्या?,3
F0049-x-family_members-kn,F0049,ration_card,kn,extraction,ಕುಟುಂಬ ಸದಸ್ಯರ ಸಂಖ್ಯೆ?,3
F0049-x-category-en,F0049,ration_card,en,extraction,Category?,OBC
F0049-x-category-hi,F0049,ration_card,hi,extraction,श्रेणी?,OBC
F0049-x-category-bn,F0049,ration_card,bn,extraction,শ্রেণী?,OBC
F0049-x-category-te,F0049,ration_card,te,extraction,వర్గం?,OBC
F0049-x-category-ta,F0049,ration_card,ta,extraction,பிரிவு?,OBC
F0049-x-category-mr,F0049,ration_card,mr,extraction,प्रवर्ग?,OBC
F0049-x-category-kn,F0049,ration_card,kn,extraction,ವರ್ಗ?,OBC
F0049-r-elig-en,F0049,ration_card,en,reasoning,"Based on the income cap and household size rule, is this applicant eligible? Answer yes or no.",yes
F0049-r-elig-hi,F0049,ration_card,hi,reasoning,"आय सीमा और परिवार के आकार के नियम के आधार पर, क्या यह आवेदक पात्र है? हाँ या नहीं में उत्तर दें।",yes
F0049-r-elig-bn,F0049,ration_card,bn,reasoning,"আয়ের সীমা এবং পরিবারের আকারের নিয়ম অনুসারে, এই আবেদনকারী কি যোগ্য? হ্যাঁ বা না উত্তর দিন।",yes
F0049-r-elig-te,F0049,ration_card,te,reasoning,"ఆదాయ పరిమితి మరియు కుటుంబ పరిమాణ నియమం ఆధారంగా, ఈ దరఖాస్తుదారు అర్హులా? అవును లేదా కాదు అని సమాధానం ఇవ్వండి.",yes
F0049-r-elig-ta,F0049,ration_card,ta,reasoning,"வருமான வரம்பு மற்றும் குடும்ப அளவு விதியின் அடிப்படையில், இந்த விண்ணப்பதாரர் தகுதியானவரா? ஆம் அல்லது இல்லை என பதிலளிக்கவும்.",yes
F0049-r-elig-mr,F0049,ration_card,mr,reasoning,"उत्पन्न मर्यादा आणि कुटुंब आकाराच्या नियमानुसार, हा अर्जदार पात्र आहे का? होय किंवा नाही उत्तर द्या.",yes
F0049-r-elig-kn,F0049,ration_card,kn,reasoning,"ಆದಾಯ ಮಿತಿ ಮತ್ತು ಕುಟುಂಬ ಗಾತ್ರದ ನಿಯಮದ ಆಧಾರದ ಮೇಲೆ, ಈ ಅರ್ಜಿದಾರರು ಅರ್ಹರೇ? ಹೌದು ಅಥವಾ ಇಲ್ಲ ಎಂದು ಉತ್ತರಿಸಿ.",yes
F0050-x-applicant_name-en,F0050,ration_card,en,extraction,Applicant Name?,Meena Kumari
F0050-x-applicant_name-hi,F0050,ration_card,hi,extraction,आवेदक का नाम?,मीना कुमारी
F0050-x-applicant_name-bn,F0050,ration_card,bn,extraction,আবেদনকারীর নাম?,মীনা কুমারী
F0050-x-applicant_name-te,F0050,ration_card,te,extraction,దరఖాస్తుదారు పేరు?,మీనా కుమారి
F0050-x-applicant_name-ta,F0050,ration_card,ta,extraction,விண்ணப்பதாரர் பெயர்?,மீனா குமாரி
F0050-x-applicant_name-mr,F0050,ration_card,mr,extraction,अर्जदाराचे नाव?,मीना कुमारी
F0050-x-applicant_name-kn,F0050,ration_card,kn,extraction,ಅರ್ಜಿದಾರರ ಹೆಸರು?,ಮೀನಾ ಕುಮಾರಿ
F0050-x-district-en,F0050,ration_card,en,extraction,District?,Visakhapatnam
F0050-x-district-hi,F0050,ration_card,hi,extraction,जिला?,विशाखापत्तनम
F0050-x-district-bn,F0050,ration_card,bn,extraction,জেলা?,বিশাখাপত্তনম
F0050-x-district-te,F0050,ration_card,te,extraction,జిల్లా?,విశాఖపట్నం
F0050-x-district-ta,F0050,ration_card,ta,extraction,மாவட்டம்?,விசாகப்பட்டினம்
F0050-x-district-mr,F0050,ration_card,mr,extraction,जिल्हा?,विशाखापट्टणम
F0050-x-district-kn,F0050,ration_card,kn,extraction,ಜಿಲ್ಲೆ?,ವಿಶಾಖಪಟ್ಟಣಂ
F0050-x-annual_income-en,F0050,ration_card,en,extraction,Annual Income (Rs.)?,72000
F0050-x-annual_income-hi,F0050,ration_card,hi,extraction,वार्षिक आय (रु.)?,72000
F0050-x-annual_income-bn,F0050,ration_card,bn,extraction,বার্ষিক আয় (টাকা)?,72000
F0050-x-annual_income-te,F0050,ration_card,te,extraction,వార్షిక ఆదాయం (రూ.)?,72000
F0050-x-annual_income-ta,F0050,ration_card,ta,extraction,ஆண்டு வருமானம் (ரூ.)?,72000
F0050-x-annual_income-mr,F0050,ration_card,mr,extraction,वार्षिक उत्पन्न (रु.)?,72000
F0050-x-annual_income-kn,F0050,ration_card,kn,extraction,ವಾರ್ಷಿಕ ಆದಾಯ (ರೂ.)?,72000
F0050-x-family_members-en,F0050,ration_card,en,extraction,Number of Family Members?,5
F0050-x-family_members-hi,F0050,ration_card,hi,extraction,परिवार के सदस्यों की संख्या?,5
F0050-x-family_members-bn,F0050,ration_card,bn,extraction,পরিবারের সদস্য সংখ্যা?,5
F0050-x-family_members-te,F0050,ration_card,te,extraction,కుటుంబ సభ్యుల సంఖ్య?,5
F0050-x-family_members-ta,F0050,ration_card,ta,extraction,குடும்ப உறுப்பினர்கள் எண்ணிக்கை?,5
F0050-x-family_members-mr,F0050,ration_card,mr,extraction,कुटुंब सदस्यांची संख्या?,5
F0050-x-family_members-kn,F0050,ration_card,kn,extraction,ಕುಟುಂಬ ಸದಸ್ಯರ ಸಂಖ್ಯೆ?,5
F0050-x-category-en,F0050,ration_card,en,extraction,Category?,OBC
F0050-x-category-hi,F0050,ration_card,hi,extraction,श्रेणी?,OBC
F0050-x-category-bn,F0050,ration_card,bn,extraction,শ্রেণী?,OBC
F0050-x-category-te,F0050,ration_card,te,extraction,వర్గం?,OBC
F0050-x-category-ta,F0050,ration_card,ta,extraction,பிரிவு?,OBC
F0050-x-category-mr,F0050,ration_card,mr,extraction,प्रवर्ग?,OBC
F0050-x-category-kn,F0050,ration_card,kn,extraction,ವರ್ಗ?,OBC
F0050-r-elig-en,F0050,ration_card,en,reasoning,"Based on the income cap and household size rule, is this applicant eligible? Answer yes or no.",yes
F0050-r-elig-hi,F0050,ration_card,hi,reasoning,"आय सीमा और परिवार के आकार के नियम के आधार पर, क्या यह आवेदक पात्र है? हाँ या नहीं में उत्तर दें।",yes
F0050-r-elig-bn,F0050,ration_card,bn,reasoning,"আয়ের সীমা এবং পরিবারের আকারের নিয়ম অনুসারে, এই আবেদনকারী কি যোগ্য? হ্যাঁ বা না উত্তর দিন।",yes
F0050-r-elig-te,F0050,ration_card,te,reasoning,"ఆదాయ పరిమితి మరియు కుటుంబ పరిమాణ నియమం ఆధారంగా, ఈ దరఖాస్తుదారు అర్హులా? అవును లేదా కాదు అని సమాధానం ఇవ్వండి.",yes
F0050-r-elig-ta,F0050,ration_card,ta,reasoning,"வருமான வரம்பு மற்றும் குடும்ப அளவு விதியின் அடிப்படையில், இந்த விண்ணப்பதாரர் தகுதியானவரா? ஆம் அல்லது இல்லை என பதிலளிக்கவும்.",yes
F0050-r-elig-mr,F0050,ration_card,mr,reasoning,"उत्पन्न मर्यादा आणि कुटुंब आकाराच्या नियमानुसार, हा अर्जदार पात्र आहे का? होय किंवा नाही उत्तर द्या.",yes
F0050-r-elig-kn,F0050,ration_card,kn,reasoning,"ಆದಾಯ ಮಿತಿ ಮತ್ತು ಕುಟುಂಬ ಗಾತ್ರದ ನಿಯಮದ ಆಧಾರದ ಮೇಲೆ, ಈ ಅರ್ಜಿದಾರರು ಅರ್ಹರೇ? ಹೌದು ಅಥವಾ ಇಲ್ಲ ಎಂದು ಉತ್ತರಿಸಿ.",yes
F0051-x-applicant_name-en,F0051,ration_card,en,extraction,Applicant Name?,Anjali Patil
F0051-x-applicant_name-hi,F0051,ration_card,hi,extraction,आवेदक का नाम?,अंजली पाटील
F0051-x-applicant_name-bn,F0051,ration_card,bn,extraction,আবেদনকারীর নাম?,অঞ্জলি পাটিল
F0051-x-applicant_name-te,F0051,ration_card,te,extraction,దరఖాస్తుదారు పేరు?,అంజలి పాటిల్
F0051-x-applicant_name-ta,F0051,ration_card,ta,extraction,விண்ணப்பதாரர் பெயர்?,அஞ்சலி பாட்டீல்
F0051-x-applicant_name-mr,F0051,ration_card,mr,extraction,अर्जदाराचे नाव?,अंजली पाटील
F0051-x-applicant_name-kn,F0051,ration_card,kn,extraction,ಅರ್ಜಿದಾರರ ಹೆಸರು?,ಅಂಜಲಿ ಪಾಟೀಲ್
F0051-x-district-en,F0051,ration_card,en,extraction,District?,Guntur
F0051-x-district-hi,F0051,ration_card,hi,extraction,जिला?,गुंटूर
F0051-x-district-bn,F0051,ration_card,bn,extraction,জেলা?,গুন্টুর
F0051-x-district-te,F0051,ration_card,te,extraction,జిల్లా?,గుంటూరు
F0051-x-district-ta,F0051,ration_card,ta,extraction,மாவட்டம்?,குண்டூர்
F0051-x-district-mr,F0051,ration_card,mr,extraction,जिल्हा?,गुंटूर
F0051-x-district-kn,F0051,ration_card,kn,extraction,ಜಿಲ್ಲೆ?,ಗುಂಟೂರು
F0051-x-annual_income-en,F0051,ration_card,en,extraction,Annual Income (Rs.)?,96000
F0051-x-annual_income-hi,F0051,ration_card,hi,extraction,वार्षिक आय (रु.)?,96000
F0051-x-annual_income-bn,F0051,ration_card,bn,extraction,বার্ষিক আয় (টাকা)?,96000
F0051-x-annual_income-te,F0051,ration_card,te,extraction,వార్షిక ఆదాయం (రూ.)?,96000
F0051-x-annual_income-ta,F0051,ration_card,ta,extraction,ஆண்டு வருமானம் (ரூ.)?,96000
F0051-x-annual_income-mr,F0051,ration_card,mr,extraction,वार्षिक उत्पन्न (रु.)?,96000
F0051-x-annual_income-kn,F0051,ration_card,kn,extraction,ವಾರ್ಷಿಕ ಆದಾಯ (ರೂ.)?,96000
F0051-x-family_members-en,F0051,ration_card,en,extraction,Number of Family Members?,4
F0051-x-family_members-hi,F0051,ration_card,hi,extraction,परिवार के सदस्यों की संख्या?,4
F0051-x-family_members-bn,F0051,ration_card,bn,extraction,পরিবারের সদস্য সংখ্যা?,4
F0051-x-family_members-te,F0051,ration_card,te,extraction,కుటుంబ సభ్యుల సంఖ్య?,4
F0051-x-family_members-ta,F0051,ration_card,ta,extraction,குடும்ப உறுப்பினர்கள் எண்ணிக்கை?,4
F0051-x-family_members-mr,F0051,ration_card,mr,extraction,कुटुंब सदस्यांची संख्या?,4
F0051-x-family_members-kn,F0051,ration_card,kn,extraction,ಕುಟುಂಬ ಸದಸ್ಯರ ಸಂಖ್ಯೆ?,4
F0051-x-category-en,F0051,ration_card,en,extraction,Category?,SC
F0051-x-category-hi,F0051,ration_card,hi,extraction,श्रेणी?,SC
F0051-x-category-bn,F0051,ration_card,bn,extraction,শ্রেণী?,SC
F0051-x-category-te,F0051,ration_card,te,extraction,వర్గం?,SC
F0051-x-category-ta,F0051,ration_card,ta,extraction,பிரிவு?,SC
F0051-x-category-mr,F0051,ration_card,mr,extraction,प्रवर्ग?,SC
F0051-x-category-kn,F0051,ration_card,kn,extraction,ವರ್ಗ?,SC
F0051-r-elig-en,F0051,ration_card,en,reasoning,"Based on the income cap and household size rule, is this applicant eligible? Answer yes or no.",yes
F0051-r-elig-hi,F0051,ration_card,hi,reasoning,"आय सीमा और परिवार के आकार के नियम के आधार पर, क्या यह आवेदक पात्र है? हाँ या नहीं में उत्तर दें।",yes
F0051-r-elig-bn,F0051,ration_card,bn,reasoning,"আয়ের সীমা এবং পরিবারের আকারের নিয়ম অনুসারে, এই আবেদনকারী কি যোগ্য? হ্যাঁ বা না উত্তর দিন।",yes
F0051-r-elig-te,F0051,ration_card,te,reasoning,"ఆదాయ పరిమితి మరియు కుటుంబ పరిమాణ నియమం ఆధారంగా, ఈ దరఖాస్తుదారు అర్హులా? అవును లేదా కాదు అని సమాధానం ఇవ్వండి.",yes
F0051-r-elig-ta,F0051,ration_card,ta,reasoning,"வருமான வரம்பு மற்றும் குடும்ப அளவு விதியின் அடிப்படையில், இந்த விண்ணப்பதாரர் தகுதியானவரா? ஆம் அல்லது இல்லை என பதிலளிக்கவும்.",yes
F0051-r-elig-mr,F0051,ration_card,mr,reasoning,"उत्पन्न मर्यादा आणि कुटुंब आकाराच्या नियमानुसार, हा अर्जदार पात्र आहे का? होय किंवा नाही उत्तर द्या.",yes
F0051-r-elig-kn,F0051,ration_card,kn,reasoning,"ಆದಾಯ ಮಿತಿ ಮತ್ತು ಕುಟುಂಬ ಗಾತ್ರದ ನಿಯಮದ ಆಧಾರದ ಮೇಲೆ, ಈ ಅರ್ಜಿದಾರರು ಅರ್ಹರೇ? ಹೌದು ಅಥವಾ ಇಲ್ಲ ಎಂದು ಉತ್ತರಿಸಿ.",yes
F0052-x-applicant_name-en,F0052,scholarship,en,extraction,Applicant Name?,Lakshmi Devi
F0052-x-applicant_name-hi,F0052,scholarship,hi,extraction,आवेदक का नाम?,लक्ष्मी देवी
F0052-x-applicant_name-bn,F0052,scholarship,bn,extraction,আবেদনকারীর নাম?,লক্ষ্মী দেবী
F0052-x-applicant_name-te,F0052,scholarship,te,extraction,దరఖాస్తుదారు పేరు?,లక్ష్మీ దేవి
F0052-x-applicant_name-ta,F0052,scholarship,ta,extraction,விண்ணப்பதாரர் பெயர்?,லட்சுமி தேவி
F0052-x-applicant_name-mr,F0052,scholarship,mr,extraction,अर्जदाराचे नाव?,लक्ष्मी देवी
F0052-x-applicant_name-kn,F0052,scholarship,kn,extraction,ಅರ್ಜಿದಾರರ ಹೆಸರು?,ಲಕ್ಷ್ಮಿ ದೇವಿ
F0052-x-district-en,F0052,scholarship,en,extraction,District?,Visakhapatnam
F0052-x-district-hi,F0052,scholarship,hi,extraction,जिला?,विशाखापत्तनम
F0052-x-district-bn,F0052,scholarship,bn,extraction,জেলা?,বিশাখাপত্তনম
F0052-x-district-te,F0052,scholarship,te,extraction,జిల్లా?,విశాఖపట్నం
F0052-x-district-ta,F0052,scholarship,ta,extraction,மாவட்டம்?,விசாகப்பட்டினம்
F0052-x-district-mr,F0052,scholarship,mr,extraction,जिल्हा?,विशाखापट्टणम
F0052-x-district-kn,F0052,scholarship,kn,extraction,ಜಿಲ್ಲೆ?,ವಿಶಾಖಪಟ್ಟಣಂ
F0052-x-annual_income-en,F0052,scholarship,en,extraction,Annual Income (Rs.)?,232000
F0052-x-annual_income-hi,F0052,scholarship,hi,extraction,वार्षिक आय (रु.)?,232000
F0052-x-annual_income-bn,F0052,scholarship,bn,extraction,বার্ষিক আয় (টাকা)?,232000
F0052-x-annual_income-te,F0052,scholarship,te,extraction,వార్షిక ఆదాయం (రూ.)?,232000
F0052-x-annual_income-ta,F0052,scholarship,ta,extraction,ஆண்டு வருமானம் (ரூ.)?,232000
F0052-x-annual_income-mr,F0052,scholarship,mr,extraction,वार्षिक उत्पन्न (रु.)?,232000
F0052-x-annual_income-kn,F0052,scholarship,kn,extraction,ವಾರ್ಷಿಕ ಆದಾಯ (ರೂ.)?,232000
F0052-x-family_members-en,F0052,scholarship,en,extraction,Number of Family Members?,7
F0052-x-family_members-hi,F0052,scholarship,hi,extraction,परिवार के सदस्यों की संख्या?,7
F0052-x-family_members-bn,F0052,scholarship,bn,extraction,পরিবারের সদস্য সংখ্যা?,7
F0052-x-family_members-te,F0052,scholarship,te,extraction,కుటుంబ సభ్యుల సంఖ్య?,7
F0052-x-family_members-ta,F0052,scholarship,ta,extraction,குடும்ப உறுப்பினர்கள் எண்ணிக்கை?,7
F0052-x-family_members-mr,F0052,scholarship,mr,extraction,कुटुंब सदस्यांची संख्या?,7
F0052-x-family_members-kn,F0052,scholarship,kn,extraction,ಕುಟುಂಬ ಸದಸ್ಯರ ಸಂಖ್ಯೆ?,7
F0052-x-category-en,F0052,scholarship,en,extraction,Category?,OBC
F0052-x-category-hi,F0052,scholarship,hi,extraction,श्रेणी?,OBC
F0052-x-category-bn,F0052,scholarship,bn,extraction,শ্রেণী?,OBC
F0052-x-category-te,F0052,scholarship,te,extraction,వర్గం?,OBC
F0052-x-category-ta,F0052,scholarship,ta,extraction,பிரிவு?,OBC
F0052-x-category-mr,F0052,scholarship,mr,extraction,प्रवर्ग?,OBC
F0052-x-category-kn,F0052,scholarship,kn,extraction,ವರ್ಗ?,OBC
F0052-r-elig-en,F0052,scholarship,en,reasoning,"Based on the income cap and household size rule, is this applicant eligible? Answer yes or no.",yes
F0052-r-elig-hi,F0052,scholarship,hi,reasoning,"आय सीमा और परिवार के आकार के नियम के आधार पर, क्या यह आवेदक पात्र है? हाँ या नहीं में उत्तर दें।",yes
F0052-r-elig-bn,F0052,scholarship,bn,reasoning,"আয়ের সীমা এবং পরিবারের আকারের নিয়ম অনুসারে, এই আবেদনকারী কি যোগ্য? হ্যাঁ বা না উত্তর দিন।",yes
F0052-r-elig-te,F0052,scholarship,te,reasoning,"ఆదాయ పరిమితి మరియు కుటుంబ పరిమాణ నియమం ఆధారంగా, ఈ దరఖాస్తుదారు అర్హులా? అవును లేదా కాదు అని సమాధానం ఇవ్వండి.",yes
F0052-r-elig-ta,F0052,scholarship,ta,reasoning,"வருமான வரம்பு மற்றும் குடும்ப அளவு விதியின் அடிப்படையில், இந்த விண்ணப்பதாரர் தகுதியானவரா? ஆம் அல்லது இல்லை என பதிலளிக்கவும்.",yes
F0052-r-elig-mr,F0052,scholarship,mr,reasoning,"उत्पन्न मर्यादा आणि कुटुंब आकाराच्या नियमानुसार, हा अर्जदार पात्र आहे का? होय किंवा नाही उत्तर द्या.",yes
F0052-r-elig-kn,F0052,scholarship,kn,reasoning,"ಆದಾಯ ಮಿತಿ ಮತ್ತು ಕುಟುಂಬ ಗಾತ್ರದ ನಿಯಮದ ಆಧಾರದ ಮೇಲೆ, ಈ ಅರ್ಜಿದಾರರು ಅರ್ಹರೇ? ಹೌದು ಅಥವಾ ಇಲ್ಲ ಎಂದು ಉತ್ತರಿಸಿ.",yes
F0053-x-applicant_name-en,F0053,old_age_pension,en,extraction,Applicant Name?,Arjun Nair
F0053-x-applicant_name-hi,F0053,old_age_pension,hi,extraction,आवेदक का नाम?,अर्जुन नायर
F0053-x-applicant_name-bn,F0053,old_age_pension,bn,extraction,আবেদনকারীর নাম?,অর্জুন নায়ার
F0053-x-applicant_name-te,F0053,old_age_pension,te,extraction,దరఖాస్తుదారు పేరు?,అర్జున్ నాయర్
F0053-x-applicant_name-ta,F0053,old_age_pension,ta,extraction,விண்ணப்பதாரர் பெயர்?,அர்ஜுன் நாயர்
F0053-x-applicant_name-mr,F0053,old_age_pension,mr,extraction,अर्जदाराचे नाव?,अर्जुन नायर
F0053-x-applicant_name-kn,F0053,old_age_pension,kn,extraction,ಅರ್ಜಿದಾರರ ಹೆಸರು?,ಅರ್ಜುನ್ ನಾಯರ್
F0053-x-district-en,F0053,old_age_pension,en,extraction,District?,Nashik
F0053-x-district-hi,F0053,old_age_pension,hi,extraction,जिला?,नाशिक
F0053-x-district-bn,F0053,old_age_pension,bn,extraction,জেলা?,নাসিক
F0053-x-district-te,F0053,old_age_pension,te,extraction,జిల్లా?,నాసిక్
F0053-x-district-ta,F0053,old_age_pension,ta,extraction,மாவட்டம்?,நாசிக்
F0053-x-district-mr,F0053,old_age_pension,mr,extraction,जिल्हा?,नाशिक
F0053-x-district-kn,F0053,old_age_pension,kn,extraction,ಜಿಲ್ಲೆ?,ನಾಸಿಕ್
F0053-x-annual_income-en,F0053,old_age_pension,en,extraction,Annual Income (Rs.)?,310000
F0053-x-annual_income-hi,F0053,old_age_pension,hi,extraction,वार्षिक आय (रु.)?,310000
F0053-x-annual_income-bn,F0053,old_age_pension,bn,extraction,বার্ষিক আয় (টাকা)?,310000
F0053-x-annual_income-te,F0053,old_age_pension,te,extraction,వార్షిక ఆదాయం (రూ.)?,310000
F0053-x-annual_income-ta,F0053,old_age_pension,ta,extraction,ஆண்டு வருமானம் (ரூ.)?,310000
F0053-x-annual_income-mr,F0053,old_age_pension,mr,extraction,वार्षिक उत्पन्न (रु.)?,310000
F0053-x-annual_income-kn,F0053,old_age_pension,kn,extraction,ವಾರ್ಷಿಕ ಆದಾಯ (ರೂ.)?,310000
F0053-x-family_members-en,F0053,old_age_pension,en,extraction,Number of Family Members?,7
F0053-x-family_members-hi,F0053,old_age_pension,hi,extraction,परिवार के सदस्यों की संख्या?,7
F0053-x-family_members-bn,F0053,old_age_pension,bn,extraction,পরিবারের সদস্য সংখ্যা?,7
F0053-x-family_members-te,F0053,old_age_pension,te,extraction,కుటుంబ సభ్యుల సంఖ్య?,7
F0053-x-family_members-ta,F0053,old_age_pension,ta,extraction,குடும்ப உறுப்பினர்கள் எண்ணிக்கை?,7
F0053-x-family_members-mr,F0053,old_age_pension,mr,extraction,कुटुंब सदस्यांची संख्या?,7
F0053-x-family_members-kn,F0053,old_age_pension,kn,extraction,ಕುಟುಂಬ ಸದಸ್ಯರ ಸಂಖ್ಯೆ?,7
F0053-x-category-en,F0053,old_age_pension,en,extraction,Category?,SC
F0053-x-category-hi,F0053,old_age_pension,hi,extraction,श्रेणी?,SC
F0053-x-category-bn,F0053,old_age_pension,bn,extraction,শ্রেণী?,SC
F0053-x-category-te,F0053,old_age_pension,te,extraction,వర్గం?,SC
F0053-x-category-ta,F0053,old_age_pension,ta,extraction,பிரிவு?,SC
F0053-x-category-mr,F0053,old_age_pension,mr,extraction,प्रवर्ग?,SC
F0053-x-category-kn,F0053,old_age_pension,kn,extraction,ವರ್ಗ?,SC
F0053-r-elig-en,F0053,old_age_pension,en,reasoning,"Based on the income cap and household size rule, is this applicant eligible? Answer yes or no.",no
F0053-r-elig-hi,F0053,old_age_pension,hi,reasoning,"आय सीमा और परिवार के आकार के नियम के आधार पर, क्या यह आवेदक पात्र है? हाँ या नहीं में उत्तर दें।",no
F0053-r-elig-bn,F0053,old_age_pension,bn,reasoning,"আয়ের সীমা এবং পরিবারের আকারের নিয়ম অনুসারে, এই আবেদনকারী কি যোগ্য? হ্যাঁ বা না উত্তর দিন।",no
F0053-r-elig-te,F0053,old_age_pension,te,reasoning,"ఆదాయ పరిమితి మరియు కుటుంబ పరిమాణ నియమం ఆధారంగా, ఈ దరఖాస్తుదారు అర్హులా? అవును లేదా కాదు అని సమాధానం ఇవ్వండి.",no
F0053-r-elig-ta,F0053,old_age_pension,ta,reasoning,"வருமான வரம்பு மற்றும் குடும்ப அளவு விதியின் அடிப்படையில், இந்த விண்ணப்பதாரர் தகுதியானவரா? ஆம் அல்லது இல்லை என பதிலளிக்கவும்.",no
F0053-r-elig-mr,F0053,old_age_pension,mr,reasoning,"उत्पन्न मर्यादा आणि कुटुंब आकाराच्या नियमानुसार, हा अर्जदार पात्र आहे का? होय किंवा नाही उत्तर द्या.",no
F0053-r-elig-kn,F0053,old_age_pension,kn,reasoning,"ಆದಾಯ ಮಿತಿ ಮತ್ತು ಕುಟುಂಬ ಗಾತ್ರದ ನಿಯಮದ ಆಧಾರದ ಮೇಲೆ, ಈ ಅರ್ಜಿದಾರರು ಅರ್ಹರೇ? ಹೌದು ಅಥವಾ ಇಲ್ಲ ಎಂದು ಉತ್ತರಿಸಿ.",no
F0054-x-applicant_name-en,F0054,ration_card,en,extraction,Applicant Name?,Fatima Begum
F0054-x-applicant_name-hi,F0054,ration_card,hi,extraction,आवेदक का नाम?,फ़ातिमा बेगम
F0054-x-applicant_name-bn,F0054,ration_card,bn,extraction,আবেদনকারীর নাম?,ফাতিমা বেগম
F0054-x-applicant_name-te,F0054,ration_card,te,extraction,దరఖాస్తుదారు పేరు?,ఫాతిమా బేగం
F0054-x-applicant_name-ta,F0054,ration_card,ta,extraction,விண்ணப்பதாரர் பெயர்?,பாத்திமா பேகம்
F0054-x-applicant_name-mr,F0054,ration_card,mr,extraction,अर्जदाराचे नाव?,फातिमा बेगम
F0054-x-applicant_name-kn,F0054,ration_card,kn,extraction,ಅರ್ಜಿದಾರರ ಹೆಸರು?,ಫಾತಿಮಾ ಬೇಗಂ
F0054-x-district-en,F0054,ration_card,en,extraction,District?,Nashik
F0054-x-district-hi,F0054,ration_card,hi,extraction,जिला?,नाशिक
F0054-x-district-bn,F0054,ration_card,bn,extraction,জেলা?,নাসিক
F0054-x-district-te,F0054,ration_card,te,extraction,జిల్లా?,నాసిక్
F0054-x-district-ta,F0054,ration_card,ta,extraction,மாவட்டம்?,நாசிக்
F0054-x-district-mr,F0054,ration_card,mr,extraction,जिल्हा?,नाशिक
F0054-x-district-kn,F0054,ration_card,kn,extraction,ಜಿಲ್ಲೆ?,ನಾಸಿಕ್
F0054-x-annual_income-en,F0054,ration_card,en,extraction,Annual Income (Rs.)?,232000
F0054-x-annual_income-hi,F0054,ration_card,hi,extraction,वार्षिक आय (रु.)?,232000
F0054-x-annual_income-bn,F0054,ration_card,bn,extraction,বার্ষিক আয় (টাকা)?,232000
F0054-x-annual_income-te,F0054,ration_card,te,extraction,వార్షిక ఆదాయం (రూ.)?,232000
F0054-x-annual_income-ta,F0054,ration_card,ta,extraction,ஆண்டு வருமானம் (ரூ.)?,232000
F0054-x-annual_income-mr,F0054,ration_card,mr,extraction,वार्षिक उत्पन्न (रु.)?,232000
F0054-x-annual_income-kn,F0054,ration_card,kn,extraction,ವಾರ್ಷಿಕ ಆದಾಯ (ರೂ.)?,232000
F0054-x-family_members-en,F0054,ration_card,en,extraction,Number of Family Members?,8
F0054-x-family_members-hi,F0054,ration_card,hi,extraction,परिवार के सदस्यों की संख्या?,8
F0054-x-family_members-bn,F0054,ration_card,bn,extraction,পরিবারের সদস্য সংখ্যা?,8
F0054-x-family_members-te,F0054,ration_card,te,extraction,కుటుంబ సభ్యుల సంఖ్య?,8
F0054-x-family_members-ta,F0054,ration_card,ta,extraction,குடும்ப உறுப்பினர்கள் எண்ணிக்கை?,8
F0054-x-family_members-mr,F0054,ration_card,mr,extraction,कुटुंब सदस्यांची संख्या?,8
F0054-x-family_members-kn,F0054,ration_card,kn,extraction,ಕುಟುಂಬ ಸದಸ್ಯರ ಸಂಖ್ಯೆ?,8
F0054-x-category-en,F0054,ration_card,en,extraction,Category?,ST
F0054-x-category-hi,F0054,ration_card,hi,extraction,श्रेणी?,ST
F0054-x-category-bn,F0054,ration_card,bn,extraction,শ্রেণী?,ST
F0054-x-category-te,F0054,ration_card,te,extraction,వర్గం?,ST
F0054-x-category-ta,F0054,ration_card,ta,extraction,பிரிவு?,ST
F0054-x-category-mr,F0054,ration_card,mr,extraction,प्रवर्ग?,ST
F0054-x-category-kn,F0054,ration_card,kn,extraction,ವರ್ಗ?,ST
F0054-r-elig-en,F0054,ration_card,en,reasoning,"Based on the income cap and household size rule, is this applicant eligible? Answer yes or no.",no
F0054-r-elig-hi,F0054,ration_card,hi,reasoning,"आय सीमा और परिवार के आकार के नियम के आधार पर, क्या यह आवेदक पात्र है? हाँ या नहीं में उत्तर दें।",no
F0054-r-elig-bn,F0054,ration_card,bn,reasoning,"আয়ের সীমা এবং পরিবারের আকারের নিয়ম অনুসারে, এই আবেদনকারী কি যোগ্য? হ্যাঁ বা না উত্তর দিন।",no
F0054-r-elig-te,F0054,ration_card,te,reasoning,"ఆదాయ పరిమితి మరియు కుటుంబ పరిమాణ నియమం ఆధారంగా, ఈ దరఖాస్తుదారు అర్హులా? అవును లేదా కాదు అని సమాధానం ఇవ్వండి.",no
F0054-r-elig-ta,F0054,ration_card,ta,reasoning,"வருமான வரம்பு மற்றும் குடும்ப அளவு விதியின் அடிப்படையில், இந்த விண்ணப்பதாரர் தகுதியானவரா? ஆம் அல்லது இல்லை என பதிலளிக்கவும்.",no
F0054-r-elig-mr,F0054,ration_card,mr,reasoning,"उत्पन्न मर्यादा आणि कुटुंब आकाराच्या नियमानुसार, हा अर्जदार पात्र आहे का? होय किंवा नाही उत्तर द्या.",no
F0054-r-elig-kn,F0054,ration_card,kn,reasoning,"ಆದಾಯ ಮಿತಿ ಮತ್ತು ಕುಟುಂಬ ಗಾತ್ರದ ನಿಯಮದ ಆಧಾರದ ಮೇಲೆ, ಈ ಅರ್ಜಿದಾರರು ಅರ್ಹರೇ? ಹೌದು ಅಥವಾ ಇಲ್ಲ ಎಂದು ಉತ್ತರಿಸಿ.",no
F0055-x-applicant_name-en,F0055,old_age_pension,en,extraction,Applicant Name?,Lakshmi Devi
F0055-x-applicant_name-hi,F0055,old_age_pension,hi,extraction,आवेदक का नाम?,लक्ष्मी देवी
F0055-x-applicant_name-bn,F0055,old_age_pension,bn,extraction,আবেদনকারীর নাম?,লক্ষ্মী দেবী
F0055-x-applicant_name-te,F0055,old_age_pension,te,extraction,దరఖాస్తుదారు పేరు?,లక్ష్మీ దేవి
F0055-x-applicant_name-ta,F0055,old_age_pension,ta,extraction,விண்ணப்பதாரர் பெயர்?,லட்சுமி தேவி
F0055-x-applicant_name-mr,F0055,old_age_pension,mr,extraction,अर्जदाराचे नाव?,लक्ष्मी देवी
F0055-x-applicant_name-kn,F0055,old_age_pension,kn,extraction,ಅರ್ಜಿದಾರರ ಹೆಸರು?,ಲಕ್ಷ್ಮಿ ದೇವಿ
F0055-x-district-en,F0055,old_age_pension,en,extraction,District?,Salem
F0055-x-district-hi,F0055,old_age_pension,hi,extraction,जिला?,सेलम
F0055-x-district-bn,F0055,old_age_pension,bn,extraction,জেলা?,সালেম
F0055-x-district-te,F0055,old_age_pension,te,extraction,జిల్లా?,సేలం
F0055-x-district-ta,F0055,old_age_pension,ta,extraction,மாவட்டம்?,சேலம்
F0055-x-district-mr,F0055,old_age_pension,mr,extraction,जिल्हा?,सेलम
F0055-x-district-kn,F0055,old_age_pension,kn,extraction,ಜಿಲ್ಲೆ?,ಸೇಲಂ
F0055-x-annual_income-en,F0055,old_age_pension,en,extraction,Annual Income (Rs.)?,72000
F0055-x-annual_income-hi,F0055,old_age_pension,hi,extraction,वार्षिक आय (रु.)?,72000
F0055-x-annual_income-bn,F0055,old_age_pension,bn,extraction,বার্ষিক আয় (টাকা)?,72000
F0055-x-annual_income-te,F0055,old_age_pension,te,extraction,వార్షిక ఆదాయం (రూ.)?,72000
F0055-x-annual_income-ta,F0055,old_age_pension,ta,extraction,ஆண்டு வருமானம் (ரூ.)?,72000
F0055-x-annual_income-mr,F0055,old_age_pension,mr,extraction,वार्षिक उत्पन्न (रु.)?,72000
F0055-x-annual_income-kn,F0055,old_age_pension,kn,extraction,ವಾರ್ಷಿಕ ಆದಾಯ (ರೂ.)?,72000
F0055-x-family_members-en,F0055,old_age_pension,en,extraction,Number of Family Members?,8
F0055-x-family_members-hi,F0055,old_age_pension,hi,extraction,परिवार के सदस्यों की संख्या?,8
F0055-x-family_members-bn,F0055,old_age_pension,bn,extraction,পরিবারের সদস্য সংখ্যা?,8
F0055-x-family_members-te,F0055,old_age_pension,te,extraction,కుటుంబ సభ్యుల సంఖ్య?,8
F0055-x-family_members-ta,F0055,old_age_pension,ta,extraction,குடும்ப உறுப்பினர்கள் எண்ணிக்கை?,8
F0055-x-family_members-mr,F0055,old_age_pension,mr,extraction,कुटुंब सदस्यांची संख्या?,8
F0055-x-family_members-kn,F0055,old_age_pension,kn,extraction,ಕುಟುಂಬ ಸದಸ್ಯರ ಸಂಖ್ಯೆ?,8
F0055-x-category-en,F0055,old_age_pension,en,extraction,Category?,EWS
F0055-x-category-hi,F0055,old_age_pension,hi,extraction,श्रेणी?,EWS
F0055-x-category-bn,F0055,old_age_pension,bn,extraction,শ্রেণী?,EWS
F0055-x-category-te,F0055,old_age_pension,te,extraction,వర్గం?,EWS
F0055-x-category-ta,F0055,old_age_pension,ta,extraction,பிரிவு?,EWS
F0055-x-category-mr,F0055,old_age_pension,mr,extraction,प्रवर्ग?,EWS
F0055-x-category-kn,F0055,old_age_pension,kn,extraction,ವರ್ಗ?,EWS
F0055-r-elig-en,F0055,old_age_pension,en,reasoning,"Based on the income cap and household size rule, is this applicant eligible? Answer yes or no.",yes
F0055-r-elig-hi,F0055,old_age_pension,hi,reasoning,"आय सीमा और परिवार के आकार के नियम के आधार पर, क्या यह आवेदक पात्र है? हाँ या नहीं में उत्तर दें।",yes
F0055-r-elig-bn,F0055,old_age_pension,bn,reasoning,"আয়ের সীমা এবং পরিবারের আকারের নিয়ম অনুসারে, এই আবেদনকারী কি যোগ্য? হ্যাঁ বা না উত্তর দিন।",yes
F0055-r-elig-te,F0055,old_age_pension,te,reasoning,"ఆదాయ పరిమితి మరియు కుటుంబ పరిమాణ నియమం ఆధారంగా, ఈ దరఖాస్తుదారు అర్హులా? అవును లేదా కాదు అని సమాధానం ఇవ్వండి.",yes
F0055-r-elig-ta,F0055,old_age_pension,ta,reasoning,"வருமான வரம்பு மற்றும் குடும்ப அளவு விதியின் அடிப்படையில், இந்த விண்ணப்பதாரர் தகுதியானவரா? ஆம் அல்லது இல்லை என பதிலளிக்கவும்.",yes
F0055-r-elig-mr,F0055,old_age_pension,mr,reasoning,"उत्पन्न मर्यादा आणि कुटुंब आकाराच्या नियमानुसार, हा अर्जदार पात्र आहे का? होय किंवा नाही उत्तर द्या.",yes
F0055-r-elig-kn,F0055,old_age_pension,kn,reasoning,"ಆದಾಯ ಮಿತಿ ಮತ್ತು ಕುಟುಂಬ ಗಾತ್ರದ ನಿಯಮದ ಆಧಾರದ ಮೇಲೆ, ಈ ಅರ್ಜಿದಾರರು ಅರ್ಹರೇ? ಹೌದು ಅಥವಾ ಇಲ್ಲ ಎಂದು ಉತ್ತರಿಸಿ.",yes
F0056-x-applicant_name-en,F0056,old_age_pension,en,extraction,Applicant Name?,Venkat Reddy
F0056-x-applicant_name-hi,F0056,old_age_pension,hi,extraction,आवेदक का नाम?,वेंकट रेड्डी
F0056-x-applicant_name-bn,F0056,old_age_pension,bn,extraction,আবেদনকারীর নাম?,ভেঙ্কট রেড্ডি
F0056-x-applicant_name-te,F0056,old_age_pension,te,extraction,దరఖాస్తుదారు పేరు?,వెంకట్ రెడ్డి
F0056-x-applicant_name-ta,F0056,old_age_pension,ta,extraction,விண்ணப்பதாரர் பெயர்?,வெங்கட் ரெட்டி
F0056-x-applicant_name-mr,F0056,old_age_pension,mr,extraction,अर्जदाराचे नाव?,वेंकट रेड्डी
F0056-x-applicant_name-kn,F0056,old_age_pension,kn,extraction,ಅರ್ಜಿದಾರರ ಹೆಸರು?,ವೆಂಕಟ್ ರೆಡ್ಡಿ
F0056-x-district-en,F0056,old_age_pension,en,extraction,District?,Salem
F0056-x-district-hi,F0056,old_age_pension,hi,extraction,जिला?,सेलम
F0056-x-district-bn,F0056,old_age_pension,bn,extraction,জেলা?,সালেম
F0056-x-district-te,F0056,old_age_pension,te,extraction,జిల్లా?,సేలం
F0056-x-district-ta,F0056,old_age_pension,ta,extraction,மாவட்டம்?,சேலம்
F0056-x-district-mr,F0056,old_age_pension,mr,extraction,जिल्हा?,सेलम
F0056-x-district-kn,F0056,old_age_pension,kn,extraction,ಜಿಲ್ಲೆ?,ಸೇಲಂ
F0056-x-annual_income-en,F0056,old_age_pension,en,extraction,Annual Income (Rs.)?,72000
F0056-x-annual_income-hi,F0056,old_age_pension,hi,extraction,वार्षिक आय (रु.)?,72000
F0056-x-annual_income-bn,F0056,old_age_pension,bn,extraction,বার্ষিক আয় (টাকা)?,72000
F0056-x-annual_income-te,F0056,old_age_pension,te,extraction,వార్షిక ఆదాయం (రూ.)?,72000
F0056-x-annual_income-ta,F0056,old_age_pension,ta,extraction,ஆண்டு வருமானம் (ரூ.)?,72000
F0056-x-annual_income-mr,F0056,old_age_pension,mr,extraction,वार्षिक उत्पन्न (रु.)?,72000
F0056-x-annual_income-kn,F0056,old_age_pension,kn,extraction,ವಾರ್ಷಿಕ ಆದಾಯ (ರೂ.)?,72000
F0056-x-family_members-en,F0056,old_age_pension,en,extraction,Number of Family Members?,7
F0056-x-family_members-hi,F0056,old_age_pension,hi,extraction,परिवार के सदस्यों की संख्या?,7
F0056-x-family_members-bn,F0056,old_age_pension,bn,extraction,পরিবারের সদস্য সংখ্যা?,7
F0056-x-family_members-te,F0056,old_age_pension,te,extraction,కుటుంబ సభ్యుల సంఖ్య?,7
F0056-x-family_members-ta,F0056,old_age_pension,ta,extraction,குடும்ப உறுப்பினர்கள் எண்ணிக்கை?,7
F0056-x-family_members-mr,F0056,old_age_pension,mr,extraction,कुटुंब सदस्यांची संख्या?,7
F0056-x-family_members-kn,F0056,old_age_pension,kn,extraction,ಕುಟುಂಬ ಸದಸ್ಯರ ಸಂಖ್ಯೆ?,7
F0056-x-category-en,F0056,old_age_pension,en,extraction,Category?,SC
F0056-x-category-hi,F0056,old_age_pension,hi,extraction,श्रेणी?,SC
F0056-x-category-bn,F0056,old_age_pension,bn,extraction,শ্রেণী?,SC
F0056-x-category-te,F0056,old_age_pension,te,extraction,వర్గం?,SC
F0056-x-category-ta,F0056,old_age_pension,ta,extraction,பிரிவு?,SC
F0056-x-category-mr,F0056,old_age_pension,mr,extraction,प्रवर्ग?,SC
F0056-x-category-kn,F0056,old_age_pension,kn,extraction,ವರ್ಗ?,SC
F0056-r-elig-en,F0056,old_age_pension,en,reasoning,"Based on the income cap and household size rule, is this applicant eligible? Answer yes or no.",yes
F0056-r-elig-hi,F0056,old_age_pension,hi,reasoning,"आय सीमा और परिवार के आकार के नियम के आधार पर, क्या यह आवेदक पात्र है? हाँ या नहीं में उत्तर दें।",yes
F0056-r-elig-bn,F0056,old_age_pension,bn,reasoning,"আয়ের সীমা এবং পরিবারের আকারের নিয়ম অনুসারে, এই আবেদনকারী কি যোগ্য? হ্যাঁ বা না উত্তর দিন।",yes
F0056-r-elig-te,F0056,old_age_pension,te,reasoning,"ఆదాయ పరిమితి మరియు కుటుంబ పరిమాణ నియమం ఆధారంగా, ఈ దరఖాస్తుదారు అర్హులా? అవును లేదా కాదు అని సమాధానం ఇవ్వండి.",yes
F0056-r-elig-ta,F0056,old_age_pension,ta,reasoning,"வருமான வரம்பு மற்றும் குடும்ப அளவு விதியின் அடிப்படையில், இந்த விண்ணப்பதாரர் தகுதியானவரா? ஆம் அல்லது இல்லை என பதிலளிக்கவும்.",yes
F0056-r-elig-mr,F0056,old_age_pension,mr,reasoning,"उत्पन्न मर्यादा आणि कुटुंब आकाराच्या नियमानुसार, हा अर्जदार पात्र आहे का? होय किंवा नाही उत्तर द्या.",yes
F0056-r-elig-kn,F0056,old_age_pension,kn,reasoning,"ಆದಾಯ ಮಿತಿ ಮತ್ತು ಕುಟುಂಬ ಗಾತ್ರದ ನಿಯಮದ ಆಧಾರದ ಮೇಲೆ, ಈ ಅರ್ಜಿದಾರರು ಅರ್ಹರೇ? ಹೌದು ಅಥವಾ ಇಲ್ಲ ಎಂದು ಉತ್ತರಿಸಿ.",yes
F0057-x-applicant_name-en,F0057,ration_card,en,extraction,Applicant Name?,Anjali Patil
F0057-x-applicant_name-hi,F0057,ration_card,hi,extraction,आवेदक का नाम?,अंजली पाटील
F0057-x-applicant_name-bn,F0057,ration_card,bn,extraction,আবেদনকারীর নাম?,অঞ্জলি পাটিল
F0057-x-applicant_name-te,F0057,ration_card,te,extraction,దరఖాస్తుదారు పేరు?,అంజలి పాటిల్
F0057-x-applicant_name-ta,F0057,ration_card,ta,extraction,விண்ணப்பதாரர் பெயர்?,அஞ்சலி பாட்டீல்
F0057-x-applicant_name-mr,F0057,ration_card,mr,extraction,अर्जदाराचे नाव?,अंजली पाटील
F0057-x-applicant_name-kn,F0057,ration_card,kn,extraction,ಅರ್ಜಿದಾರರ ಹೆಸರು?,ಅಂಜಲಿ ಪಾಟೀಲ್
F0057-x-district-en,F0057,ration_card,en,extraction,District?,Guntur
F0057-x-district-hi,F0057,ration_card,hi,extraction,जिला?,गुंटूर
F0057-x-district-bn,F0057,ration_card,bn,extraction,জেলা?,গুন্টুর
F0057-x-district-te,F0057,ration_card,te,extraction,జిల్లా?,గుంటూరు
F0057-x-district-ta,F0057,ration_card,ta,extraction,மாவட்டம்?,குண்டூர்
F0057-x-district-mr,F0057,ration_card,mr,extraction,जिल्हा?,गुंटूर
F0057-x-district-kn,F0057,ration_card,kn,extraction,ಜಿಲ್ಲೆ?,ಗುಂಟೂರು
F0057-x-annual_income-en,F0057,ration_card,en,extraction,Annual Income (Rs.)?,48000
F0057-x-annual_income-hi,F0057,ration_card,hi,extraction,वार्षिक आय (रु.)?,48000
F0057-x-annual_income-bn,F0057,ration_card,bn,extraction,বার্ষিক আয় (টাকা)?,48000
F0057-x-annual_income-te,F0057,ration_card,te,extraction,వార్షిక ఆదాయం (రూ.)?,48000
F0057-x-annual_income-ta,F0057,ration_card,ta,extraction,ஆண்டு வருமானம் (ரூ.)?,48000
F0057-x-annual_income-mr,F0057,ration_card,mr,extraction,वार्षिक उत्पन्न (रु.)?,48000
F0057-x-annual_income-kn,F0057,ration_card,kn,extraction,ವಾರ್ಷಿಕ ಆದಾಯ (ರೂ.)?,48000
F0057-x-family_members-en,F0057,ration_card,en,extraction,Number of Family Members?,3
F0057-x-family_members-hi,F0057,ration_card,hi,extraction,परिवार के सदस्यों की संख्या?,3
F0057-x-family_members-bn,F0057,ration_card,bn,extraction,পরিবারের সদস্য সংখ্যা?,3
F0057-x-family_members-te,F0057,ration_card,te,extraction,కుటుంబ సభ్యుల సంఖ్య?,3
F0057-x-family_members-ta,F0057,ration_card,ta,extraction,குடும்ப உறுப்பினர்கள் எண்ணிக்கை?,3
F0057-x-family_members-mr,F0057,ration_card,mr,extraction,कुटुंब सदस्यांची संख्या?,3
F0057-x-family_members-kn,F0057,ration_card,kn,extraction,ಕುಟುಂಬ ಸದಸ್ಯರ ಸಂಖ್ಯೆ?,3
F0057-x-category-en,F0057,ration_card,en,extraction,Category?,ST
F0057-x-category-hi,F0057,ration_card,hi,extraction,श्रेणी?,ST
F0057-x-category-bn,F0057,ration_card,bn,extraction,শ্রেণী?,ST
F0057-x-category-te,F0057,ration_card,te,extraction,వర్గం?,ST
F0057-x-category-ta,F0057,ration_card,ta,extraction,பிரிவு?,ST
F0057-x-category-mr,F0057,ration_card,mr,extraction,प्रवर्ग?,ST
F0057-x-category-kn,F0057,ration_card,kn,extraction,ವರ್ಗ?,ST
F0057-r-elig-en,F0057,ration_card,en,reasoning,"Based on the income cap and household size rule, is this applicant eligible? Answer yes or no.",yes
F0057-r-elig-hi,F0057,ration_card,hi,reasoning,"आय सीमा और परिवार के आकार के नियम के आधार पर, क्या यह आवेदक पात्र है? हाँ या नहीं में उत्तर दें।",yes
F0057-r-elig-bn,F0057,ration_card,bn,reasoning,"আয়ের সীমা এবং পরিবারের আকারের নিয়ম অনুসারে, এই আবেদনকারী কি যোগ্য? হ্যাঁ বা না উত্তর দিন।",yes
F0057-r-elig-te,F0057,ration_card,te,reasoning,"ఆదాయ పరిమితి మరియు కుటుంబ పరిమాణ నియమం ఆధారంగా, ఈ దరఖాస్తుదారు అర్హులా? అవును లేదా కాదు అని సమాధానం ఇవ్వండి.",yes
F0057-r-elig-ta,F0057,ration_card,ta,reasoning,"வருமான வரம்பு மற்றும் குடும்ப அளவு விதியின் அடிப்படையில், இந்த விண்ணப்பதாரர் தகுதியானவரா? ஆம் அல்லது இல்லை என பதிலளிக்கவும்.",yes
F0057-r-elig-mr,F0057,ration_card,mr,reasoning,"उत्पन्न मर्यादा आणि कुटुंब आकाराच्या नियमानुसार, हा अर्जदार पात्र आहे का? होय किंवा नाही उत्तर द्या.",yes
F0057-r-elig-kn,F0057,ration_card,kn,reasoning,"ಆದಾಯ ಮಿತಿ ಮತ್ತು ಕುಟುಂಬ ಗಾತ್ರದ ನಿಯಮದ ಆಧಾರದ ಮೇಲೆ, ಈ ಅರ್ಜಿದಾರರು ಅರ್ಹರೇ? ಹೌದು ಅಥವಾ ಇಲ್ಲ ಎಂದು ಉತ್ತರಿಸಿ.",yes
F0058-x-applicant_name-en,F0058,scholarship,en,extraction,Applicant Name?,Ramesh Kumar
F0058-x-applicant_name-hi,F0058,scholarship,hi,extraction,आवेदक का नाम?,रमेश कुमार
F0058-x-applicant_name-bn,F0058,scholarship,bn,extraction,আবেদনকারীর নাম?,রমেশ কুমার
F0058-x-applicant_name-te,F0058,scholarship,te,extraction,దరఖాస్తుదారు పేరు?,రమేష్ కుమార్
F0058-x-applicant_name-ta,F0058,scholarship,ta,extraction,விண்ணப்பதாரர் பெயர்?,ரமேஷ் குமார்
F0058-x-applicant_name-mr,F0058,scholarship,mr,extraction,अर्जदाराचे नाव?,रमेश कुमार
F0058-x-applicant_name-kn,F0058,scholarship,kn,extraction,ಅರ್ಜಿದಾರರ ಹೆಸರು?,ರಮೇಶ್ ಕುಮಾರ್
F0058-x-district-en,F0058,scholarship,en,extraction,District?,Salem
F0058-x-district-hi,F0058,scholarship,hi,extraction,जिला?,सेलम
F0058-x-district-bn,F0058,scholarship,bn,extraction,জেলা?,সালেম
F0058-x-district-te,F0058,scholarship,te,extraction,జిల్లా?,సేలం
F0058-x-district-ta,F0058,scholarship,ta,extraction,மாவட்டம்?,சேலம்
F0058-x-district-mr,F0058,scholarship,mr,extraction,जिल्हा?,सेलम
F0058-x-district-kn,F0058,scholarship,kn,extraction,ಜಿಲ್ಲೆ?,ಸೇಲಂ
F0058-x-annual_income-en,F0058,scholarship,en,extraction,Annual Income (Rs.)?,72000
F0058-x-annual_income-hi,F0058,scholarship,hi,extraction,वार्षिक आय (रु.)?,72000
F0058-x-annual_income-bn,F0058,scholarship,bn,extraction,বার্ষিক আয় (টাকা)?,72000
F0058-x-annual_income-te,F0058,scholarship,te,extraction,వార్షిక ఆదాయం (రూ.)?,72000
F0058-x-annual_income-ta,F0058,scholarship,ta,extraction,ஆண்டு வருமானம் (ரூ.)?,72000
F0058-x-annual_income-mr,F0058,scholarship,mr,extraction,वार्षिक उत्पन्न (रु.)?,72000
F0058-x-annual_income-kn,F0058,scholarship,kn,extraction,ವಾರ್ಷಿಕ ಆದಾಯ (ರೂ.)?,72000
F0058-x-family_members-en,F0058,scholarship,en,extraction,Number of Family Members?,6
F0058-x-family_members-hi,F0058,scholarship,hi,extraction,परिवार के सदस्यों की संख्या?,6
F0058-x-family_members-bn,F0058,scholarship,bn,extraction,পরিবারের সদস্য সংখ্যা?,6
F0058-x-family_members-te,F0058,scholarship,te,extraction,కుటుంబ సభ్యుల సంఖ్య?,6
F0058-x-family_members-ta,F0058,scholarship,ta,extraction,குடும்ப உறுப்பினர்கள் எண்ணிக்கை?,6
F0058-x-family_members-mr,F0058,scholarship,mr,extraction,कुटुंब सदस्यांची संख्या?,6
F0058-x-family_members-kn,F0058,scholarship,kn,extraction,ಕುಟುಂಬ ಸದಸ್ಯರ ಸಂಖ್ಯೆ?,6
F0058-x-category-en,F0058,scholarship,en,extraction,Category?,ST
F0058-x-category-hi,F0058,scholarship,hi,extraction,श्रेणी?,ST
F0058-x-category-bn,F0058,scholarship,bn,extraction,শ্রেণী?,ST
F0058-x-category-te,F0058,scholarship,te,extraction,వర్గం?,ST
F0058-x-category-ta,F0058,scholarship,ta,extraction,பிரிவு?,ST
F0058-x-category-mr,F0058,scholarship,mr,extraction,प्रवर्ग?,ST
F0058-x-category-kn,F0058,scholarship,kn,extraction,ವರ್ಗ?,ST
F0058-r-elig-en,F0058,scholarship,en,reasoning,"Based on the income cap and household size rule, is this applicant eligible? Answer yes or no.",yes
F0058-r-elig-hi,F0058,scholarship,hi,reasoning,"आय सीमा और परिवार के आकार के नियम के आधार पर, क्या यह आवेदक पात्र है? हाँ या नहीं में उत्तर दें।",yes
F0058-r-elig-bn,F0058,scholarship,bn,reasoning,"আয়ের সীমা এবং পরিবারের আকারের নিয়ম অনুসারে, এই আবেদনকারী কি যোগ্য? হ্যাঁ বা না উত্তর দিন।",yes
F0058-r-elig-te,F0058,scholarship,te,reasoning,"ఆదాయ పరిమితి మరియు కుటుంబ పరిమాణ నియమం ఆధారంగా, ఈ దరఖాస్తుదారు అర్హులా? అవును లేదా కాదు అని సమాధానం ఇవ్వండి.",yes
F0058-r-elig-ta,F0058,scholarship,ta,reasoning,"வருமான வரம்பு மற்றும் குடும்ப அளவு விதியின் அடிப்படையில், இந்த விண்ணப்பதாரர் தகுதியானவரா? ஆம் அல்லது இல்லை என பதிலளிக்கவும்.",yes
F0058-r-elig-mr,F0058,scholarship,mr,reasoning,"उत्पन्न मर्यादा आणि कुटुंब आकाराच्या नियमानुसार, हा अर्जदार पात्र आहे का? होय किंवा नाही उत्तर द्या.",yes
F0058-r-elig-kn,F0058,scholarship,kn,reasoning,"ಆದಾಯ ಮಿತಿ ಮತ್ತು ಕುಟುಂಬ ಗಾತ್ರದ ನಿಯಮದ ಆಧಾರದ ಮೇಲೆ, ಈ ಅರ್ಜಿದಾರರು ಅರ್ಹರೇ? ಹೌದು ಅಥವಾ ಇಲ್ಲ ಎಂದು ಉತ್ತರಿಸಿ.",yes
F0059-x-applicant_name-en,F0059,scholarship,en,extraction,Applicant Name?,Suresh Rao
F0059-x-applicant_name-hi,F0059,scholarship,hi,extraction,आवेदक का नाम?,सुरेश राव
F0059-x-applicant_name-bn,F0059,scholarship,bn,extraction,আবেদনকারীর নাম?,সুরেশ রাও
F0059-x-applicant_name-te,F0059,scholarship,te,extraction,దరఖాస్తుదారు పేరు?,సురేష్ రావు
F0059-x-applicant_name-ta,F0059,scholarship,ta,extraction,விண்ணப்பதாரர் பெயர்?,சுரேஷ் ராவ்
F0059-x-applicant_name-mr,F0059,scholarship,mr,extraction,अर्जदाराचे नाव?,सुरेश राव
F0059-x-applicant_name-kn,F0059,scholarship,kn,extraction,ಅರ್ಜಿದಾರರ ಹೆಸರು?,ಸುರೇಶ್ ರಾವ್
F0059-x-district-en,F0059,scholarship,en,extraction,District?,Visakhapatnam
F0059-x-district-hi,F0059,scholarship,hi,extraction,जिला?,विशाखापत्तनम
F0059-x-district-bn,F0059,scholarship,bn,extraction,জেলা?,বিশাখাপত্তনম
F0059-x-district-te,F0059,scholarship,te,extraction,జిల్లా?,విశాఖపట్నం
F0059-x-district-ta,F0059,scholarship,ta,extraction,மாவட்டம்?,விசாகப்பட்டினம்
F0059-x-district-mr,F0059,scholarship,mr,extraction,जिल्हा?,विशाखापट्टणम
F0059-x-district-kn,F0059,scholarship,kn,extraction,ಜಿಲ್ಲೆ?,ವಿಶಾಖಪಟ್ಟಣಂ
F0059-x-annual_income-en,F0059,scholarship,en,extraction,Annual Income (Rs.)?,72000
F0059-x-annual_income-hi,F0059,scholarship,hi,extraction,वार्षिक आय (रु.)?,72000
F0059-x-annual_income-bn,F0059,scholarship,bn,extraction,বার্ষিক আয় (টাকা)?,72000
F0059-x-annual_income-te,F0059,scholarship,te,extraction,వార్షిక ఆదాయం (రూ.)?,72000
F0059-x-annual_income-ta,F0059,scholarship,ta,extraction,ஆண்டு வருமானம் (ரூ.)?,72000
F0059-x-annual_income-mr,F0059,scholarship,mr,extraction,वार्षिक उत्पन्न (रु.)?,72000
F0059-x-annual_income-kn,F0059,scholarship,kn,extraction,ವಾರ್ಷಿಕ ಆದಾಯ (ರೂ.)?,72000
F0059-x-family_members-en,F0059,scholarship,en,extraction,Number of Family Members?,2
F0059-x-family_members-hi,F0059,scholarship,hi,extraction,परिवार के सदस्यों की संख्या?,2
F0059-x-family_members-bn,F0059,scholarship,bn,extraction,পরিবারের সদস্য সংখ্যা?,2
F0059-x-family_members-te,F0059,scholarship,te,extraction,కుటుంబ సభ్యుల సంఖ్య?,2
F0059-x-family_members-ta,F0059,scholarship,ta,extraction,குடும்ப உறுப்பினர்கள் எண்ணிக்கை?,2
F0059-x-family_members-mr,F0059,scholarship,mr,extraction,कुटुंब सदस्यांची संख्या?,2
F0059-x-family_members-kn,F0059,scholarship,kn,extraction,ಕುಟುಂಬ ಸದಸ್ಯರ ಸಂಖ್ಯೆ?,2
F0059-x-category-en,F0059,scholarship,en,extraction,Category?,ST
F0059-x-category-hi,F0059,scholarship,hi,extraction,श्रेणी?,ST
F0059-x-category-bn,F0059,scholarship,bn,extraction,শ্রেণী?,ST
F0059-x-category-te,F0059,scholarship,te,extraction,వర్గం?,ST
F0059-x-category-ta,F0059,scholarship,ta,extraction,பிரிவு?,ST
F0059-x-category-mr,F0059,scholarship,mr,extraction,प्रवर्ग?,ST
F0059-x-category-kn,F0059,scholarship,kn,extraction,ವರ್ಗ?,ST
F0059-r-elig-en,F0059,scholarship,en,reasoning,"Based on the income cap and household size rule, is this applicant eligible? Answer yes or no.",yes
F0059-r-elig-hi,F0059,scholarship,hi,reasoning,"आय सीमा और परिवार के आकार के नियम के आधार पर, क्या यह आवेदक पात्र है? हाँ या नहीं में उत्तर दें।",yes
F0059-r-elig-bn,F0059,scholarship,bn,reasoning,"আয়ের সীমা এবং পরিবারের আকারের নিয়ম অনুসারে, এই আবেদনকারী কি যোগ্য? হ্যাঁ বা না উত্তর দিন।",yes
F0059-r-elig-te,F0059,scholarship,te,reasoning,"ఆదాయ పరిమితి మరియు కుటుంబ పరిమాణ నియమం ఆధారంగా, ఈ దరఖాస్తుదారు అర్హులా? అవును లేదా కాదు అని సమాధానం ఇవ్వండి.",yes
F0059-r-elig-ta,F0059,scholarship,ta,reasoning,"வருமான வரம்பு மற்றும் குடும்ப அளவு விதியின் அடிப்படையில், இந்த விண்ணப்பதாரர் தகுதியானவரா? ஆம் அல்லது இல்லை என பதிலளிக்கவும்.",yes
F0059-r-elig-mr,F0059,scholarship,mr,reasoning,"उत्पन्न मर्यादा आणि कुटुंब आकाराच्या नियमानुसार, हा अर्जदार पात्र आहे का? होय किंवा नाही उत्तर द्या.",yes
F0059-r-elig-kn,F0059,scholarship,kn,reasoning,"ಆದಾಯ ಮಿತಿ ಮತ್ತು ಕುಟುಂಬ ಗಾತ್ರದ ನಿಯಮದ ಆಧಾರದ ಮೇಲೆ, ಈ ಅರ್ಜಿದಾರರು ಅರ್ಹರೇ? ಹೌದು ಅಥವಾ ಇಲ್ಲ ಎಂದು ಉತ್ತರಿಸಿ.",yes
F0060-x-applicant_name-en,F0060,ration_card,en,extraction,Applicant Name?,Fatima Begum
F0060-x-applicant_name-hi,F0060,ration_card,hi,extraction,आवेदक का नाम?,फ़ातिमा बेगम
F0060-x-applicant_name-bn,F0060,ration_card,bn,extraction,আবেদনকারীর নাম?,ফাতিমা বেগম
F0060-x-applicant_name-te,F0060,ration_card,te,extraction,దరఖాస్తుదారు పేరు?,ఫాతిమా బేగం
F0060-x-applicant_name-ta,F0060,ration_card,ta,extraction,விண்ணப்பதாரர் பெயர்?,பாத்திமா பேகம்
F0060-x-applicant_name-mr,F0060,ration_card,mr,extraction,अर्जदाराचे नाव?,फातिमा बेगम
F0060-x-applicant_name-kn,F0060,ration_card,kn,extraction,ಅರ್ಜಿದಾರರ ಹೆಸರು?,ಫಾತಿಮಾ ಬೇಗಂ
F0060-x-district-en,F0060,ration_card,en,extraction,District?,Guntur
F0060-x-district-hi,F0060,ration_card,hi,extraction,जिला?,गुंटूर
F0060-x-district-bn,F0060,ration_card,bn,extraction,জেলা?,গুন্টুর
F0060-x-district-te,F0060,ration_card,te,extraction,జిల్లా?,గుంటూరు
F0060-x-district-ta,F0060,ration_card,ta,extraction,மாவட்டம்?,குண்டூர்
F0060-x-district-mr,F0060,ration_card,mr,extraction,जिल्हा?,गुंटूर
F0060-x-district-kn,F0060,ration_card,kn,extraction,ಜಿಲ್ಲೆ?,ಗುಂಟೂರು
F0060-x-annual_income-en,F0060,ration_card,en,extraction,Annual Income (Rs.)?,232000
F0060-x-annual_income-hi,F0060,ration_card,hi,extraction,वार्षिक आय (रु.)?,232000
F0060-x-annual_income-bn,F0060,ration_card,bn,extraction,বার্ষিক আয় (টাকা)?,232000
F0060-x-annual_income-te,F0060,ration_card,te,extraction,వార్షిక ఆదాయం (రూ.)?,232000
F0060-x-annual_income-ta,F0060,ration_card,ta,extraction,ஆண்டு வருமானம் (ரூ.)?,232000
F0060-x-annual_income-mr,F0060,ration_card,mr,extraction,वार्षिक उत्पन्न (रु.)?,232000
F0060-x-annual_income-kn,F0060,ration_card,kn,extraction,ವಾರ್ಷಿಕ ಆದಾಯ (ರೂ.)?,232000
F0060-x-family_members-en,F0060,ration_card,en,extraction,Number of Family Members?,4
F0060-x-family_members-hi,F0060,ration_card,hi,extraction,परिवार के सदस्यों की संख्या?,4
F0060-x-family_members-bn,F0060,ration_card,bn,extraction,পরিবারের সদস্য সংখ্যা?,4
F0060-x-family_members-te,F0060,ration_card,te,extraction,కుటుంబ సభ్యుల సంఖ్య?,4
F0060-x-family_members-ta,F0060,ration_card,ta,extraction,குடும்ப உறுப்பினர்கள் எண்ணிக்கை?,4
F0060-x-family_members-mr,F0060,ration_card,mr,extraction,कुटुंब सदस्यांची संख्या?,4
F0060-x-family_members-kn,F0060,ration_card,kn,extraction,ಕುಟುಂಬ ಸದಸ್ಯರ ಸಂಖ್ಯೆ?,4
F0060-x-category-en,F0060,ration_card,en,extraction,Category?,SC
F0060-x-category-hi,F0060,ration_card,hi,extraction,श्रेणी?,SC
F0060-x-category-bn,F0060,ration_card,bn,extraction,শ্রেণী?,SC
F0060-x-category-te,F0060,ration_card,te,extraction,వర్గం?,SC
F0060-x-category-ta,F0060,ration_card,ta,extraction,பிரிவு?,SC
F0060-x-category-mr,F0060,ration_card,mr,extraction,प्रवर्ग?,SC
F0060-x-category-kn,F0060,ration_card,kn,extraction,ವರ್ಗ?,SC
F0060-r-elig-en,F0060,ration_card,en,reasoning,"Based on the income cap and household size rule, is this applicant eligible? Answer yes or no.",no
F0060-r-elig-hi,F0060,ration_card,hi,reasoning,"आय सीमा और परिवार के आकार के नियम के आधार पर, क्या यह आवेदक पात्र है? हाँ या नहीं में उत्तर दें।",no
F0060-r-elig-bn,F0060,ration_card,bn,reasoning,"আয়ের সীমা এবং পরিবারের আকারের নিয়ম অনুসারে, এই আবেদনকারী কি যোগ্য? হ্যাঁ বা না উত্তর দিন।",no
F0060-r-elig-te,F0060,ration_card,te,reasoning,"ఆదాయ పరిమితి మరియు కుటుంబ పరిమాణ నియమం ఆధారంగా, ఈ దరఖాస్తుదారు అర్హులా? అవును లేదా కాదు అని సమాధానం ఇవ్వండి.",no
F0060-r-elig-ta,F0060,ration_card,ta,reasoning,"வருமான வரம்பு மற்றும் குடும்ப அளவு விதியின் அடிப்படையில், இந்த விண்ணப்பதாரர் தகுதியானவரா? ஆம் அல்லது இல்லை என பதிலளிக்கவும்.",no
F0060-r-elig-mr,F0060,ration_card,mr,reasoning,"उत्पन्न मर्यादा आणि कुटुंब आकाराच्या नियमानुसार, हा अर्जदार पात्र आहे का? होय किंवा नाही उत्तर द्या.",no
F0060-r-elig-kn,F0060,ration_card,kn,reasoning,"ಆದಾಯ ಮಿತಿ ಮತ್ತು ಕುಟುಂಬ ಗಾತ್ರದ ನಿಯಮದ ಆಧಾರದ ಮೇಲೆ, ಈ ಅರ್ಜಿದಾರರು ಅರ್ಹರೇ? ಹೌದು ಅಥವಾ ಇಲ್ಲ ಎಂದು ಉತ್ತರಿಸಿ.",no
F0061-x-applicant_name-en,F0061,ration_card,en,extraction,Applicant Name?,Anjali Patil
F0061-x-applicant_name-hi,F0061,ration_card,hi,extraction,आवेदक का नाम?,अंजली पाटील
F0061-x-applicant_name-bn,F0061,ration_card,bn,extraction,আবেদনকারীর নাম?,অঞ্জলি পাটিল
F0061-x-applicant_name-te,F0061,ration_card,te,extraction,దరఖాస్తుదారు పేరు?,అంజలి పాటిల్
F0061-x-applicant_name-ta,F0061,ration_card,ta,extraction,விண்ணப்பதாரர் பெயர்?,அஞ்சலி பாட்டீல்
F0061-x-applicant_name-mr,F0061,ration_card,mr,extraction,अर्जदाराचे नाव?,अंजली पाटील
F0061-x-applicant_name-kn,F0061,ration_card,kn,extraction,ಅರ್ಜಿದಾರರ ಹೆಸರು?,ಅಂಜಲಿ ಪಾಟೀಲ್
F0061-x-district-en,F0061,ration_card,en,extraction,District?,Visakhapatnam
F0061-x-district-hi,F0061,ration_card,hi,extraction,जिला?,विशाखापत्तनम
F0061-x-district-bn,F0061,ration_card,bn,extraction,জেলা?,বিশাখাপত্তনম
F0061-x-district-te,F0061,ration_card,te,extraction,జిల్లా?,విశాఖపట్నం
F0061-x-district-ta,F0061,ration_card,ta,extraction,மாவட்டம்?,விசாகப்பட்டினம்
F0061-x-district-mr,F0061,ration_card,mr,extraction,जिल्हा?,विशाखापट्टणम
F0061-x-district-kn,F0061,ration_card,kn,extraction,ಜಿಲ್ಲೆ?,ವಿಶಾಖಪಟ್ಟಣಂ
F0061-x-annual_income-en,F0061,ration_card,en,extraction,Annual Income (Rs.)?,48000
F0061-x-annual_income-hi,F0061,ration_card,hi,extraction,वार्षिक आय (रु.)?,48000
F0061-x-annual_income-bn,F0061,ration_card,bn,extraction,বার্ষিক আয় (টাকা)?,48000
F0061-x-annual_income-te,F0061,ration_card,te,extraction,వార్షిక ఆదాయం (రూ.)?,48000
F0061-x-annual_income-ta,F0061,ration_card,ta,extraction,ஆண்டு வருமானம் (ரூ.)?,48000
F0061-x-annual_income-mr,F0061,ration_card,mr,extraction,वार्षिक उत्पन्न (रु.)?,48000
F0061-x-annual_income-kn,F0061,ration_card,kn,extraction,ವಾರ್ಷಿಕ ಆದಾಯ (ರೂ.)?,48000
F0061-x-family_members-en,F0061,ration_card,en,extraction,Number of Family Members?,1
F0061-x-family_members-hi,F0061,ration_card,hi,extraction,परिवार के सदस्यों की संख्या?,1
F0061-x-family_members-bn,F0061,ration_card,bn,extraction,পরিবারের সদস্য সংখ্যা?,1
F0061-x-family_members-te,F0061,ration_card,te,extraction,కుటుంబ సభ్యుల సంఖ్య?,1
F0061-x-family_members-ta,F0061,ration_card,ta,extraction,குடும்ப உறுப்பினர்கள் எண்ணிக்கை?,1
F0061-x-family_members-mr,F0061,ration_card,mr,extraction,कुटुंब सदस्यांची संख्या?,1
F0061-x-family_members-kn,F0061,ration_card,kn,extraction,ಕುಟುಂಬ ಸದಸ್ಯರ ಸಂಖ್ಯೆ?,1
F0061-x-category-en,F0061,ration_card,en,extraction,Category?,General
F0061-x-category-hi,F0061,ration_card,hi,extraction,श्रेणी?,General
F0061-x-category-bn,F0061,ration_card,bn,extraction,শ্রেণী?,General
F0061-x-category-te,F0061,ration_card,te,extraction,వర్గం?,General
F0061-x-category-ta,F0061,ration_card,ta,extraction,பிரிவு?,General
F0061-x-category-mr,F0061,ration_card,mr,extraction,प्रवर्ग?,General
F0061-x-category-kn,F0061,ration_card,kn,extraction,ವರ್ಗ?,General
F0061-r-elig-en,F0061,ration_card,en,reasoning,"Based on the income cap and household size rule, is this applicant eligible? Answer yes or no.",no
F0061-r-elig-hi,F0061,ration_card,hi,reasoning,"आय सीमा और परिवार के आकार के नियम के आधार पर, क्या यह आवेदक पात्र है? हाँ या नहीं में उत्तर दें।",no
F0061-r-elig-bn,F0061,ration_card,bn,reasoning,"আয়ের সীমা এবং পরিবারের আকারের নিয়ম অনুসারে, এই আবেদনকারী কি যোগ্য? হ্যাঁ বা না উত্তর দিন।",no
F0061-r-elig-te,F0061,ration_card,te,reasoning,"ఆదాయ పరిమితి మరియు కుటుంబ పరిమాణ నియమం ఆధారంగా, ఈ దరఖాస్తుదారు అర్హులా? అవును లేదా కాదు అని సమాధానం ఇవ్వండి.",no
F0061-r-elig-ta,F0061,ration_card,ta,reasoning,"வருமான வரம்பு மற்றும் குடும்ப அளவு விதியின் அடிப்படையில், இந்த விண்ணப்பதாரர் தகுதியானவரா? ஆம் அல்லது இல்லை என பதிலளிக்கவும்.",no
F0061-r-elig-mr,F0061,ration_card,mr,reasoning,"उत्पन्न मर्यादा आणि कुटुंब आकाराच्या नियमानुसार, हा अर्जदार पात्र आहे का? होय किंवा नाही उत्तर द्या.",no
F0061-r-elig-kn,F0061,ration_card,kn,reasoning,"ಆದಾಯ ಮಿತಿ ಮತ್ತು ಕುಟುಂಬ ಗಾತ್ರದ ನಿಯಮದ ಆಧಾರದ ಮೇಲೆ, ಈ ಅರ್ಜಿದಾರರು ಅರ್ಹರೇ? ಹೌದು ಅಥವಾ ಇಲ್ಲ ಎಂದು ಉತ್ತರಿಸಿ.",no
F0062-x-applicant_name-en,F0062,old_age_pension,en,extraction,Applicant Name?,Anjali Patil
F0062-x-applicant_name-hi,F0062,old_age_pension,hi,extraction,आवेदक का नाम?,अंजली पाटील
F0062-x-applicant_name-bn,F0062,old_age_pension,bn,extraction,আবেদনকারীর নাম?,অঞ্জলি পাটিল
F0062-x-applicant_name-te,F0062,old_age_pension,te,extraction,దరఖాస్తుదారు పేరు?,అంజలి పాటిల్
F0062-x-applicant_name-ta,F0062,old_age_pension,ta,extraction,விண்ணப்பதாரர் பெயர்?,அஞ்சலி பாட்டீல்
F0062-x-applicant_name-mr,F0062,old_age_pension,mr,extraction,अर्जदाराचे नाव?,अंजली पाटील
F0062-x-applicant_name-kn,F0062,old_age_pension,kn,extraction,ಅರ್ಜಿದಾರರ ಹೆಸರು?,ಅಂಜಲಿ ಪಾಟೀಲ್
F0062-x-district-en,F0062,old_age_pension,en,extraction,District?,Visakhapatnam
F0062-x-district-hi,F0062,old_age_pension,hi,extraction,जिला?,विशाखापत्तनम
F0062-x-district-bn,F0062,old_age_pension,bn,extraction,জেলা?,বিশাখাপত্তনম
F0062-x-district-te,F0062,old_age_pension,te,extraction,జిల్లా?,విశాఖపట్నం
F0062-x-district-ta,F0062,old_age_pension,ta,extraction,மாவட்டம்?,விசாகப்பட்டினம்
F0062-x-district-mr,F0062,old_age_pension,mr,extraction,जिल्हा?,विशाखापट्टणम
F0062-x-district-kn,F0062,old_age_pension,kn,extraction,ಜಿಲ್ಲೆ?,ವಿಶಾಖಪಟ್ಟಣಂ
F0062-x-annual_income-en,F0062,old_age_pension,en,extraction,Annual Income (Rs.)?,310000
F0062-x-annual_income-hi,F0062,old_age_pension,hi,extraction,वार्षिक आय (रु.)?,310000
F0062-x-annual_income-bn,F0062,old_age_pension,bn,extraction,বার্ষিক আয় (টাকা)?,310000
F0062-x-annual_income-te,F0062,old_age_pension,te,extraction,వార్షిక ఆదాయం (రూ.)?,310000
F0062-x-annual_income-ta,F0062,old_age_pension,ta,extraction,ஆண்டு வருமானம் (ரூ.)?,310000
F0062-x-annual_income-mr,F0062,old_age_pension,mr,extraction,वार्षिक उत्पन्न (रु.)?,310000
F0062-x-annual_income-kn,F0062,old_age_pension,kn,extraction,ವಾರ್ಷಿಕ ಆದಾಯ (ರೂ.)?,310000
F0062-x-family_members-en,F0062,old_age_pension,en,extraction,Number of Family Members?,5
F0062-x-family_members-hi,F0062,old_age_pension,hi,extraction,परिवार के सदस्यों की संख्या?,5
F0062-x-family_members-bn,F0062,old_age_pension,bn,extraction,পরিবারের সদস্য সংখ্যা?,5
F0062-x-family_members-te,F0062,old_age_pension,te,extraction,కుటుంబ సభ్యుల సంఖ్య?,5
F0062-x-family_members-ta,F0062,old_age_pension,ta,extraction,குடும்ப உறுப்பினர்கள் எண்ணிக்கை?,5
F0062-x-family_members-mr,F0062,old_age_pension,mr,extraction,कुटुंब सदस्यांची संख्या?,5
F0062-x-family_members-kn,F0062,old_age_pension,kn,extraction,ಕುಟುಂಬ ಸದಸ್ಯರ ಸಂಖ್ಯೆ?,5
F0062-x-category-en,F0062,old_age_pension,en,extraction,Category?,ST
F0062-x-category-hi,F0062,old_age_pension,hi,extraction,श्रेणी?,ST
F0062-x-category-bn,F0062,old_age_pension,bn,extraction,শ্রেণী?,ST
F0062-x-category-te,F0062,old_age_pension,te,extraction,వర్గం?,ST
F0062-x-category-ta,F0062,old_age_pension,ta,extraction,பிரிவு?,ST
F0062-x-category-mr,F0062,old_age_pension,mr,extraction,प्रवर्ग?,ST
F0062-x-category-kn,F0062,old_age_pension,kn,extraction,ವರ್ಗ?,ST
F0062-r-elig-en,F0062,old_age_pension,en,reasoning,"Based on the income cap and household size rule, is this applicant eligible? Answer yes or no.",no
F0062-r-elig-hi,F0062,old_age_pension,hi,reasoning,"आय सीमा और परिवार के आकार के नियम के आधार पर, क्या यह आवेदक पात्र है? हाँ या नहीं में उत्तर दें।",no
F0062-r-elig-bn,F0062,old_age_pension,bn,reasoning,"আয়ের সীমা এবং পরিবারের আকারের নিয়ম অনুসারে, এই আবেদনকারী কি যোগ্য? হ্যাঁ বা না উত্তর দিন।",no
F0062-r-elig-te,F0062,old_age_pension,te,reasoning,"ఆదాయ పరిమితి మరియు కుటుంబ పరిమాణ నియమం ఆధారంగా, ఈ దరఖాస్తుదారు అర్హులా? అవును లేదా కాదు అని సమాధానం ఇవ్వండి.",no
F0062-r-elig-ta,F0062,old_age_pension,ta,reasoning,"வருமான வரம்பு மற்றும் குடும்ப அளவு விதியின் அடிப்படையில், இந்த விண்ணப்பதாரர் தகுதியானவரா? ஆம் அல்லது இல்லை என பதிலளிக்கவும்.",no
F0062-r-elig-mr,F0062,old_age_pension,mr,reasoning,"उत्पन्न मर्यादा आणि कुटुंब आकाराच्या नियमानुसार, हा अर्जदार पात्र आहे का? होय किंवा नाही उत्तर द्या.",no
F0062-r-elig-kn,F0062,old_age_pension,kn,reasoning,"ಆದಾಯ ಮಿತಿ ಮತ್ತು ಕುಟುಂಬ ಗಾತ್ರದ ನಿಯಮದ ಆಧಾರದ ಮೇಲೆ, ಈ ಅರ್ಜಿದಾರರು ಅರ್ಹರೇ? ಹೌದು ಅಥವಾ ಇಲ್ಲ ಎಂದು ಉತ್ತರಿಸಿ.",no
F0063-x-applicant_name-en,F0063,scholarship,en,extraction,Applicant Name?,Anjali Patil
F0063-x-applicant_name-hi,F0063,scholarship,hi,extraction,आवेदक का नाम?,अंजली पाटील
F0063-x-applicant_name-bn,F0063,scholarship,bn,extraction,আবেদনকারীর নাম?,অঞ্জলি পাটিল
F0063-x-applicant_name-te,F0063,scholarship,te,extraction,దరఖాస్తుదారు పేరు?,అంజలి పాటిల్
F0063-x-applicant_name-ta,F0063,scholarship,ta,extraction,விண்ணப்பதாரர் பெயர்?,அஞ்சலி பாட்டீல்
F0063-x-applicant_name-mr,F0063,scholarship,mr,extraction,अर्जदाराचे नाव?,अंजली पाटील
F0063-x-applicant_name-kn,F0063,scholarship,kn,extraction,ಅರ್ಜಿದಾರರ ಹೆಸರು?,ಅಂಜಲಿ ಪಾಟೀಲ್
F0063-x-district-en,F0063,scholarship,en,extraction,District?,Salem
F0063-x-district-hi,F0063,scholarship,hi,extraction,जिला?,सेलम
F0063-x-district-bn,F0063,scholarship,bn,extraction,জেলা?,সালেম
F0063-x-district-te,F0063,scholarship,te,extraction,జిల్లా?,సేలం
F0063-x-district-ta,F0063,scholarship,ta,extraction,மாவட்டம்?,சேலம்
F0063-x-district-mr,F0063,scholarship,mr,extraction,जिल्हा?,सेलम
F0063-x-district-kn,F0063,scholarship,kn,extraction,ಜಿಲ್ಲೆ?,ಸೇಲಂ
F0063-x-annual_income-en,F0063,scholarship,en,extraction,Annual Income (Rs.)?,145000
F0063-x-annual_income-hi,F0063,scholarship,hi,extraction,वार्षिक आय (रु.)?,145000
F0063-x-annual_income-bn,F0063,scholarship,bn,extraction,বার্ষিক আয় (টাকা)?,145000
F0063-x-annual_income-te,F0063,scholarship,te,extraction,వార్షిక ఆదాయం (రూ.)?,145000
F0063-x-annual_income-ta,F0063,scholarship,ta,extraction,ஆண்டு வருமானம் (ரூ.)?,145000
F0063-x-annual_income-mr,F0063,scholarship,mr,extraction,वार्षिक उत्पन्न (रु.)?,145000
F0063-x-annual_income-kn,F0063,scholarship,kn,extraction,ವಾರ್ಷಿಕ ಆದಾಯ (ರೂ.)?,145000
F0063-x-family_members-en,F0063,scholarship,en,extraction,Number of Family Members?,1
F0063-x-family_members-hi,F0063,scholarship,hi,extraction,परिवार के सदस्यों की संख्या?,1
F0063-x-family_members-bn,F0063,scholarship,bn,extraction,পরিবারের সদস্য সংখ্যা?,1
F0063-x-family_members-te,F0063,scholarship,te,extraction,కుటుంబ సభ్యుల సంఖ్య?,1
F0063-x-family_members-ta,F0063,scholarship,ta,extraction,குடும்ப உறுப்பினர்கள் எண்ணிக்கை?,1
F0063-x-family_members-mr,F0063,scholarship,mr,extraction,कुटुंब सदस्यांची संख्या?,1
F0063-x-family_members-kn,F0063,scholarship,kn,extraction,ಕುಟುಂಬ ಸದಸ್ಯರ ಸಂಖ್ಯೆ?,1
F0063-x-category-en,F0063,scholarship,en,extraction,Category?,General
F0063-x-category-hi,F0063,scholarship,hi,extraction,श्रेणी?,General
F0063-x-category-bn,F0063,scholarship,bn,extraction,শ্রেণী?,General
F0063-x-category-te,F0063,scholarship,te,extraction,వర్గం?,General
F0063-x-category-ta,F0063,scholarship,ta,extraction,பிரிவு?,General
F0063-x-category-mr,F0063,scholarship,mr,extraction,प्रवर्ग?,General
F0063-x-category-kn,F0063,scholarship,kn,extraction,ವರ್ಗ?,General
F0063-r-elig-en,F0063,scholarship,en,reasoning,"Based on the income cap and household size rule, is this applicant eligible? Answer yes or no.",yes
F0063-r-elig-hi,F0063,scholarship,hi,reasoning,"आय सीमा और परिवार के आकार के नियम के आधार पर, क्या यह आवेदक पात्र है? हाँ या नहीं में उत्तर दें।",yes
F0063-r-elig-bn,F0063,scholarship,bn,reasoning,"আয়ের সীমা এবং পরিবারের আকারের নিয়ম অনুসারে, এই আবেদনকারী কি যোগ্য? হ্যাঁ বা না উত্তর দিন।",yes
F0063-r-elig-te,F0063,scholarship,te,reasoning,"ఆదాయ పరిమితి మరియు కుటుంబ పరిమాణ నియమం ఆధారంగా, ఈ దరఖాస్తుదారు అర్హులా? అవును లేదా కాదు అని సమాధానం ఇవ్వండి.",yes
F0063-r-elig-ta,F0063,scholarship,ta,reasoning,"வருமான வரம்பு மற்றும் குடும்ப அளவு விதியின் அடிப்படையில், இந்த விண்ணப்பதாரர் தகுதியானவரா? ஆம் அல்லது இல்லை என பதிலளிக்கவும்.",yes
F0063-r-elig-mr,F0063,scholarship,mr,reasoning,"उत्पन्न मर्यादा आणि कुटुंब आकाराच्या नियमानुसार, हा अर्जदार पात्र आहे का? होय किंवा नाही उत्तर द्या.",yes
F0063-r-elig-kn,F0063,scholarship,kn,reasoning,"ಆದಾಯ ಮಿತಿ ಮತ್ತು ಕುಟುಂಬ ಗಾತ್ರದ ನಿಯಮದ ಆಧಾರದ ಮೇಲೆ, ಈ ಅರ್ಜಿದಾರರು ಅರ್ಹರೇ? ಹೌದು ಅಥವಾ ಇಲ್ಲ ಎಂದು ಉತ್ತರಿಸಿ.",yes
F0064-x-applicant_name-en,F0064,old_age_pension,en,extraction,Applicant Name?,Venkat Reddy
F0064-x-applicant_name-hi,F0064,old_age_pension,hi,extraction,आवेदक का नाम?,वेंकट रेड्डी
F0064-x-applicant_name-bn,F0064,old_age_pension,bn,extraction,আবেদনকারীর নাম?,ভেঙ্কট রেড্ডি
F0064-x-applicant_name-te,F0064,old_age_pension,te,extraction,దరఖాస్తుదారు పేరు?,వెంకట్ రెడ్డి
F0064-x-applicant_name-ta,F0064,old_age_pension,ta,extraction,விண்ணப்பதாரர் பெயர்?,வெங்கட் ரெட்டி
F0064-x-applicant_name-mr,F0064,old_age_pension,mr,extraction,अर्जदाराचे नाव?,वेंकट रेड्डी
F0064-x-applicant_name-kn,F0064,old_age_pension,kn,extraction,ಅರ್ಜಿದಾರರ ಹೆಸರು?,ವೆಂಕಟ್ ರೆಡ್ಡಿ
F0064-x-district-en,F0064,old_age_pension,en,extraction,District?,Nashik
F0064-x-district-hi,F0064,old_age_pension,hi,extraction,जिला?,नाशिक
F0064-x-district-bn,F0064,old_age_pension,bn,extraction,জেলা?,নাসিক
F0064-x-district-te,F0064,old_age_pension,te,extraction,జిల్లా?,నాసిక్
F0064-x-district-ta,F0064,old_age_pension,ta,extraction,மாவட்டம்?,நாசிக்
F0064-x-district-mr,F0064,old_age_pension,mr,extraction,जिल्हा?,नाशिक
F0064-x-district-kn,F0064,old_age_pension,kn,extraction,ಜಿಲ್ಲೆ?,ನಾಸಿಕ್
F0064-x-annual_income-en,F0064,old_age_pension,en,extraction,Annual Income (Rs.)?,118000
F0064-x-annual_income-hi,F0064,old_age_pension,hi,extraction,वार्षिक आय (रु.)?,118000
F0064-x-annual_income-bn,F0064,old_age_pension,bn,extraction,বার্ষিক আয় (টাকা)?,118000
F0064-x-annual_income-te,F0064,old_age_pension,te,extraction,వార్షిక ఆదాయం (రూ.)?,118000
F0064-x-annual_income-ta,F0064,old_age_pension,ta,extraction,ஆண்டு வருமானம் (ரூ.)?,118000
F0064-x-annual_income-mr,F0064,old_age_pension,mr,extraction,वार्षिक उत्पन्न (रु.)?,118000
F0064-x-annual_income-kn,F0064,old_age_pension,kn,extraction,ವಾರ್ಷಿಕ ಆದಾಯ (ರೂ.)?,118000
F0064-x-family_members-en,F0064,old_age_pension,en,extraction,Number of Family Members?,3
F0064-x-family_members-hi,F0064,old_age_pension,hi,extraction,परिवार के सदस्यों की संख्या?,3
F0064-x-family_members-bn,F0064,old_age_pension,bn,extraction,পরিবারের সদস্য সংখ্যা?,3
F0064-x-family_members-te,F0064,old_age_pension,te,extraction,కుటుంబ సభ్యుల సంఖ్య?,3
F0064-x-family_members-ta,F0064,old_age_pension,ta,extraction,குடும்ப உறுப்பினர்கள் எண்ணிக்கை?,3
F0064-x-family_members-mr,F0064,old_age_pension,mr,extraction,कुटुंब सदस्यांची संख्या?,3
F0064-x-family_members-kn,F0064,old_age_pension,kn,extraction,ಕುಟುಂಬ ಸದಸ್ಯರ ಸಂಖ್ಯೆ?,3
F0064-x-category-en,F0064,old_age_pension,en,extraction,Category?,General
F0064-x-category-hi,F0064,old_age_pension,hi,extraction,श्रेणी?,General
F0064-x-category-bn,F0064,old_age_pension,bn,extraction,শ্রেণী?,General
F0064-x-category-te,F0064,old_age_pension,te,extraction,వర్గం?,General
F0064-x-category-ta,F0064,old_age_pension,ta,extraction,பிரிவு?,General
F0064-x-category-mr,F0064,old_age_pension,mr,extraction,प्रवर्ग?,General
F0064-x-category-kn,F0064,old_age_pension,kn,extraction,ವರ್ಗ?,General
F0064-r-elig-en,F0064,old_age_pension,en,reasoning,"Based on the income cap and household size rule, is this applicant eligible? Answer yes or no.",no
F0064-r-elig-hi,F0064,old_age_pension,hi,reasoning,"आय सीमा और परिवार के आकार के नियम के आधार पर, क्या यह आवेदक पात्र है? हाँ या नहीं में उत्तर दें।",no
F0064-r-elig-bn,F0064,old_age_pension,bn,reasoning,"আয়ের সীমা এবং পরিবারের আকারের নিয়ম অনুসারে, এই আবেদনকারী কি যোগ্য? হ্যাঁ বা না উত্তর দিন।",no
F0064-r-elig-te,F0064,old_age_pension,te,reasoning,"ఆదాయ పరిమితి మరియు కుటుంబ పరిమాణ నియమం ఆధారంగా, ఈ దరఖాస్తుదారు అర్హులా? అవును లేదా కాదు అని సమాధానం ఇవ్వండి.",no
F0064-r-elig-ta,F0064,old_age_pension,ta,reasoning,"வருமான வரம்பு மற்றும் குடும்ப அளவு விதியின் அடிப்படையில், இந்த விண்ணப்பதாரர் தகுதியானவரா? ஆம் அல்லது இல்லை என பதிலளிக்கவும்.",no
F0064-r-elig-mr,F0064,old_age_pension,mr,reasoning,"उत्पन्न मर्यादा आणि कुटुंब आकाराच्या नियमानुसार, हा अर्जदार पात्र आहे का? होय किंवा नाही उत्तर द्या.",no
F0064-r-elig-kn,F0064,old_age_pension,kn,reasoning,"ಆದಾಯ ಮಿತಿ ಮತ್ತು ಕುಟುಂಬ ಗಾತ್ರದ ನಿಯಮದ ಆಧಾರದ ಮೇಲೆ, ಈ ಅರ್ಜಿದಾರರು ಅರ್ಹರೇ? ಹೌದು ಅಥವಾ ಇಲ್ಲ ಎಂದು ಉತ್ತರಿಸಿ.",no
F0065-x-applicant_name-en,F0065,ration_card,en,extraction,Applicant Name?,Anjali Patil
F0065-x-applicant_name-hi,F0065,ration_card,hi,extraction,आवेदक का नाम?,अंजली पाटील
F0065-x-applicant_name-bn,F0065,ration_card,bn,extraction,আবেদনকারীর নাম?,অঞ্জলি পাটিল
F0065-x-applicant_name-te,F0065,ration_card,te,extraction,దరఖాస్తుదారు పేరు?,అంజలి పాటిల్
F0065-x-applicant_name-ta,F0065,ration_card,ta,extraction,விண்ணப்பதாரர் பெயர்?,அஞ்சலி பாட்டீல்
F0065-x-applicant_name-mr,F0065,ration_card,mr,extraction,अर्जदाराचे नाव?,अंजली पाटील
F0065-x-applicant_name-kn,F0065,ration_card,kn,extraction,ಅರ್ಜಿದಾರರ ಹೆಸರು?,ಅಂಜಲಿ ಪಾಟೀಲ್
F0065-x-district-en,F0065,ration_card,en,extraction,District?,Salem
F0065-x-district-hi,F0065,ration_card,hi,extraction,जिला?,सेलम
F0065-x-district-bn,F0065,ration_card,bn,extraction,জেলা?,সালেম
F0065-x-district-te,F0065,ration_card,te,extraction,జిల్లా?,సేలం
F0065-x-district-ta,F0065,ration_card,ta,extraction,மாவட்டம்?,சேலம்
F0065-x-district-mr,F0065,ration_card,mr,extraction,जिल्हा?,सेलम
F0065-x-district-kn,F0065,ration_card,kn,extraction,ಜಿಲ್ಲೆ?,ಸೇಲಂ
F0065-x-annual_income-en,F0065,ration_card,en,extraction,Annual Income (Rs.)?,72000
F0065-x-annual_income-hi,F0065,ration_card,hi,extraction,वार्षिक आय (रु.)?,72000
F0065-x-annual_income-bn,F0065,ration_card,bn,extraction,বার্ষিক আয় (টাকা)?,72000
F0065-x-annual_income-te,F0065,ration_card,te,extraction,వార్షిక ఆదాయం (రూ.)?,72000
F0065-x-annual_income-ta,F0065,ration_card,ta,extraction,ஆண்டு வருமானம் (ரூ.)?,72000
F0065-x-annual_income-mr,F0065,ration_card,mr,extraction,वार्षिक उत्पन्न (रु.)?,72000
F0065-x-annual_income-kn,F0065,ration_card,kn,extraction,ವಾರ್ಷಿಕ ಆದಾಯ (ರೂ.)?,72000
F0065-x-family_members-en,F0065,ration_card,en,extraction,Number of Family Members?,2
F0065-x-family_members-hi,F0065,ration_card,hi,extraction,परिवार के सदस्यों की संख्या?,2
F0065-x-family_members-bn,F0065,ration_card,bn,extraction,পরিবারের সদস্য সংখ্যা?,2
F0065-x-family_members-te,F0065,ration_card,te,extraction,కుటుంబ సభ్యుల సంఖ్య?,2
F0065-x-family_members-ta,F0065,ration_card,ta,extraction,குடும்ப உறுப்பினர்கள் எண்ணிக்கை?,2
F0065-x-family_members-mr,F0065,ration_card,mr,extraction,कुटुंब सदस्यांची संख्या?,2
F0065-x-family_members-kn,F0065,ration_card,kn,extraction,ಕುಟುಂಬ ಸದಸ್ಯರ ಸಂಖ್ಯೆ?,2
F0065-x-category-en,F0065,ration_card,en,extraction,Category?,SC
F0065-x-category-hi,F0065,ration_card,hi,extraction,श्रेणी?,SC
F0065-x-category-bn,F0065,ration_card,bn,extraction,শ্রেণী?,SC
F0065-x-category-te,F0065,ration_card,te,extraction,వర్గం?,SC
F0065-x-category-ta,F0065,ration_card,ta,extraction,பிரிவு?,SC
F0065-x-category-mr,F0065,ration_card,mr,extraction,प्रवर्ग?,SC
F0065-x-category-kn,F0065,ration_card,kn,extraction,ವರ್ಗ?,SC
F0065-r-elig-en,F0065,ration_card,en,reasoning,"Based on the income cap and household size rule, is this applicant eligible? Answer yes or no.",yes
F0065-r-elig-hi,F0065,ration_card,hi,reasoning,"आय सीमा और परिवार के आकार के नियम के आधार पर, क्या यह आवेदक पात्र है? हाँ या नहीं में उत्तर दें।",yes
F0065-r-elig-bn,F0065,ration_card,bn,reasoning,"আয়ের সীমা এবং পরিবারের আকারের নিয়ম অনুসারে, এই আবেদনকারী কি যোগ্য? হ্যাঁ বা না উত্তর দিন।",yes
F0065-r-elig-te,F0065,ration_card,te,reasoning,"ఆదాయ పరిమితి మరియు కుటుంబ పరిమాణ నియమం ఆధారంగా, ఈ దరఖాస్తుదారు అర్హులా? అవును లేదా కాదు అని సమాధానం ఇవ్వండి.",yes
F0065-r-elig-ta,F0065,ration_card,ta,reasoning,"வருமான வரம்பு மற்றும் குடும்ப அளவு விதியின் அடிப்படையில், இந்த விண்ணப்பதாரர் தகுதியானவரா? ஆம் அல்லது இல்லை என பதிலளிக்கவும்.",yes
F0065-r-elig-mr,F0065,ration_card,mr,reasoning,"उत्पन्न मर्यादा आणि कुटुंब आकाराच्या नियमानुसार, हा अर्जदार पात्र आहे का? होय किंवा नाही उत्तर द्या.",yes
F0065-r-elig-kn,F0065,ration_card,kn,reasoning,"ಆದಾಯ ಮಿತಿ ಮತ್ತು ಕುಟುಂಬ ಗಾತ್ರದ ನಿಯಮದ ಆಧಾರದ ಮೇಲೆ, ಈ ಅರ್ಜಿದಾರರು ಅರ್ಹರೇ? ಹೌದು ಅಥವಾ ಇಲ್ಲ ಎಂದು ಉತ್ತರಿಸಿ.",yes
F0066-x-applicant_name-en,F0066,old_age_pension,en,extraction,Applicant Name?,Suresh Rao
F0066-x-applicant_name-hi,F0066,old_age_pension,hi,extraction,आवेदक का नाम?,सुरेश राव
F0066-x-applicant_name-bn,F0066,old_age_pension,bn,extraction,আবেদনকারীর নাম?,সুরেশ রাও
F0066-x-applicant_name-te,F0066,old_age_pension,te,extraction,దరఖాస్తుదారు పేరు?,సురేష్ రావు
F0066-x-applicant_name-ta,F0066,old_age_pension,ta,extraction,விண்ணப்பதாரர் பெயர்?,சுரேஷ் ராவ்
F0066-x-applicant_name-mr,F0066,old_age_pension,mr,extraction,अर्जदाराचे नाव?,सुरेश राव
F0066-x-applicant_name-kn,F0066,old_age_pension,kn,extraction,ಅರ್ಜಿದಾರರ ಹೆಸರು?,ಸುರೇಶ್ ರಾವ್
F0066-x-district-en,F0066,old_age_pension,en,extraction,District?,Visakhapatnam
F0066-x-district-hi,F0066,old_age_pension,hi,extraction,जिला?,विशाखापत्तनम
F0066-x-district-bn,F0066,old_age_pension,bn,extraction,জেলা?,বিশাখাপত্তনম
F0066-x-district-te,F0066,old_age_pension,te,extraction,జిల్లా?,విశాఖపట్నం
F0066-x-district-ta,F0066,old_age_pension,ta,extraction,மாவட்டம்?,விசாகப்பட்டினம்
F0066-x-district-mr,F0066,old_age_pension,mr,extraction,जिल्हा?,विशाखापट्टणम
F0066-x-district-kn,F0066,old_age_pension,kn,extraction,ಜಿಲ್ಲೆ?,ವಿಶಾಖಪಟ್ಟಣಂ
F0066-x-annual_income-en,F0066,old_age_pension,en,extraction,Annual Income (Rs.)?,310000
F0066-x-annual_income-hi,F0066,old_age_pension,hi,extraction,वार्षिक आय (रु.)?,310000
F0066-x-annual_income-bn,F0066,old_age_pension,bn,extraction,বার্ষিক আয় (টাকা)?,310000
F0066-x-annual_income-te,F0066,old_age_pension,te,extraction,వార్షిక ఆదాయం (రూ.)?,310000
F0066-x-annual_income-ta,F0066,old_age_pension,ta,extraction,ஆண்டு வருமானம் (ரூ.)?,310000
F0066-x-annual_income-mr,F0066,old_age_pension,mr,extraction,वार्षिक उत्पन्न (रु.)?,310000
F0066-x-annual_income-kn,F0066,old_age_pension,kn,extraction,ವಾರ್ಷಿಕ ಆದಾಯ (ರೂ.)?,310000
F0066-x-family_members-en,F0066,old_age_pension,en,extraction,Number of Family Members?,3
F0066-x-family_members-hi,F0066,old_age_pension,hi,extraction,परिवार के सदस्यों की संख्या?,3
F0066-x-family_members-bn,F0066,old_age_pension,bn,extraction,পরিবারের সদস্য সংখ্যা?,3
F0066-x-family_members-te,F0066,old_age_pension,te,extraction,కుటుంబ సభ్యుల సంఖ్య?,3
F0066-x-family_members-ta,F0066,old_age_pension,ta,extraction,குடும்ப உறுப்பினர்கள் எண்ணிக்கை?,3
F0066-x-family_members-mr,F0066,old_age_pension,mr,extraction,कुटुंब सदस्यांची संख्या?,3
F0066-x-family_members-kn,F0066,old_age_pension,kn,extraction,ಕುಟುಂಬ ಸದಸ್ಯರ ಸಂಖ್ಯೆ?,3
F0066-x-category-en,F0066,old_age_pension,en,extraction,Category?,OBC
F0066-x-category-hi,F0066,old_age_pension,hi,extraction,श्रेणी?,OBC
F0066-x-category-bn,F0066,old_age_pension,bn,extraction,শ্রেণী?,OBC
F0066-x-category-te,F0066,old_age_pension,te,extraction,వర్గం?,OBC
F0066-x-category-ta,F0066,old_age_pension,ta,extraction,பிரிவு?,OBC
F0066-x-category-mr,F0066,old_age_pension,mr,extraction,प्रवर्ग?,OBC
F0066-x-category-kn,F0066,old_age_pension,kn,extraction,ವರ್ಗ?,OBC
F0066-r-elig-en,F0066,old_age_pension,en,reasoning,"Based on the income cap and household size rule, is this applicant eligible? Answer yes or no.",no
F0066-r-elig-hi,F0066,old_age_pension,hi,reasoning,"आय सीमा और परिवार के आकार के नियम के आधार पर, क्या यह आवेदक पात्र है? हाँ या नहीं में उत्तर दें।",no
F0066-r-elig-bn,F0066,old_age_pension,bn,reasoning,"আয়ের সীমা এবং পরিবারের আকারের নিয়ম অনুসারে, এই আবেদনকারী কি যোগ্য? হ্যাঁ বা না উত্তর দিন।",no
F0066-r-elig-te,F0066,old_age_pension,te,reasoning,"ఆదాయ పరిమితి మరియు కుటుంబ పరిమాణ నియమం ఆధారంగా, ఈ దరఖాస్తుదారు అర్హులా? అవును లేదా కాదు అని సమాధానం ఇవ్వండి.",no
F0066-r-elig-ta,F0066,old_age_pension,ta,reasoning,"வருமான வரம்பு மற்றும் குடும்ப அளவு விதியின் அடிப்படையில், இந்த விண்ணப்பதாரர் தகுதியானவரா? ஆம் அல்லது இல்லை என பதிலளிக்கவும்.",no
F0066-r-elig-mr,F0066,old_age_pension,mr,reasoning,"उत्पन्न मर्यादा आणि कुटुंब आकाराच्या नियमानुसार, हा अर्जदार पात्र आहे का? होय किंवा नाही उत्तर द्या.",no
F0066-r-elig-kn,F0066,old_age_pension,kn,reasoning,"ಆದಾಯ ಮಿತಿ ಮತ್ತು ಕುಟುಂಬ ಗಾತ್ರದ ನಿಯಮದ ಆಧಾರದ ಮೇಲೆ, ಈ ಅರ್ಜಿದಾರರು ಅರ್ಹರೇ? ಹೌದು ಅಥವಾ ಇಲ್ಲ ಎಂದು ಉತ್ತರಿಸಿ.",no
F0067-x-applicant_name-en,F0067,old_age_pension,en,extraction,Applicant Name?,Venkat Reddy
F0067-x-applicant_name-hi,F0067,old_age_pension,hi,extraction,आवेदक का नाम?,वेंकट रेड्डी
F0067-x-applicant_name-bn,F0067,old_age_pension,bn,extraction,আবেদনকারীর নাম?,ভেঙ্কট রেড্ডি
F0067-x-applicant_name-te,F0067,old_age_pension,te,extraction,దరఖాస్తుదారు పేరు?,వెంకట్ రెడ్డి
F0067-x-applicant_name-ta,F0067,old_age_pension,ta,extraction,விண்ணப்பதாரர் பெயர்?,வெங்கட் ரெட்டி
F0067-x-applicant_name-mr,F0067,old_age_pension,mr,extraction,अर्जदाराचे नाव?,वेंकट रेड्डी
F0067-x-applicant_name-kn,F0067,old_age_pension,kn,extraction,ಅರ್ಜಿದಾರರ ಹೆಸರು?,ವೆಂಕಟ್ ರೆಡ್ಡಿ
F0067-x-district-en,F0067,old_age_pension,en,extraction,District?,Guntur
F0067-x-district-hi,F0067,old_age_pension,hi,extraction,जिला?,गुंटूर
F0067-x-district-bn,F0067,old_age_pension,bn,extraction,জেলা?,গুন্টুর
F0067-x-district-te,F0067,old_age_pension,te,extraction,జిల్లా?,గుంటూరు
F0067-x-district-ta,F0067,old_age_pension,ta,extraction,மாவட்டம்?,குண்டூர்
F0067-x-district-mr,F0067,old_age_pension,mr,extraction,जिल्हा?,गुंटूर
F0067-x-district-kn,F0067,old_age_pension,kn,extraction,ಜಿಲ್ಲೆ?,ಗುಂಟೂರು
F0067-x-annual_income-en,F0067,old_age_pension,en,extraction,Annual Income (Rs.)?,118000
F0067-x-annual_income-hi,F0067,old_age_pension,hi,extraction,वार्षिक आय (रु.)?,118000
F0067-x-annual_income-bn,F0067,old_age_pension,bn,extraction,বার্ষিক আয় (টাকা)?,118000
F0067-x-annual_income-te,F0067,old_age_pension,te,extraction,వార్షిక ఆదాయం (రూ.)?,118000
F0067-x-annual_income-ta,F0067,old_age_pension,ta,extraction,ஆண்டு வருமானம் (ரூ.)?,118000
F0067-x-annual_income-mr,F0067,old_age_pension,mr,extraction,वार्षिक उत्पन्न (रु.)?,118000
F0067-x-annual_income-kn,F0067,old_age_pension,kn,extraction,ವಾರ್ಷಿಕ ಆದಾಯ (ರೂ.)?,118000
F0067-x-family_members-en,F0067,old_age_pension,en,extraction,Number of Family Members?,6
F0067-x-family_members-hi,F0067,old_age_pension,hi,extraction,परिवार के सदस्यों की संख्या?,6
F0067-x-family_members-bn,F0067,old_age_pension,bn,extraction,পরিবারের সদস্য সংখ্যা?,6
F0067-x-family_members-te,F0067,old_age_pension,te,extraction,కుటుంబ సభ్యుల సంఖ్య?,6
F0067-x-family_members-ta,F0067,old_age_pension,ta,extraction,குடும்ப உறுப்பினர்கள் எண்ணிக்கை?,6
F0067-x-family_members-mr,F0067,old_age_pension,mr,extraction,कुटुंब सदस्यांची संख्या?,6
F0067-x-family_members-kn,F0067,old_age_pension,kn,extraction,ಕುಟುಂಬ ಸದಸ್ಯರ ಸಂಖ್ಯೆ?,6
F0067-x-category-en,F0067,old_age_pension,en,extraction,Category?,General
F0067-x-category-hi,F0067,old_age_pension,hi,extraction,श्रेणी?,General
F0067-x-category-bn,F0067,old_age_pension,bn,extraction,শ্রেণী?,General
F0067-x-category-te,F0067,old_age_pension,te,extraction,వర్గం?,General
F0067-x-category-ta,F0067,old_age_pension,ta,extraction,பிரிவு?,General
F0067-x-category-mr,F0067,old_age_pension,mr,extraction,प्रवर्ग?,General
F0067-x-category-kn,F0067,old_age_pension,kn,extraction,ವರ್ಗ?,General
F0067-r-elig-en,F0067,old_age_pension,en,reasoning,"Based on the income cap and household size rule, is this applicant eligible? Answer yes or no.",no
F0067-r-elig-hi,F0067,old_age_pension,hi,reasoning,"आय सीमा और परिवार के आकार के नियम के आधार पर, क्या यह आवेदक पात्र है? हाँ या नहीं में उत्तर दें।",no
F0067-r-elig-bn,F0067,old_age_pension,bn,reasoning,"আয়ের সীমা এবং পরিবারের আকারের নিয়ম অনুসারে, এই আবেদনকারী কি যোগ্য? হ্যাঁ বা না উত্তর দিন।",no
F0067-r-elig-te,F0067,old_age_pension,te,reasoning,"ఆదాయ పరిమితి మరియు కుటుంబ పరిమాణ నియమం ఆధారంగా, ఈ దరఖాస్తుదారు అర్హులా? అవును లేదా కాదు అని సమాధానం ఇవ్వండి.",no
F0067-r-elig-ta,F0067,old_age_pension,ta,reasoning,"வருமான வரம்பு மற்றும் குடும்ப அளவு விதியின் அடிப்படையில், இந்த விண்ணப்பதாரர் தகுதியானவரா? ஆம் அல்லது இல்லை என பதிலளிக்கவும்.",no
F0067-r-elig-mr,F0067,old_age_pension,mr,reasoning,"उत्पन्न मर्यादा आणि कुटुंब आकाराच्या नियमानुसार, हा अर्जदार पात्र आहे का? होय किंवा नाही उत्तर द्या.",no
F0067-r-elig-kn,F0067,old_age_pension,kn,reasoning,"ಆದಾಯ ಮಿತಿ ಮತ್ತು ಕುಟುಂಬ ಗಾತ್ರದ ನಿಯಮದ ಆಧಾರದ ಮೇಲೆ, ಈ ಅರ್ಜಿದಾರರು ಅರ್ಹರೇ? ಹೌದು ಅಥವಾ ಇಲ್ಲ ಎಂದು ಉತ್ತರಿಸಿ.",no
F0068-x-applicant_name-en,F0068,ration_card,en,extraction,Applicant Name?,Venkat Reddy
F0068-x-applicant_name-hi,F0068,ration_card,hi,extraction,आवेदक का नाम?,वेंकट रेड्डी
F0068-x-applicant_name-bn,F0068,ration_card,bn,extraction,আবেদনকারীর নাম?,ভেঙ্কট রেড্ডি
F0068-x-applicant_name-te,F0068,ration_card,te,extraction,దరఖాస్తుదారు పేరు?,వెంకట్ రెడ్డి
F0068-x-applicant_name-ta,F0068,ration_card,ta,extraction,விண்ணப்பதாரர் பெயர்?,வெங்கட் ரெட்டி
F0068-x-applicant_name-mr,F0068,ration_card,mr,extraction,अर्जदाराचे नाव?,वेंकट रेड्डी
F0068-x-applicant_name-kn,F0068,ration_card,kn,extraction,ಅರ್ಜಿದಾರರ ಹೆಸರು?,ವೆಂಕಟ್ ರೆಡ್ಡಿ
F0068-x-district-en,F0068,ration_card,en,extraction,District?,Visakhapatnam
F0068-x-district-hi,F0068,ration_card,hi,extraction,जिला?,विशाखापत्तनम
F0068-x-district-bn,F0068,ration_card,bn,extraction,জেলা?,বিশাখাপত্তনম
F0068-x-district-te,F0068,ration_card,te,extraction,జిల్లా?,విశాఖపట్నం
F0068-x-district-ta,F0068,ration_card,ta,extraction,மாவட்டம்?,விசாகப்பட்டினம்
F0068-x-district-mr,F0068,ration_card,mr,extraction,जिल्हा?,विशाखापट्टणम
F0068-x-district-kn,F0068,ration_card,kn,extraction,ಜಿಲ್ಲೆ?,ವಿಶಾಖಪಟ್ಟಣಂ
F0068-x-annual_income-en,F0068,ration_card,en,extraction,Annual Income (Rs.)?,72000
F0068-x-annual_income-hi,F0068,ration_card,hi,extraction,वार्षिक आय (रु.)?,72000
F0068-x-annual_income-bn,F0068,ration_card,bn,extraction,বার্ষিক আয় (টাকা)?,72000
F0068-x-annual_income-te,F0068,ration_card,te,extraction,వార్షిక ఆదాయం (రూ.)?,72000
F0068-x-annual_income-ta,F0068,ration_card,ta,extraction,ஆண்டு வருமானம் (ரூ.)?,72000
F0068-x-annual_income-mr,F0068,ration_card,mr,extraction,वार्षिक उत्पन्न (रु.)?,72000
F0068-x-annual_income-kn,F0068,ration_card,kn,extraction,ವಾರ್ಷಿಕ ಆದಾಯ (ರೂ.)?,72000
F0068-x-family_members-en,F0068,ration_card,en,extraction,Number of Family Members?,7
F0068-x-family_members-hi,F0068,ration_card,hi,extraction,परिवार के सदस्यों की संख्या?,7
F0068-x-family_members-bn,F0068,ration_card,bn,extraction,পরিবারের সদস্য সংখ্যা?,7
F0068-x-family_members-te,F0068,ration_card,te,extraction,కుటుంబ సభ్యుల సంఖ్య?,7
F0068-x-family_members-ta,F0068,ration_card,ta,extraction,குடும்ப உறுப்பினர்கள் எண்ணிக்கை?,7
F0068-x-family_members-mr,F0068,ration_card,mr,extraction,कुटुंब सदस्यांची संख्या?,7
F0068-x-family_members-kn,F0068,ration_card,kn,extraction,ಕುಟುಂಬ ಸದಸ್ಯರ ಸಂಖ್ಯೆ?,7
F0068-x-category-en,F0068,ration_card,en,extraction,Category?,General
F0068-x-category-hi,F0068,ration_card,hi,extraction,श्रेणी?,General
F0068-x-category-bn,F0068,ration_card,bn,extraction,শ্রেণী?,General
F0068-x-category-te,F0068,ration_card,te,extraction,వర్గం?,General
F0068-x-category-ta,F0068,ration_card,ta,extraction,பிரிவு?,General
F0068-x-category-mr,F0068,ration_card,mr,extraction,प्रवर्ग?,General
F0068-x-category-kn,F0068,ration_card,kn,extraction,ವರ್ಗ?,General
F0068-r-elig-en,F0068,ration_card,en,reasoning,"Based on the income cap and household size rule, is this applicant eligible? Answer yes or no.",yes
F0068-r-elig-hi,F0068,ration_card,hi,reasoning,"आय सीमा और परिवार के आकार के नियम के आधार पर, क्या यह आवेदक पात्र है? हाँ या नहीं में उत्तर दें।",yes
F0068-r-elig-bn,F0068,ration_card,bn,reasoning,"আয়ের সীমা এবং পরিবারের আকারের নিয়ম অনুসারে, এই আবেদনকারী কি যোগ্য? হ্যাঁ বা না উত্তর দিন।",yes
F0068-r-elig-te,F0068,ration_card,te,reasoning,"ఆదాయ పరిమితి మరియు కుటుంబ పరిమాణ నియమం ఆధారంగా, ఈ దరఖాస్తుదారు అర్హులా? అవును లేదా కాదు అని సమాధానం ఇవ్వండి.",yes
F0068-r-elig-ta,F0068,ration_card,ta,reasoning,"வருமான வரம்பு மற்றும் குடும்ப அளவு விதியின் அடிப்படையில், இந்த விண்ணப்பதாரர் தகுதியானவரா? ஆம் அல்லது இல்லை என பதிலளிக்கவும்.",yes
F0068-r-elig-mr,F0068,ration_card,mr,reasoning,"उत्पन्न मर्यादा आणि कुटुंब आकाराच्या नियमानुसार, हा अर्जदार पात्र आहे का? होय किंवा नाही उत्तर द्या.",yes
F0068-r-elig-kn,F0068,ration_card,kn,reasoning,"ಆದಾಯ ಮಿತಿ ಮತ್ತು ಕುಟುಂಬ ಗಾತ್ರದ ನಿಯಮದ ಆಧಾರದ ಮೇಲೆ, ಈ ಅರ್ಜಿದಾರರು ಅರ್ಹರೇ? ಹೌದು ಅಥವಾ ಇಲ್ಲ ಎಂದು ಉತ್ತರಿಸಿ.",yes
F0069-x-applicant_name-en,F0069,ration_card,en,extraction,Applicant Name?,Ramesh Kumar
F0069-x-applicant_name-hi,F0069,ration_card,hi,extraction,आवेदक का नाम?,रमेश कुमार
F0069-x-applicant_name-bn,F0069,ration_card,bn,extraction,আবেদনকারীর নাম?,রমেশ কুমার
F0069-x-applicant_name-te,F0069,ration_card,te,extraction,దరఖాస్తుదారు పేరు?,రమేష్ కుమార్
F0069-x-applicant_name-ta,F0069,ration_card,ta,extraction,விண்ணப்பதாரர் பெயர்?,ரமேஷ் குமார்
F0069-x-applicant_name-mr,F0069,ration_card,mr,extraction,अर्जदाराचे नाव?,रमेश कुमार
F0069-x-applicant_name-kn,F0069,ration_card,kn,extraction,ಅರ್ಜಿದಾರರ ಹೆಸರು?,ರಮೇಶ್ ಕುಮಾರ್
F0069-x-district-en,F0069,ration_card,en,extraction,District?,Guntur
F0069-x-district-hi,F0069,ration_card,hi,extraction,जिला?,गुंटूर
F0069-x-district-bn,F0069,ration_card,bn,extraction,জেলা?,গুন্টুর
F0069-x-district-te,F0069,ration_card,te,extraction,జిల్లా?,గుంటూరు
F0069-x-district-ta,F0069,ration_card,ta,extraction,மாவட்டம்?,குண்டூர்
F0069-x-district-mr,F0069,ration_card,mr,extraction,जिल्हा?,गुंटूर
F0069-x-district-kn,F0069,ration_card,kn,extraction,ಜಿಲ್ಲೆ?,ಗುಂಟೂರು
F0069-x-annual_income-en,F0069,ration_card,en,extraction,Annual Income (Rs.)?,72000
F0069-x-annual_income-hi,F0069,ration_card,hi,extraction,वार्षिक आय (रु.)?,72000
F0069-x-annual_income-bn,F0069,ration_card,bn,extraction,বার্ষিক আয় (টাকা)?,72000
F0069-x-annual_income-te,F0069,ration_card,te,extraction,వార్షిక ఆదాయం (రూ.)?,72000
F0069-x-annual_income-ta,F0069,ration_card,ta,extraction,ஆண்டு வருமானம் (ரூ.)?,72000
F0069-x-annual_income-mr,F0069,ration_card,mr,extraction,वार्षिक उत्पन्न (रु.)?,72000
F0069-x-annual_income-kn,F0069,ration_card,kn,extraction,ವಾರ್ಷಿಕ ಆದಾಯ (ರೂ.)?,72000
F0069-x-family_members-en,F0069,ration_card,en,extraction,Number of Family Members?,6
F0069-x-family_members-hi,F0069,ration_card,hi,extraction,परिवार के सदस्यों की संख्या?,6
F0069-x-family_members-bn,F0069,ration_card,bn,extraction,পরিবারের সদস্য সংখ্যা?,6
F0069-x-family_members-te,F0069,ration_card,te,extraction,కుటుంబ సభ్యుల సంఖ్య?,6
F0069-x-family_members-ta,F0069,ration_card,ta,extraction,குடும்ப உறுப்பினர்கள் எண்ணிக்கை?,6
F0069-x-family_members-mr,F0069,ration_card,mr,extraction,कुटुंब सदस्यांची संख्या?,6
F0069-x-family_members-kn,F0069,ration_card,kn,extraction,ಕುಟುಂಬ ಸದಸ್ಯರ ಸಂಖ್ಯೆ?,6
F0069-x-category-en,F0069,ration_card,en,extraction,Category?,ST
F0069-x-category-hi,F0069,ration_card,hi,extraction,श्रेणी?,ST
F0069-x-category-bn,F0069,ration_card,bn,extraction,শ্রেণী?,ST
F0069-x-category-te,F0069,ration_card,te,extraction,వర్గం?,ST
F0069-x-category-ta,F0069,ration_card,ta,extraction,பிரிவு?,ST
F0069-x-category-mr,F0069,ration_card,mr,extraction,प्रवर्ग?,ST
F0069-x-category-kn,F0069,ration_card,kn,extraction,ವರ್ಗ?,ST
F0069-r-elig-en,F0069,ration_card,en,reasoning,"Based on the income cap and household size rule, is this applicant eligible? Answer yes or no.",yes
F0069-r-elig-hi,F0069,ration_card,hi,reasoning,"आय सीमा और परिवार के आकार के नियम के आधार पर, क्या यह आवेदक पात्र है? हाँ या नहीं में उत्तर दें।",yes
F0069-r-elig-bn,F0069,ration_card,bn,reasoning,"আয়ের সীমা এবং পরিবারের আকারের নিয়ম অনুসারে, এই আবেদনকারী কি যোগ্য? হ্যাঁ বা না উত্তর দিন।",yes
F0069-r-elig-te,F0069,ration_card,te,reasoning,"ఆదాయ పరిమితి మరియు కుటుంబ పరిమాణ నియమం ఆధారంగా, ఈ దరఖాస్తుదారు అర్హులా? అవును లేదా కాదు అని సమాధానం ఇవ్వండి.",yes
F0069-r-elig-ta,F0069,ration_card,ta,reasoning,"வருமான வரம்பு மற்றும் குடும்ப அளவு விதியின் அடிப்படையில், இந்த விண்ணப்பதாரர் தகுதியானவரா? ஆம் அல்லது இல்லை என பதிலளிக்கவும்.",yes
F0069-r-elig-mr,F0069,ration_card,mr,reasoning,"उत्पन्न मर्यादा आणि कुटुंब आकाराच्या नियमानुसार, हा अर्जदार पात्र आहे का? होय किंवा नाही उत्तर द्या.",yes
F0069-r-elig-kn,F0069,ration_card,kn,reasoning,"ಆದಾಯ ಮಿತಿ ಮತ್ತು ಕುಟುಂಬ ಗಾತ್ರದ ನಿಯಮದ ಆಧಾರದ ಮೇಲೆ, ಈ ಅರ್ಜಿದಾರರು ಅರ್ಹರೇ? ಹೌದು ಅಥವಾ ಇಲ್ಲ ಎಂದು ಉತ್ತರಿಸಿ.",yes
F0070-x-applicant_name-en,F0070,old_age_pension,en,extraction,Applicant Name?,Lakshmi Devi
F0070-x-applicant_name-hi,F0070,old_age_pension,hi,extraction,आवेदक का नाम?,लक्ष्मी देवी
F0070-x-applicant_name-bn,F0070,old_age_pension,bn,extraction,আবেদনকারীর নাম?,লক্ষ্মী দেবী
F0070-x-applicant_name-te,F0070,old_age_pension,te,extraction,దరఖాస్తుదారు పేరు?,లక్ష్మీ దేవి
F0070-x-applicant_name-ta,F0070,old_age_pension,ta,extraction,விண்ணப்பதாரர் பெயர்?,லட்சுமி தேவி
F0070-x-applicant_name-mr,F0070,old_age_pension,mr,extraction,अर्जदाराचे नाव?,लक्ष्मी देवी
F0070-x-applicant_name-kn,F0070,old_age_pension,kn,extraction,ಅರ್ಜಿದಾರರ ಹೆಸರು?,ಲಕ್ಷ್ಮಿ ದೇವಿ
F0070-x-district-en,F0070,old_age_pension,en,extraction,District?,Salem
F0070-x-district-hi,F0070,old_age_pension,hi,extraction,जिला?,सेलम
F0070-x-district-bn,F0070,old_age_pension,bn,extraction,জেলা?,সালেম
F0070-x-district-te,F0070,old_age_pension,te,extraction,జిల్లా?,సేలం
F0070-x-district-ta,F0070,old_age_pension,ta,extraction,மாவட்டம்?,சேலம்
F0070-x-district-mr,F0070,old_age_pension,mr,extraction,जिल्हा?,सेलम
F0070-x-district-kn,F0070,old_age_pension,kn,extraction,ಜಿಲ್ಲೆ?,ಸೇಲಂ
F0070-x-annual_income-en,F0070,old_age_pension,en,extraction,Annual Income (Rs.)?,232000
F0070-x-annual_income-hi,F0070,old_age_pension,hi,extraction,वार्षिक आय (रु.)?,232000
F0070-x-annual_income-bn,F0070,old_age_pension,bn,extraction,বার্ষিক আয় (টাকা)?,232000
F0070-x-annual_income-te,F0070,old_age_pension,te,extraction,వార్షిక ఆదాయం (రూ.)?,232000
F0070-x-annual_income-ta,F0070,old_age_pension,ta,extraction,ஆண்டு வருமானம் (ரூ.)?,232000
F0070-x-annual_income-mr,F0070,old_age_pension,mr,extraction,वार्षिक उत्पन्न (रु.)?,232000
F0070-x-annual_income-kn,F0070,old_age_pension,kn,extraction,ವಾರ್ಷಿಕ ಆದಾಯ (ರೂ.)?,232000
F0070-x-family_members-en,F0070,old_age_pension,en,extraction,Number of Family Members?,4
F0070-x-family_members-hi,F0070,old_age_pension,hi,extraction,परिवार के सदस्यों की संख्या?,4
F0070-x-family_members-bn,F0070,old_age_pension,bn,extraction,পরিবারের সদস্য সংখ্যা?,4
F0070-x-family_members-te,F0070,old_age_pension,te,extraction,కుటుంబ సభ్యుల సంఖ్య?,4
F0070-x-family_members-ta,F0070,old_age_pension,ta,extraction,குடும்ப உறுப்பினர்கள் எண்ணிக்கை?,4
F0070-x-family_members-mr,F0070,old_age_pension,mr,extraction,कुटुंब सदस्यांची संख्या?,4
F0070-x-family_members-kn,F0070,old_age_pension,kn,extraction,ಕುಟುಂಬ ಸದಸ್ಯರ ಸಂಖ್ಯೆ?,4
F0070-x-category-en,F0070,old_age_pension,en,extraction,Category?,General
F0070-x-category-hi,F0070,old_age_pension,hi,extraction,श्रेणी?,General
F0070-x-category-bn,F0070,old_age_pension,bn,extraction,শ্রেণী?,General
F0070-x-category-te,F0070,old_age_pension,te,extraction,వర్గం?,General
F0070-x-category-ta,F0070,old_age_pension,ta,extraction,பிரிவு?,General
F0070-x-category-mr,F0070,old_age_pension,mr,extraction,प्रवर्ग?,General
F0070-x-category-kn,F0070,old_age_pension,kn,extraction,ವರ್ಗ?,General
F0070-r-elig-en,F0070,old_age_pension,en,reasoning,"Based on the income cap and household size rule, is this applicant eligible? Answer yes or no.",no
F0070-r-elig-hi,F0070,old_age_pension,hi,reasoning,"आय सीमा और परिवार के आकार के नियम के आधार पर, क्या यह आवेदक पात्र है? हाँ या नहीं में उत्तर दें।",no
F0070-r-elig-bn,F0070,old_age_pension,bn,reasoning,"আয়ের সীমা এবং পরিবারের আকারের নিয়ম অনুসারে, এই আবেদনকারী কি যোগ্য? হ্যাঁ বা না উত্তর দিন।",no
F0070-r-elig-te,F0070,old_age_pension,te,reasoning,"ఆదాయ పరిమితి మరియు కుటుంబ పరిమాణ నియమం ఆధారంగా, ఈ దరఖాస్తుదారు అర్హులా? అవును లేదా కాదు అని సమాధానం ఇవ్వండి.",no
F0070-r-elig-ta,F0070,old_age_pension,ta,reasoning,"வருமான வரம்பு மற்றும் குடும்ப அளவு விதியின் அடிப்படையில், இந்த விண்ணப்பதாரர் தகுதியானவரா? ஆம் அல்லது இல்லை என பதிலளிக்கவும்.",no
F0070-r-elig-mr,F0070,old_age_pension,mr,reasoning,"उत्पन्न मर्यादा आणि कुटुंब आकाराच्या नियमानुसार, हा अर्जदार पात्र आहे का? होय किंवा नाही उत्तर द्या.",no
F0070-r-elig-kn,F0070,old_age_pension,kn,reasoning,"ಆದಾಯ ಮಿತಿ ಮತ್ತು ಕುಟುಂಬ ಗಾತ್ರದ ನಿಯಮದ ಆಧಾರದ ಮೇಲೆ, ಈ ಅರ್ಜಿದಾರರು ಅರ್ಹರೇ? ಹೌದು ಅಥವಾ ಇಲ್ಲ ಎಂದು ಉತ್ತರಿಸಿ.",no
F0071-x-applicant_name-en,F0071,scholarship,en,extraction,Applicant Name?,Suresh Rao
F0071-x-applicant_name-hi,F0071,scholarship,hi,extraction,आवेदक का नाम?,सुरेश राव
F0071-x-applicant_name-bn,F0071,scholarship,bn,extraction,আবেদনকারীর নাম?,সুরেশ রাও
F0071-x-applicant_name-te,F0071,scholarship,te,extraction,దరఖాస్తుదారు పేరు?,సురేష్ రావు
F0071-x-applicant_name-ta,F0071,scholarship,ta,extraction,விண்ணப்பதாரர் பெயர்?,சுரேஷ் ராவ்
F0071-x-applicant_name-mr,F0071,scholarship,mr,extraction,अर्जदाराचे नाव?,सुरेश राव
F0071-x-applicant_name-kn,F0071,scholarship,kn,extraction,ಅರ್ಜಿದಾರರ ಹೆಸರು?,ಸುರೇಶ್ ರಾವ್
F0071-x-district-en,F0071,scholarship,en,extraction,District?,Nashik
F0071-x-district-hi,F0071,scholarship,hi,extraction,जिला?,नाशिक
F0071-x-district-bn,F0071,scholarship,bn,extraction,জেলা?,নাসিক
F0071-x-district-te,F0071,scholarship,te,extraction,జిల్లా?,నాసిక్
F0071-x-district-ta,F0071,scholarship,ta,extraction,மாவட்டம்?,நாசிக்
F0071-x-district-mr,F0071,scholarship,mr,extraction,जिल्हा?,नाशिक
F0071-x-district-kn,F0071,scholarship,kn,extraction,ಜಿಲ್ಲೆ?,ನಾಸಿಕ್
F0071-x-annual_income-en,F0071,scholarship,en,extraction,Annual Income (Rs.)?,72000
F0071-x-annual_income-hi,F0071,scholarship,hi,extraction,वार्षिक आय (रु.)?,72000
F0071-x-annual_income-bn,F0071,scholarship,bn,extraction,বার্ষিক আয় (টাকা)?,72000
F0071-x-annual_income-te,F0071,scholarship,te,extraction,వార్షిక ఆదాయం (రూ.)?,72000
F0071-x-annual_income-ta,F0071,scholarship,ta,extraction,ஆண்டு வருமானம் (ரூ.)?,72000
F0071-x-annual_income-mr,F0071,scholarship,mr,extraction,वार्षिक उत्पन्न (रु.)?,72000
F0071-x-annual_income-kn,F0071,scholarship,kn,extraction,ವಾರ್ಷಿಕ ಆದಾಯ (ರೂ.)?,72000
F0071-x-family_members-en,F0071,scholarship,en,extraction,Number of Family Members?,2
F0071-x-family_members-hi,F0071,scholarship,hi,extraction,परिवार के सदस्यों की संख्या?,2
F0071-x-family_members-bn,F0071,scholarship,bn,extraction,পরিবারের সদস্য সংখ্যা?,2
F0071-x-family_members-te,F0071,scholarship,te,extraction,కుటుంబ సభ్యుల సంఖ్య?,2
F0071-x-family_members-ta,F0071,scholarship,ta,extraction,குடும்ப உறுப்பினர்கள் எண்ணிக்கை?,2
F0071-x-family_members-mr,F0071,scholarship,mr,extraction,कुटुंब सदस्यांची संख्या?,2
F0071-x-family_members-kn,F0071,scholarship,kn,extraction,ಕುಟುಂಬ ಸದಸ್ಯರ ಸಂಖ್ಯೆ?,2
F0071-x-category-en,F0071,scholarship,en,extraction,Category?,ST
F0071-x-category-hi,F0071,scholarship,hi,extraction,श्रेणी?,ST
F0071-x-category-bn,F0071,scholarship,bn,extraction,শ্রেণী?,ST
F0071-x-category-te,F0071,scholarship,te,extraction,వర్గం?,ST
F0071-x-category-ta,F0071,scholarship,ta,extraction,பிரிவு?,ST
F0071-x-category-mr,F0071,scholarship,mr,extraction,प्रवर्ग?,ST
F0071-x-category-kn,F0071,scholarship,kn,extraction,ವರ್ಗ?,ST
F0071-r-elig-en,F0071,scholarship,en,reasoning,"Based on the income cap and household size rule, is this applicant eligible? Answer yes or no.",yes
F0071-r-elig-hi,F0071,scholarship,hi,reasoning,"आय सीमा और परिवार के आकार के नियम के आधार पर, क्या यह आवेदक पात्र है? हाँ या नहीं में उत्तर दें।",yes
F0071-r-elig-bn,F0071,scholarship,bn,reasoning,"আয়ের সীমা এবং পরিবারের আকারের নিয়ম অনুসারে, এই আবেদনকারী কি যোগ্য? হ্যাঁ বা না উত্তর দিন।",yes
F0071-r-elig-te,F0071,scholarship,te,reasoning,"ఆదాయ పరిమితి మరియు కుటుంబ పరిమాణ నియమం ఆధారంగా, ఈ దరఖాస్తుదారు అర్హులా? అవును లేదా కాదు అని సమాధానం ఇవ్వండి.",yes
F0071-r-elig-ta,F0071,scholarship,ta,reasoning,"வருமான வரம்பு மற்றும் குடும்ப அளவு விதியின் அடிப்படையில், இந்த விண்ணப்பதாரர் தகுதியானவரா? ஆம் அல்லது இல்லை என பதிலளிக்கவும்.",yes
F0071-r-elig-mr,F0071,scholarship,mr,reasoning,"उत्पन्न मर्यादा आणि कुटुंब आकाराच्या नियमानुसार, हा अर्जदार पात्र आहे का? होय किंवा नाही उत्तर द्या.",yes
F0071-r-elig-kn,F0071,scholarship,kn,reasoning,"ಆದಾಯ ಮಿತಿ ಮತ್ತು ಕುಟುಂಬ ಗಾತ್ರದ ನಿಯಮದ ಆಧಾರದ ಮೇಲೆ, ಈ ಅರ್ಜಿದಾರರು ಅರ್ಹರೇ? ಹೌದು ಅಥವಾ ಇಲ್ಲ ಎಂದು ಉತ್ತರಿಸಿ.",yes
F0072-x-applicant_name-en,F0072,scholarship,en,extraction,Applicant Name?,Lakshmi Devi
F0072-x-applicant_name-hi,F0072,scholarship,hi,extraction,आवेदक का नाम?,लक्ष्मी देवी
F0072-x-applicant_name-bn,F0072,scholarship,bn,extraction,আবেদনকারীর নাম?,লক্ষ্মী দেবী
F0072-x-applicant_name-te,F0072,scholarship,te,extraction,దరఖాస్తుదారు పేరు?,లక్ష్మీ దేవి
F0072-x-applicant_name-ta,F0072,scholarship,ta,extraction,விண்ணப்பதாரர் பெயர்?,லட்சுமி தேவி
F0072-x-applicant_name-mr,F0072,scholarship,mr,extraction,अर्जदाराचे नाव?,लक्ष्मी देवी
F0072-x-applicant_name-kn,F0072,scholarship,kn,extraction,ಅರ್ಜಿದಾರರ ಹೆಸರು?,ಲಕ್ಷ್ಮಿ ದೇವಿ
F0072-x-district-en,F0072,scholarship,en,extraction,District?,Guntur
F0072-x-district-hi,F0072,scholarship,hi,extraction,जिला?,गुंटूर
F0072-x-district-bn,F0072,scholarship,bn,extraction,জেলা?,গুন্টুর
F0072-x-district-te,F0072,scholarship,te,extraction,జిల్లా?,గుంటూరు
F0072-x-district-ta,F0072,scholarship,ta,extraction,மாவட்டம்?,குண்டூர்
F0072-x-district-mr,F0072,scholarship,mr,extraction,जिल्हा?,गुंटूर
F0072-x-district-kn,F0072,scholarship,kn,extraction,ಜಿಲ್ಲೆ?,ಗುಂಟೂರು
F0072-x-annual_income-en,F0072,scholarship,en,extraction,Annual Income (Rs.)?,145000
F0072-x-annual_income-hi,F0072,scholarship,hi,extraction,वार्षिक आय (रु.)?,145000
F0072-x-annual_income-bn,F0072,scholarship,bn,extraction,বার্ষিক আয় (টাকা)?,145000
F0072-x-annual_income-te,F0072,scholarship,te,extraction,వార్షిక ఆదాయం (రూ.)?,145000
F0072-x-annual_income-ta,F0072,scholarship,ta,extraction,ஆண்டு வருமானம் (ரூ.)?,145000
F0072-x-annual_income-mr,F0072,scholarship,mr,extraction,वार्षिक उत्पन्न (रु.)?,145000
F0072-x-annual_income-kn,F0072,scholarship,kn,extraction,ವಾರ್ಷಿಕ ಆದಾಯ (ರೂ.)?,145000
F0072-x-family_members-en,F0072,scholarship,en,extraction,Number of Family Members?,1
F0072-x-family_members-hi,F0072,scholarship,hi,extraction,परिवार के सदस्यों की संख्या?,1
F0072-x-family_members-bn,F0072,scholarship,bn,extraction,পরিবারের সদস্য সংখ্যা?,1
F0072-x-family_members-te,F0072,scholarship,te,extraction,కుటుంబ సభ్యుల సంఖ్య?,1
F0072-x-family_members-ta,F0072,scholarship,ta,extraction,குடும்ப உறுப்பினர்கள் எண்ணிக்கை?,1
F0072-x-family_members-mr,F0072,scholarship,mr,extraction,कुटुंब सदस्यांची संख्या?,1
F0072-x-family_members-kn,F0072,scholarship,kn,extraction,ಕುಟುಂಬ ಸದಸ್ಯರ ಸಂಖ್ಯೆ?,1
F0072-x-category-en,F0072,scholarship,en,extraction,Category?,OBC
F0072-x-category-hi,F0072,scholarship,hi,extraction,श्रेणी?,OBC
F0072-x-category-bn,F0072,scholarship,bn,extraction,শ্রেণী?,OBC
F0072-x-category-te,F0072,scholarship,te,extraction,వర్గం?,OBC
F0072-x-category-ta,F0072,scholarship,ta,extraction,பிரிவு?,OBC
F0072-x-category-mr,F0072,scholarship,mr,extraction,प्रवर्ग?,OBC
F0072-x-category-kn,F0072,scholarship,kn,extraction,ವರ್ಗ?,OBC
F0072-r-elig-en,F0072,scholarship,en,reasoning,"Based on the income cap and household size rule, is this applicant eligible? Answer yes or no.",yes
F0072-r-elig-hi,F0072,scholarship,hi,reasoning,"आय सीमा और परिवार के आकार के नियम के आधार पर, क्या यह आवेदक पात्र है? हाँ या नहीं में उत्तर दें।",yes
F0072-r-elig-bn,F0072,scholarship,bn,reasoning,"আয়ের সীমা এবং পরিবারের আকারের নিয়ম অনুসারে, এই আবেদনকারী কি যোগ্য? হ্যাঁ বা না উত্তর দিন।",yes
F0072-r-elig-te,F0072,scholarship,te,reasoning,"ఆదాయ పరిమితి మరియు కుటుంబ పరిమాణ నియమం ఆధారంగా, ఈ దరఖాస్తుదారు అర్హులా? అవును లేదా కాదు అని సమాధానం ఇవ్వండి.",yes
F0072-r-elig-ta,F0072,scholarship,ta,reasoning,"வருமான வரம்பு மற்றும் குடும்ப அளவு விதியின் அடிப்படையில், இந்த விண்ணப்பதாரர் தகுதியானவரா? ஆம் அல்லது இல்லை என பதிலளிக்கவும்.",yes
F0072-r-elig-mr,F0072,scholarship,mr,reasoning,"उत्पन्न मर्यादा आणि कुटुंब आकाराच्या नियमानुसार, हा अर्जदार पात्र आहे का? होय किंवा नाही उत्तर द्या.",yes
F0072-r-elig-kn,F0072,scholarship,kn,reasoning,"ಆದಾಯ ಮಿತಿ ಮತ್ತು ಕುಟುಂಬ ಗಾತ್ರದ ನಿಯಮದ ಆಧಾರದ ಮೇಲೆ, ಈ ಅರ್ಜಿದಾರರು ಅರ್ಹರೇ? ಹೌದು ಅಥವಾ ಇಲ್ಲ ಎಂದು ಉತ್ತರಿಸಿ.",yes
F0073-x-applicant_name-en,F0073,ration_card,en,extraction,Applicant Name?,Arjun Nair
F0073-x-applicant_name-hi,F0073,ration_card,hi,extraction,आवेदक का नाम?,अर्जुन नायर
F0073-x-applicant_name-bn,F0073,ration_card,bn,extraction,আবেদনকারীর নাম?,অর্জুন নায়ার
F0073-x-applicant_name-te,F0073,ration_card,te,extraction,దరఖాస్తుదారు పేరు?,అర్జున్ నాయర్
F0073-x-applicant_name-ta,F0073,ration_card,ta,extraction,விண்ணப்பதாரர் பெயர்?,அர்ஜுன் நாயர்
F0073-x-applicant_name-mr,F0073,ration_card,mr,extraction,अर्जदाराचे नाव?,अर्जुन नायर
F0073-x-applicant_name-kn,F0073,ration_card,kn,extraction,ಅರ್ಜಿದಾರರ ಹೆಸರು?,ಅರ್ಜುನ್ ನಾಯರ್
F0073-x-district-en,F0073,ration_card,en,extraction,District?,Salem
F0073-x-district-hi,F0073,ration_card,hi,extraction,जिला?,सेलम
F0073-x-district-bn,F0073,ration_card,bn,extraction,জেলা?,সালেম
F0073-x-district-te,F0073,ration_card,te,extraction,జిల్లా?,సేలం
F0073-x-district-ta,F0073,ration_card,ta,extraction,மாவட்டம்?,சேலம்
F0073-x-district-mr,F0073,ration_card,mr,extraction,जिल्हा?,सेलम
F0073-x-district-kn,F0073,ration_card,kn,extraction,ಜಿಲ್ಲೆ?,ಸೇಲಂ
F0073-x-annual_income-en,F0073,ration_card,en,extraction,Annual Income (Rs.)?,232000
F0073-x-annual_income-hi,F0073,ration_card,hi,extraction,वार्षिक आय (रु.)?,232000
F0073-x-annual_income-bn,F0073,ration_card,bn,extraction,বার্ষিক আয় (টাকা)?,232000
F0073-x-annual_income-te,F0073,ration_card,te,extraction,వార్షిక ఆదాయం (రూ.)?,232000
F0073-x-annual_income-ta,F0073,ration_card,ta,extraction,ஆண்டு வருமானம் (ரூ.)?,232000
F0073-x-annual_income-mr,F0073,ration_card,mr,extraction,वार्षिक उत्पन्न (रु.)?,232000
F0073-x-annual_income-kn,F0073,ration_card,kn,extraction,ವಾರ್ಷಿಕ ಆದಾಯ (ರೂ.)?,232000
F0073-x-family_members-en,F0073,ration_card,en,extraction,Number of Family Members?,1
F0073-x-family_members-hi,F0073,ration_card,hi,extraction,परिवार के सदस्यों की संख्या?,1
F0073-x-family_members-bn,F0073,ration_card,bn,extraction,পরিবারের সদস্য সংখ্যা?,1
F0073-x-family_members-te,F0073,ration_card,te,extraction,కుటుంబ సభ్యుల సంఖ్య?,1
F0073-x-family_members-ta,F0073,ration_card,ta,extraction,குடும்ப உறுப்பினர்கள் எண்ணிக்கை?,1
F0073-x-family_members-mr,F0073,ration_card,mr,extraction,कुटुंब सदस्यांची संख्या?,1
F0073-x-family_members-kn,F0073,ration_card,kn,extraction,ಕುಟುಂಬ ಸದಸ್ಯರ ಸಂಖ್ಯೆ?,1
F0073-x-category-en,F0073,ration_card,en,extraction,Category?,EWS
F0073-x-category-hi,F0073,ration_card,hi,extraction,श्रेणी?,EWS
F0073-x-category-bn,F0073,ration_card,bn,extraction,শ্রেণী?,EWS
F0073-x-category-te,F0073,ration_card,te,extraction,వర్గం?,EWS
F0073-x-category-ta,F0073,ration_card,ta,extraction,பிரிவு?,EWS
F0073-x-category-mr,F0073,ration_card,mr,extraction,प्रवर्ग?,EWS
F0073-x-category-kn,F0073,ration_card,kn,extraction,ವರ್ಗ?,EWS
F0073-r-elig-en,F0073,ration_card,en,reasoning,"Based on the income cap and household size rule, is this applicant eligible? Answer yes or no.",no
F0073-r-elig-hi,F0073,ration_card,hi,reasoning,"आय सीमा और परिवार के आकार के नियम के आधार पर, क्या यह आवेदक पात्र है? हाँ या नहीं में उत्तर दें।",no
F0073-r-elig-bn,F0073,ration_card,bn,reasoning,"আয়ের সীমা এবং পরিবারের আকারের নিয়ম অনুসারে, এই আবেদনকারী কি যোগ্য? হ্যাঁ বা না উত্তর দিন।",no
F0073-r-elig-te,F0073,ration_card,te,reasoning,"ఆదాయ పరిమితి మరియు కుటుంబ పరిమాణ నియమం ఆధారంగా, ఈ దరఖాస్తుదారు అర్హులా? అవును లేదా కాదు అని సమాధానం ఇవ్వండి.",no
F0073-r-elig-ta,F0073,ration_card,ta,reasoning,"வருமான வரம்பு மற்றும் குடும்ப அளவு விதியின் அடிப்படையில், இந்த விண்ணப்பதாரர் தகுதியானவரா? ஆம் அல்லது இல்லை என பதிலளிக்கவும்.",no
F0073-r-elig-mr,F0073,ration_card,mr,reasoning,"उत्पन्न मर्यादा आणि कुटुंब आकाराच्या नियमानुसार, हा अर्जदार पात्र आहे का? होय किंवा नाही उत्तर द्या.",no
F0073-r-elig-kn,F0073,ration_card,kn,reasoning,"ಆದಾಯ ಮಿತಿ ಮತ್ತು ಕುಟುಂಬ ಗಾತ್ರದ ನಿಯಮದ ಆಧಾರದ ಮೇಲೆ, ಈ ಅರ್ಜಿದಾರರು ಅರ್ಹರೇ? ಹೌದು ಅಥವಾ ಇಲ್ಲ ಎಂದು ಉತ್ತರಿಸಿ.",no
F0074-x-applicant_name-en,F0074,ration_card,en,extraction,Applicant Name?,Lakshmi Devi
F0074-x-applicant_name-hi,F0074,ration_card,hi,extraction,आवेदक का नाम?,लक्ष्मी देवी
F0074-x-applicant_name-bn,F0074,ration_card,bn,extraction,আবেদনকারীর নাম?,লক্ষ্মী দেবী
F0074-x-applicant_name-te,F0074,ration_card,te,extraction,దరఖాస్తుదారు పేరు?,లక్ష్మీ దేవి
F0074-x-applicant_name-ta,F0074,ration_card,ta,extraction,விண்ணப்பதாரர் பெயர்?,லட்சுமி தேவி
F0074-x-applicant_name-mr,F0074,ration_card,mr,extraction,अर्जदाराचे नाव?,लक्ष्मी देवी
F0074-x-applicant_name-kn,F0074,ration_card,kn,extraction,ಅರ್ಜಿದಾರರ ಹೆಸರು?,ಲಕ್ಷ್ಮಿ ದೇವಿ
F0074-x-district-en,F0074,ration_card,en,extraction,District?,Guntur
F0074-x-district-hi,F0074,ration_card,hi,extraction,जिला?,गुंटूर
F0074-x-district-bn,F0074,ration_card,bn,extraction,জেলা?,গুন্টুর
F0074-x-district-te,F0074,ration_card,te,extraction,జిల్లా?,గుంటూరు
F0074-x-district-ta,F0074,ration_card,ta,extraction,மாவட்டம்?,குண்டூர்
F0074-x-district-mr,F0074,ration_card,mr,extraction,जिल्हा?,गुंटूर
F0074-x-district-kn,F0074,ration_card,kn,extraction,ಜಿಲ್ಲೆ?,ಗುಂಟೂರು
F0074-x-annual_income-en,F0074,ration_card,en,extraction,Annual Income (Rs.)?,72000
F0074-x-annual_income-hi,F0074,ration_card,hi,extraction,वार्षिक आय (रु.)?,72000
F0074-x-annual_income-bn,F0074,ration_card,bn,extraction,বার্ষিক আয় (টাকা)?,72000
F0074-x-annual_income-te,F0074,ration_card,te,extraction,వార్షిక ఆదాయం (రూ.)?,72000
F0074-x-annual_income-ta,F0074,ration_card,ta,extraction,ஆண்டு வருமானம் (ரூ.)?,72000
F0074-x-annual_income-mr,F0074,ration_card,mr,extraction,वार्षिक उत्पन्न (रु.)?,72000
F0074-x-annual_income-kn,F0074,ration_card,kn,extraction,ವಾರ್ಷಿಕ ಆದಾಯ (ರೂ.)?,72000
F0074-x-family_members-en,F0074,ration_card,en,extraction,Number of Family Members?,2
F0074-x-family_members-hi,F0074,ration_card,hi,extraction,परिवार के सदस्यों की संख्या?,2
F0074-x-family_members-bn,F0074,ration_card,bn,extraction,পরিবারের সদস্য সংখ্যা?,2
F0074-x-family_members-te,F0074,ration_card,te,extraction,కుటుంబ సభ్యుల సంఖ్య?,2
F0074-x-family_members-ta,F0074,ration_card,ta,extraction,குடும்ப உறுப்பினர்கள் எண்ணிக்கை?,2
F0074-x-family_members-mr,F0074,ration_card,mr,extraction,कुटुंब सदस्यांची संख्या?,2
F0074-x-family_members-kn,F0074,ration_card,kn,extraction,ಕುಟುಂಬ ಸದಸ್ಯರ ಸಂಖ್ಯೆ?,2
F0074-x-category-en,F0074,ration_card,en,extraction,Category?,EWS
F0074-x-category-hi,F0074,ration_card,hi,extraction,श्रेणी?,EWS
F0074-x-category-bn,F0074,ration_card,bn,extraction,শ্রেণী?,EWS
F0074-x-category-te,F0074,ration_card,te,extraction,వర్గం?,EWS
F0074-x-category-ta,F0074,ration_card,ta,extraction,பிரிவு?,EWS
F0074-x-category-mr,F0074,ration_card,mr,extraction,प्रवर्ग?,EWS
F0074-x-category-kn,F0074,ration_card,kn,extraction,ವರ್ಗ?,EWS
F0074-r-elig-en,F0074,ration_card,en,reasoning,"Based on the income cap and household size rule, is this applicant eligible? Answer yes or no.",yes
F0074-r-elig-hi,F0074,ration_card,hi,reasoning,"आय सीमा और परिवार के आकार के नियम के आधार पर, क्या यह आवेदक पात्र है? हाँ या नहीं में उत्तर दें।",yes
F0074-r-elig-bn,F0074,ration_card,bn,reasoning,"আয়ের সীমা এবং পরিবারের আকারের নিয়ম অনুসারে, এই আবেদনকারী কি যোগ্য? হ্যাঁ বা না উত্তর দিন।",yes
F0074-r-elig-te,F0074,ration_card,te,reasoning,"ఆదాయ పరిమితి మరియు కుటుంబ పరిమాణ నియమం ఆధారంగా, ఈ దరఖాస్తుదారు అర్హులా? అవును లేదా కాదు అని సమాధానం ఇవ్వండి.",yes
F0074-r-elig-ta,F0074,ration_card,ta,reasoning,"வருமான வரம்பு மற்றும் குடும்ப அளவு விதியின் அடிப்படையில், இந்த விண்ணப்பதாரர் தகுதியானவரா? ஆம் அல்லது இல்லை என பதிலளிக்கவும்.",yes
F0074-r-elig-mr,F0074,ration_card,mr,reasoning,"उत्पन्न मर्यादा आणि कुटुंब आकाराच्या नियमानुसार, हा अर्जदार पात्र आहे का? होय किंवा नाही उत्तर द्या.",yes
F0074-r-elig-kn,F0074,ration_card,kn,reasoning,"ಆದಾಯ ಮಿತಿ ಮತ್ತು ಕುಟುಂಬ ಗಾತ್ರದ ನಿಯಮದ ಆಧಾರದ ಮೇಲೆ, ಈ ಅರ್ಜಿದಾರರು ಅರ್ಹರೇ? ಹೌದು ಅಥವಾ ಇಲ್ಲ ಎಂದು ಉತ್ತರಿಸಿ.",yes
F0075-x-applicant_name-en,F0075,old_age_pension,en,extraction,Applicant Name?,Arjun Nair
F0075-x-applicant_name-hi,F0075,old_age_pension,hi,extraction,आवेदक का नाम?,अर्जुन नायर
F0075-x-applicant_name-bn,F0075,old_age_pension,bn,extraction,আবেদনকারীর নাম?,অর্জুন নায়ার
F0075-x-applicant_name-te,F0075,old_age_pension,te,extraction,దరఖాస్తుదారు పేరు?,అర్జున్ నాయర్
F0075-x-applicant_name-ta,F0075,old_age_pension,ta,extraction,விண்ணப்பதாரர் பெயர்?,அர்ஜுன் நாயர்
F0075-x-applicant_name-mr,F0075,old_age_pension,mr,extraction,अर्जदाराचे नाव?,अर्जुन नायर
F0075-x-applicant_name-kn,F0075,old_age_pension,kn,extraction,ಅರ್ಜಿದಾರರ ಹೆಸರು?,ಅರ್ಜುನ್ ನಾಯರ್
F0075-x-district-en,F0075,old_age_pension,en,extraction,District?,Guntur
F0075-x-district-hi,F0075,old_age_pension,hi,extraction,जिला?,गुंटूर
F0075-x-district-bn,F0075,old_age_pension,bn,extraction,জেলা?,গুন্টুর
F0075-x-district-te,F0075,old_age_pension,te,extraction,జిల్లా?,గుంటూరు
F0075-x-district-ta,F0075,old_age_pension,ta,extraction,மாவட்டம்?,குண்டூர்
F0075-x-district-mr,F0075,old_age_pension,mr,extraction,जिल्हा?,गुंटूर
F0075-x-district-kn,F0075,old_age_pension,kn,extraction,ಜಿಲ್ಲೆ?,ಗುಂಟೂರು
F0075-x-annual_income-en,F0075,old_age_pension,en,extraction,Annual Income (Rs.)?,232000
F0075-x-annual_income-hi,F0075,old_age_pension,hi,extraction,वार्षिक आय (रु.)?,232000
F0075-x-annual_income-bn,F0075,old_age_pension,bn,extraction,বার্ষিক আয় (টাকা)?,232000
F0075-x-annual_income-te,F0075,old_age_pension,te,extraction,వార్షిక ఆదాయం (రూ.)?,232000
F0075-x-annual_income-ta,F0075,old_age_pension,ta,extraction,ஆண்டு வருமானம் (ரூ.)?,232000
F0075-x-annual_income-mr,F0075,old_age_pension,mr,extraction,वार्षिक उत्पन्न (रु.)?,232000
F0075-x-annual_income-kn,F0075,old_age_pension,kn,extraction,ವಾರ್ಷಿಕ ಆದಾಯ (ರೂ.)?,232000
F0075-x-family_members-en,F0075,old_age_pension,en,extraction,Number of Family Members?,1
F0075-x-family_members-hi,F0075,old_age_pension,hi,extraction,परिवार के सदस्यों की संख्या?,1
F0075-x-family_members-bn,F0075,old_age_pension,bn,extraction,পরিবারের সদস্য সংখ্যা?,1
F0075-x-family_members-te,F0075,old_age_pension,te,extraction,కుటుంబ సభ్యుల సంఖ్య?,1
F0075-x-family_members-ta,F0075,old_age_pension,ta,extraction,குடும்ப உறுப்பினர்கள் எண்ணிக்கை?,1
F0075-x-family_members-mr,F0075,old_age_pension,mr,extraction,कुटुंब सदस्यांची संख्या?,1
F0075-x-family_members-kn,F0075,old_age_pension,kn,extraction,ಕುಟುಂಬ ಸದಸ್ಯರ ಸಂಖ್ಯೆ?,1
F0075-x-category-en,F0075,old_age_pension,en,extraction,Category?,EWS
F0075-x-category-hi,F0075,old_age_pension,hi,extraction,श्रेणी?,EWS
F0075-x-category-bn,F0075,old_age_pension,bn,extraction,শ্রেণী?,EWS
F0075-x-category-te,F0075,old_age_pension,te,extraction,వర్గం?,EWS
F0075-x-category-ta,F0075,old_age_pension,ta,extraction,பிரிவு?,EWS
F0075-x-category-mr,F0075,old_age_pension,mr,extraction,प्रवर्ग?,EWS
F0075-x-category-kn,F0075,old_age_pension,kn,extraction,ವರ್ಗ?,EWS
F0075-r-elig-en,F0075,old_age_pension,en,reasoning,"Based on the income cap and household size rule, is this applicant eligible? Answer yes or no.",no
F0075-r-elig-hi,F0075,old_age_pension,hi,reasoning,"आय सीमा और परिवार के आकार के नियम के आधार पर, क्या यह आवेदक पात्र है? हाँ या नहीं में उत्तर दें।",no
F0075-r-elig-bn,F0075,old_age_pension,bn,reasoning,"আয়ের সীমা এবং পরিবারের আকারের নিয়ম অনুসারে, এই আবেদনকারী কি যোগ্য? হ্যাঁ বা না উত্তর দিন।",no
F0075-r-elig-te,F0075,old_age_pension,te,reasoning,"ఆదాయ పరిమితి మరియు కుటుంబ పరిమాణ నియమం ఆధారంగా, ఈ దరఖాస్తుదారు అర్హులా? అవును లేదా కాదు అని సమాధానం ఇవ్వండి.",no
F0075-r-elig-ta,F0075,old_age_pension,ta,reasoning,"வருமான வரம்பு மற்றும் குடும்ப அளவு விதியின் அடிப்படையில், இந்த விண்ணப்பதாரர் தகுதியானவரா? ஆம் அல்லது இல்லை என பதிலளிக்கவும்.",no
F0075-r-elig-mr,F0075,old_age_pension,mr,reasoning,"उत्पन्न मर्यादा आणि कुटुंब आकाराच्या नियमानुसार, हा अर्जदार पात्र आहे का? होय किंवा नाही उत्तर द्या.",no
F0075-r-elig-kn,F0075,old_age_pension,kn,reasoning,"ಆದಾಯ ಮಿತಿ ಮತ್ತು ಕುಟುಂಬ ಗಾತ್ರದ ನಿಯಮದ ಆಧಾರದ ಮೇಲೆ, ಈ ಅರ್ಜಿದಾರರು ಅರ್ಹರೇ? ಹೌದು ಅಥವಾ ಇಲ್ಲ ಎಂದು ಉತ್ತರಿಸಿ.",no
F0076-x-applicant_name-en,F0076,scholarship,en,extraction,Applicant Name?,Meena Kumari
F0076-x-applicant_name-hi,F0076,scholarship,hi,extraction,आवेदक का नाम?,मीना कुमारी
F0076-x-applicant_name-bn,F0076,scholarship,bn,extraction,আবেদনকারীর নাম?,মীনা কুমারী
F0076-x-applicant_name-te,F0076,scholarship,te,extraction,దరఖాస్తుదారు పేరు?,మీనా కుమారి
F0076-x-applicant_name-ta,F0076,scholarship,ta,extraction,விண்ணப்பதாரர் பெயர்?,மீனா குமாரி
F0076-x-applicant_name-mr,F0076,scholarship,mr,extraction,अर्जदाराचे नाव?,मीना कुमारी
F0076-x-applicant_name-kn,F0076,scholarship,kn,extraction,ಅರ್ಜಿದಾರರ ಹೆಸರು?,ಮೀನಾ ಕುಮಾರಿ
F0076-x-district-en,F0076,scholarship,en,extraction,District?,Salem
F0076-x-district-hi,F0076,scholarship,hi,extraction,जिला?,सेलम
F0076-x-district-bn,F0076,scholarship,bn,extraction,জেলা?,সালেম
F0076-x-district-te,F0076,scholarship,te,extraction,జిల్లా?,సేలం
F0076-x-district-ta,F0076,scholarship,ta,extraction,மாவட்டம்?,சேலம்
F0076-x-district-mr,F0076,scholarship,mr,extraction,जिल्हा?,सेलम
F0076-x-district-kn,F0076,scholarship,kn,extraction,ಜಿಲ್ಲೆ?,ಸೇಲಂ
F0076-x-annual_income-en,F0076,scholarship,en,extraction,Annual Income (Rs.)?,96000
F0076-x-annual_income-hi,F0076,scholarship,hi,extraction,वार्षिक आय (रु.)?,96000
F0076-x-annual_income-bn,F0076,scholarship,bn,extraction,বার্ষিক আয় (টাকা)?,96000
F0076-x-annual_income-te,F0076,scholarship,te,extraction,వార్షిక ఆదాయం (రూ.)?,96000
F0076-x-annual_income-ta,F0076,scholarship,ta,extraction,ஆண்டு வருமானம் (ரூ.)?,96000
F0076-x-annual_income-mr,F0076,scholarship,mr,extraction,वार्षिक उत्पन्न (रु.)?,96000
F0076-x-annual_income-kn,F0076,scholarship,kn,extraction,ವಾರ್ಷಿಕ ಆದಾಯ (ರೂ.)?,96000
F0076-x-family_members-en,F0076,scholarship,en,extraction,Number of Family Members?,4
F0076-x-family_members-hi,F0076,scholarship,hi,extraction,परिवार के सदस्यों की संख्या?,4
F0076-x-family_members-bn,F0076,scholarship,bn,extraction,পরিবারের সদস্য সংখ্যা?,4
F0076-x-family_members-te,F0076,scholarship,te,extraction,కుటుంబ సభ్యుల సంఖ్య?,4
F0076-x-family_members-ta,F0076,scholarship,ta,extraction,குடும்ப உறுப்பினர்கள் எண்ணிக்கை?,4
F0076-x-family_members-mr,F0076,scholarship,mr,extraction,कुटुंब सदस्यांची संख्या?,4
F0076-x-family_members-kn,F0076,scholarship,kn,extraction,ಕುಟುಂಬ ಸದಸ್ಯರ ಸಂಖ್ಯೆ?,4
F0076-x-category-en,F0076,scholarship,en,extraction,Category?,OBC
F0076-x-category-hi,F0076,scholarship,hi,extraction,श्रेणी?,OBC
F0076-x-category-bn,F0076,scholarship,bn,extraction,শ্রেণী?,OBC
F0076-x-category-te,F0076,scholarship,te,extraction,వర్గం?,OBC
F0076-x-category-ta,F0076,scholarship,ta,extraction,பிரிவு?,OBC
F0076-x-category-mr,F0076,scholarship,mr,extraction,प्रवर्ग?,OBC
F0076-x-category-kn,F0076,scholarship,kn,extraction,ವರ್ಗ?,OBC
F0076-r-elig-en,F0076,scholarship,en,reasoning,"Based on the income cap and household size rule, is this applicant eligible? Answer yes or no.",yes
F0076-r-elig-hi,F0076,scholarship,hi,reasoning,"आय सीमा और परिवार के आकार के नियम के आधार पर, क्या यह आवेदक पात्र है? हाँ या नहीं में उत्तर दें।",yes
F0076-r-elig-bn,F0076,scholarship,bn,reasoning,"আয়ের সীমা এবং পরিবারের আকারের নিয়ম অনুসারে, এই আবেদনকারী কি যোগ্য? হ্যাঁ বা না উত্তর দিন।",yes
F0076-r-elig-te,F0076,scholarship,te,reasoning,"ఆదాయ పరిమితి మరియు కుటుంబ పరిమాణ నియమం ఆధారంగా, ఈ దరఖాస్తుదారు అర్హులా? అవును లేదా కాదు అని సమాధానం ఇవ్వండి.",yes
F0076-r-elig-ta,F0076,scholarship,ta,reasoning,"வருமான வரம்பு மற்றும் குடும்ப அளவு விதியின் அடிப்படையில், இந்த விண்ணப்பதாரர் தகுதியானவரா? ஆம் அல்லது இல்லை என பதிலளிக்கவும்.",yes
F0076-r-elig-mr,F0076,scholarship,mr,reasoning,"उत्पन्न मर्यादा आणि कुटुंब आकाराच्या नियमानुसार, हा अर्जदार पात्र आहे का? होय किंवा नाही उत्तर द्या.",yes
F0076-r-elig-kn,F0076,scholarship,kn,reasoning,"ಆದಾಯ ಮಿತಿ ಮತ್ತು ಕುಟುಂಬ ಗಾತ್ರದ ನಿಯಮದ ಆಧಾರದ ಮೇಲೆ, ಈ ಅರ್ಜಿದಾರರು ಅರ್ಹರೇ? ಹೌದು ಅಥವಾ ಇಲ್ಲ ಎಂದು ಉತ್ತರಿಸಿ.",yes
F0077-x-applicant_name-en,F0077,scholarship,en,extraction,Applicant Name?,Ramesh Kumar
F0077-x-applicant_name-hi,F0077,scholarship,hi,extraction,आवेदक का नाम?,रमेश कुमार
F0077-x-applicant_name-bn,F0077,scholarship,bn,extraction,আবেদনকারীর নাম?,রমেশ কুমার
F0077-x-applicant_name-te,F0077,scholarship,te,extraction,దరఖాస్తుదారు పేరు?,రమేష్ కుమార్
F0077-x-applicant_name-ta,F0077,scholarship,ta,extraction,விண்ணப்பதாரர் பெயர்?,ரமேஷ் குமார்
F0077-x-applicant_name-mr,F0077,scholarship,mr,extraction,अर्जदाराचे नाव?,रमेश कुमार
F0077-x-applicant_name-kn,F0077,scholarship,kn,extraction,ಅರ್ಜಿದಾರರ ಹೆಸರು?,ರಮೇಶ್ ಕುಮಾರ್
F0077-x-district-en,F0077,scholarship,en,extraction,District?,Salem
F0077-x-district-hi,F0077,scholarship,hi,extraction,जिला?,सेलम
F0077-x-district-bn,F0077,scholarship,bn,extraction,জেলা?,সালেম
F0077-x-district-te,F0077,scholarship,te,extraction,జిల్లా?,సేలం
F0077-x-district-ta,F0077,scholarship,ta,extraction,மாவட்டம்?,சேலம்
F0077-x-district-mr,F0077,scholarship,mr,extraction,जिल्हा?,सेलम
F0077-x-district-kn,F0077,scholarship,kn,extraction,ಜಿಲ್ಲೆ?,ಸೇಲಂ
F0077-x-annual_income-en,F0077,scholarship,en,extraction,Annual Income (Rs.)?,96000
F0077-x-annual_income-hi,F0077,scholarship,hi,extraction,वार्षिक आय (रु.)?,96000
F0077-x-annual_income-bn,F0077,scholarship,bn,extraction,বার্ষিক আয় (টাকা)?,96000
F0077-x-annual_income-te,F0077,scholarship,te,extraction,వార్షిక ఆదాయం (రూ.)?,96000
F0077-x-annual_income-ta,F0077,scholarship,ta,extraction,ஆண்டு வருமானம் (ரூ.)?,96000
F0077-x-annual_income-mr,F0077,scholarship,mr,extraction,वार्षिक उत्पन्न (रु.)?,96000
F0077-x-annual_income-kn,F0077,scholarship,kn,extraction,ವಾರ್ಷಿಕ ಆದಾಯ (ರೂ.)?,96000
F0077-x-family_members-en,F0077,scholarship,en,extraction,Number of Family Members?,6
F0077-x-family_members-hi,F0077,scholarship,hi,extraction,परिवार के सदस्यों की संख्या?,6
F0077-x-family_members-bn,F0077,scholarship,bn,extraction,পরিবারের সদস্য সংখ্যা?,6
F0077-x-family_members-te,F0077,scholarship,te,extraction,కుటుంబ సభ్యుల సంఖ్య?,6
F0077-x-family_members-ta,F0077,scholarship,ta,extraction,குடும்ப உறுப்பினர்கள் எண்ணிக்கை?,6
F0077-x-family_members-mr,F0077,scholarship,mr,extraction,कुटुंब सदस्यांची संख्या?,6
F0077-x-family_members-kn,F0077,scholarship,kn,extraction,ಕುಟುಂಬ ಸದಸ್ಯರ ಸಂಖ್ಯೆ?,6
F0077-x-category-en,F0077,scholarship,en,extraction,Category?,EWS
F0077-x-category-hi,F0077,scholarship,hi,extraction,श्रेणी?,EWS
F0077-x-category-bn,F0077,scholarship,bn,extraction,শ্রেণী?,EWS
F0077-x-category-te,F0077,scholarship,te,extraction,వర్గం?,EWS
F0077-x-category-ta,F0077,scholarship,ta,extraction,பிரிவு?,EWS
F0077-x-category-mr,F0077,scholarship,mr,extraction,प्रवर्ग?,EWS
F0077-x-category-kn,F0077,scholarship,kn,extraction,ವರ್ಗ?,EWS
F0077-r-elig-en,F0077,scholarship,en,reasoning,"Based on the income cap and household size rule, is this applicant eligible? Answer yes or no.",yes
F0077-r-elig-hi,F0077,scholarship,hi,reasoning,"आय सीमा और परिवार के आकार के नियम के आधार पर, क्या यह आवेदक पात्र है? हाँ या नहीं में उत्तर दें।",yes
F0077-r-elig-bn,F0077,scholarship,bn,reasoning,"আয়ের সীমা এবং পরিবারের আকারের নিয়ম অনুসারে, এই আবেদনকারী কি যোগ্য? হ্যাঁ বা না উত্তর দিন।",yes
F0077-r-elig-te,F0077,scholarship,te,reasoning,"ఆదాయ పరిమితి మరియు కుటుంబ పరిమాణ నియమం ఆధారంగా, ఈ దరఖాస్తుదారు అర్హులా? అవును లేదా కాదు అని సమాధానం ఇవ్వండి.",yes
F0077-r-elig-ta,F0077,scholarship,ta,reasoning,"வருமான வரம்பு மற்றும் குடும்ப அளவு விதியின் அடிப்படையில், இந்த விண்ணப்பதாரர் தகுதியானவரா? ஆம் அல்லது இல்லை என பதிலளிக்கவும்.",yes
F0077-r-elig-mr,F0077,scholarship,mr,reasoning,"उत्पन्न मर्यादा आणि कुटुंब आकाराच्या नियमानुसार, हा अर्जदार पात्र आहे का? होय किंवा नाही उत्तर द्या.",yes
F0077-r-elig-kn,F0077,scholarship,kn,reasoning,"ಆದಾಯ ಮಿತಿ ಮತ್ತು ಕುಟುಂಬ ಗಾತ್ರದ ನಿಯಮದ ಆಧಾರದ ಮೇಲೆ, ಈ ಅರ್ಜಿದಾರರು ಅರ್ಹರೇ? ಹೌದು ಅಥವಾ ಇಲ್ಲ ಎಂದು ಉತ್ತರಿಸಿ.",yes
F0078-x-applicant_name-en,F0078,ration_card,en,extraction,Applicant Name?,Meena Kumari
F0078-x-applicant_name-hi,F0078,ration_card,hi,extraction,आवेदक का नाम?,मीना कुमारी
F0078-x-applicant_name-bn,F0078,ration_card,bn,extraction,আবেদনকারীর নাম?,মীনা কুমারী
F0078-x-applicant_name-te,F0078,ration_card,te,extraction,దరఖాస్తుదారు పేరు?,మీనా కుమారి
F0078-x-applicant_name-ta,F0078,ration_card,ta,extraction,விண்ணப்பதாரர் பெயர்?,மீனா குமாரி
F0078-x-applicant_name-mr,F0078,ration_card,mr,extraction,अर्जदाराचे नाव?,मीना कुमारी
F0078-x-applicant_name-kn,F0078,ration_card,kn,extraction,ಅರ್ಜಿದಾರರ ಹೆಸರು?,ಮೀನಾ ಕುಮಾರಿ
F0078-x-district-en,F0078,ration_card,en,extraction,District?,Guntur
F0078-x-district-hi,F0078,ration_card,hi,extraction,जिला?,गुंटूर
F0078-x-district-bn,F0078,ration_card,bn,extraction,জেলা?,গুন্টুর
F0078-x-district-te,F0078,ration_card,te,extraction,జిల్లా?,గుంటూరు
F0078-x-district-ta,F0078,ration_card,ta,extraction,மாவட்டம்?,குண்டூர்
F0078-x-district-mr,F0078,ration_card,mr,extraction,जिल्हा?,गुंटूर
F0078-x-district-kn,F0078,ration_card,kn,extraction,ಜಿಲ್ಲೆ?,ಗುಂಟೂರು
F0078-x-annual_income-en,F0078,ration_card,en,extraction,Annual Income (Rs.)?,118000
F0078-x-annual_income-hi,F0078,ration_card,hi,extraction,वार्षिक आय (रु.)?,118000
F0078-x-annual_income-bn,F0078,ration_card,bn,extraction,বার্ষিক আয় (টাকা)?,118000
F0078-x-annual_income-te,F0078,ration_card,te,extraction,వార్షిక ఆదాయం (రూ.)?,118000
F0078-x-annual_income-ta,F0078,ration_card,ta,extraction,ஆண்டு வருமானம் (ரூ.)?,118000
F0078-x-annual_income-mr,F0078,ration_card,mr,extraction,वार्षिक उत्पन्न (रु.)?,118000
F0078-x-annual_income-kn,F0078,ration_card,kn,extraction,ವಾರ್ಷಿಕ ಆದಾಯ (ರೂ.)?,118000
F0078-x-family_members-en,F0078,ration_card,en,extraction,Number of Family Members?,2
F0078-x-family_members-hi,F0078,ration_card,hi,extraction,परिवार के सदस्यों की संख्या?,2
F0078-x-family_members-bn,F0078,ration_card,bn,extraction,পরিবারের সদস্য সংখ্যা?,2
F0078-x-family_members-te,F0078,ration_card,te,extraction,కుటుంబ సభ్యుల సంఖ్య?,2
F0078-x-family_members-ta,F0078,ration_card,ta,extraction,குடும்ப உறுப்பினர்கள் எண்ணிக்கை?,2
F0078-x-family_members-mr,F0078,ration_card,mr,extraction,कुटुंब सदस्यांची संख्या?,2
F0078-x-family_members-kn,F0078,ration_card,kn,extraction,ಕುಟುಂಬ ಸದಸ್ಯರ ಸಂಖ್ಯೆ?,2
F0078-x-category-en,F0078,ration_card,en,extraction,Category?,SC
F0078-x-category-hi,F0078,ration_card,hi,extraction,श्रेणी?,SC
F0078-x-category-bn,F0078,ration_card,bn,extraction,শ্রেণী?,SC
F0078-x-category-te,F0078,ration_card,te,extraction,వర్గం?,SC
F0078-x-category-ta,F0078,ration_card,ta,extraction,பிரிவு?,SC
F0078-x-category-mr,F0078,ration_card,mr,extraction,प्रवर्ग?,SC
F0078-x-category-kn,F0078,ration_card,kn,extraction,ವರ್ಗ?,SC
F0078-r-elig-en,F0078,ration_card,en,reasoning,"Based on the income cap and household size rule, is this applicant eligible? Answer yes or no.",yes
F0078-r-elig-hi,F0078,ration_card,hi,reasoning,"आय सीमा और परिवार के आकार के नियम के आधार पर, क्या यह आवेदक पात्र है? हाँ या नहीं में उत्तर दें।",yes
F0078-r-elig-bn,F0078,ration_card,bn,reasoning,"আয়ের সীমা এবং পরিবারের আকারের নিয়ম অনুসারে, এই আবেদনকারী কি যোগ্য? হ্যাঁ বা না উত্তর দিন।",yes
F0078-r-elig-te,F0078,ration_card,te,reasoning,"ఆదాయ పరిమితి మరియు కుటుంబ పరిమాణ నియమం ఆధారంగా, ఈ దరఖాస్తుదారు అర్హులా? అవును లేదా కాదు అని సమాధానం ఇవ్వండి.",yes
F0078-r-elig-ta,F0078,ration_card,ta,reasoning,"வருமான வரம்பு மற்றும் குடும்ப அளவு விதியின் அடிப்படையில், இந்த விண்ணப்பதாரர் தகுதியானவரா? ஆம் அல்லது இல்லை என பதிலளிக்கவும்.",yes
F0078-r-elig-mr,F0078,ration_card,mr,reasoning,"उत्पन्न मर्यादा आणि कुटुंब आकाराच्या नियमानुसार, हा अर्जदार पात्र आहे का? होय किंवा नाही उत्तर द्या.",yes
F0078-r-elig-kn,F0078,ration_card,kn,reasoning,"ಆದಾಯ ಮಿತಿ ಮತ್ತು ಕುಟುಂಬ ಗಾತ್ರದ ನಿಯಮದ ಆಧಾರದ ಮೇಲೆ, ಈ ಅರ್ಜಿದಾರರು ಅರ್ಹರೇ? ಹೌದು ಅಥವಾ ಇಲ್ಲ ಎಂದು ಉತ್ತರಿಸಿ.",yes
F0079-x-applicant_name-en,F0079,ration_card,en,extraction,Applicant Name?,Fatima Begum
F0079-x-applicant_name-hi,F0079,ration_card,hi,extraction,आवेदक का नाम?,फ़ातिमा बेगम
F0079-x-applicant_name-bn,F0079,ration_card,bn,extraction,আবেদনকারীর নাম?,ফাতিমা বেগম
F0079-x-applicant_name-te,F0079,ration_card,te,extraction,దరఖాస్తుదారు పేరు?,ఫాతిమా బేగం
F0079-x-applicant_name-ta,F0079,ration_card,ta,extraction,விண்ணப்பதாரர் பெயர்?,பாத்திமா பேகம்
F0079-x-applicant_name-mr,F0079,ration_card,mr,extraction,अर्जदाराचे नाव?,फातिमा बेगम
F0079-x-applicant_name-kn,F0079,ration_card,kn,extraction,ಅರ್ಜಿದಾರರ ಹೆಸರು?,ಫಾತಿಮಾ ಬೇಗಂ
F0079-x-district-en,F0079,ration_card,en,extraction,District?,Nashik
F0079-x-district-hi,F0079,ration_card,hi,extraction,जिला?,नाशिक
F0079-x-district-bn,F0079,ration_card,bn,extraction,জেলা?,নাসিক
F0079-x-district-te,F0079,ration_card,te,extraction,జిల్లా?,నాసిక్
F0079-x-district-ta,F0079,ration_card,ta,extraction,மாவட்டம்?,நாசிக்
F0079-x-district-mr,F0079,ration_card,mr,extraction,जिल्हा?,नाशिक
F0079-x-district-kn,F0079,ration_card,kn,extraction,ಜಿಲ್ಲೆ?,ನಾಸಿಕ್
F0079-x-annual_income-en,F0079,ration_card,en,extraction,Annual Income (Rs.)?,232000
F0079-x-annual_income-hi,F0079,ration_card,hi,extraction,वार्षिक आय (रु.)?,232000
F0079-x-annual_income-bn,F0079,ration_card,bn,extraction,বার্ষিক আয় (টাকা)?,232000
F0079-x-annual_income-te,F0079,ration_card,te,extraction,వార్షిక ఆదాయం (రూ.)?,232000
F0079-x-annual_income-ta,F0079,ration_card,ta,extraction,ஆண்டு வருமானம் (ரூ.)?,232000
F0079-x-annual_income-mr,F0079,ration_card,mr,extraction,वार्षिक उत्पन्न (रु.)?,232000
F0079-x-annual_income-kn,F0079,ration_card,kn,extraction,ವಾರ್ಷಿಕ ಆದಾಯ (ರೂ.)?,232000
F0079-x-family_members-en,F0079,ration_card,en,extraction,Number of Family Members?,6
F0079-x-family_members-hi,F0079,ration_card,hi,extraction,परिवार के सदस्यों की संख्या?,6
F0079-x-family_members-bn,F0079,ration_card,bn,extraction,পরিবারের সদস্য সংখ্যা?,6
F0079-x-family_members-te,F0079,ration_card,te,extraction,కుటుంబ సభ్యుల సంఖ్య?,6
F0079-x-family_members-ta,F0079,ration_card,ta,extraction,குடும்ப உறுப்பினர்கள் எண்ணிக்கை?,6
F0079-x-family_members-mr,F0079,ration_card,mr,extraction,कुटुंब सदस्यांची संख्या?,6
F0079-x-family_members-kn,F0079,ration_card,kn,extraction,ಕುಟುಂಬ ಸದಸ್ಯರ ಸಂಖ್ಯೆ?,6
F0079-x-category-en,F0079,ration_card,en,extraction,Category?,ST
F0079-x-category-hi,F0079,ration_card,hi,extraction,श्रेणी?,ST
F0079-x-category-bn,F0079,ration_card,bn,extraction,শ্রেণী?,ST
F0079-x-category-te,F0079,ration_card,te,extraction,వర్గం?,ST
F0079-x-category-ta,F0079,ration_card,ta,extraction,பிரிவு?,ST
F0079-x-category-mr,F0079,ration_card,mr,extraction,प्रवर्ग?,ST
F0079-x-category-kn,F0079,ration_card,kn,extraction,ವರ್ಗ?,ST
F0079-r-elig-en,F0079,ration_card,en,reasoning,"Based on the income cap and household size rule, is this applicant eligible? Answer yes or no.",no
F0079-r-elig-hi,F0079,ration_card,hi,reasoning,"आय सीमा और परिवार के आकार के नियम के आधार पर, क्या यह आवेदक पात्र है? हाँ या नहीं में उत्तर दें।",no
F0079-r-elig-bn,F0079,ration_card,bn,reasoning,"আয়ের সীমা এবং পরিবারের আকারের নিয়ম অনুসারে, এই আবেদনকারী কি যোগ্য? হ্যাঁ বা না উত্তর দিন।",no
F0079-r-elig-te,F0079,ration_card,te,reasoning,"ఆదాయ పరిమితి మరియు కుటుంబ పరిమాణ నియమం ఆధారంగా, ఈ దరఖాస్తుదారు అర్హులా? అవును లేదా కాదు అని సమాధానం ఇవ్వండి.",no
F0079-r-elig-ta,F0079,ration_card,ta,reasoning,"வருமான வரம்பு மற்றும் குடும்ப அளவு விதியின் அடிப்படையில், இந்த விண்ணப்பதாரர் தகுதியானவரா? ஆம் அல்லது இல்லை என பதிலளிக்கவும்.",no
F0079-r-elig-mr,F0079,ration_card,mr,reasoning,"उत्पन्न मर्यादा आणि कुटुंब आकाराच्या नियमानुसार, हा अर्जदार पात्र आहे का? होय किंवा नाही उत्तर द्या.",no
F0079-r-elig-kn,F0079,ration_card,kn,reasoning,"ಆದಾಯ ಮಿತಿ ಮತ್ತು ಕುಟುಂಬ ಗಾತ್ರದ ನಿಯಮದ ಆಧಾರದ ಮೇಲೆ, ಈ ಅರ್ಜಿದಾರರು ಅರ್ಹರೇ? ಹೌದು ಅಥವಾ ಇಲ್ಲ ಎಂದು ಉತ್ತರಿಸಿ.",no
F0080-x-applicant_name-en,F0080,ration_card,en,extraction,Applicant Name?,Ramesh Kumar
F0080-x-applicant_name-hi,F0080,ration_card,hi,extraction,आवेदक का नाम?,रमेश कुमार
F0080-x-applicant_name-bn,F0080,ration_card,bn,extraction,আবেদনকারীর নাম?,রমেশ কুমার
F0080-x-applicant_name-te,F0080,ration_card,te,extraction,దరఖాస్తుదారు పేరు?,రమేష్ కుమార్
F0080-x-applicant_name-ta,F0080,ration_card,ta,extraction,விண்ணப்பதாரர் பெயர்?,ரமேஷ் குமார்
F0080-x-applicant_name-mr,F0080,ration_card,mr,extraction,अर्जदाराचे नाव?,रमेश कुमार
F0080-x-applicant_name-kn,F0080,ration_card,kn,extraction,ಅರ್ಜಿದಾರರ ಹೆಸರು?,ರಮೇಶ್ ಕುಮಾರ್
F0080-x-district-en,F0080,ration_card,en,extraction,District?,Salem
F0080-x-district-hi,F0080,ration_card,hi,extraction,जिला?,सेलम
F0080-x-district-bn,F0080,ration_card,bn,extraction,জেলা?,সালেম
F0080-x-district-te,F0080,ration_card,te,extraction,జిల్లా?,సేలం
F0080-x-district-ta,F0080,ration_card,ta,extraction,மாவட்டம்?,சேலம்
F0080-x-district-mr,F0080,ration_card,mr,extraction,जिल्हा?,सेलम
F0080-x-district-kn,F0080,ration_card,kn,extraction,ಜಿಲ್ಲೆ?,ಸೇಲಂ
F0080-x-annual_income-en,F0080,ration_card,en,extraction,Annual Income (Rs.)?,232000
F0080-x-annual_income-hi,F0080,ration_card,hi,extraction,वार्षिक आय (रु.)?,232000
F0080-x-annual_income-bn,F0080,ration_card,bn,extraction,বার্ষিক আয় (টাকা)?,232000
F0080-x-annual_income-te,F0080,ration_card,te,extraction,వార్షిక ఆదాయం (రూ.)?,232000
F0080-x-annual_income-ta,F0080,ration_card,ta,extraction,ஆண்டு வருமானம் (ரூ.)?,232000
F0080-x-annual_income-mr,F0080,ration_card,mr,extraction,वार्षिक उत्पन्न (रु.)?,232000
F0080-x-annual_income-kn,F0080,ration_card,kn,extraction,ವಾರ್ಷಿಕ ಆದಾಯ (ರೂ.)?,232000
F0080-x-family_members-en,F0080,ration_card,en,extraction,Number of Family Members?,2
F0080-x-family_members-hi,F0080,ration_card,hi,extraction,परिवार के सदस्यों की संख्या?,2
F0080-x-family_members-bn,F0080,ration_card,bn,extraction,পরিবারের সদস্য সংখ্যা?,2
F0080-x-family_members-te,F0080,ration_card,te,extraction,కుటుంబ సభ్యుల సంఖ్య?,2
F0080-x-family_members-ta,F0080,ration_card,ta,extraction,குடும்ப உறுப்பினர்கள் எண்ணிக்கை?,2
F0080-x-family_members-mr,F0080,ration_card,mr,extraction,कुटुंब सदस्यांची संख्या?,2
F0080-x-family_members-kn,F0080,ration_card,kn,extraction,ಕುಟುಂಬ ಸದಸ್ಯರ ಸಂಖ್ಯೆ?,2
F0080-x-category-en,F0080,ration_card,en,extraction,Category?,OBC
F0080-x-category-hi,F0080,ration_card,hi,extraction,श्रेणी?,OBC
F0080-x-category-bn,F0080,ration_card,bn,extraction,শ্রেণী?,OBC
F0080-x-category-te,F0080,ration_card,te,extraction,వర్గం?,OBC
F0080-x-category-ta,F0080,ration_card,ta,extraction,பிரிவு?,OBC
F0080-x-category-mr,F0080,ration_card,mr,extraction,प्रवर्ग?,OBC
F0080-x-category-kn,F0080,ration_card,kn,extraction,ವರ್ಗ?,OBC
F0080-r-elig-en,F0080,ration_card,en,reasoning,"Based on the income cap and household size rule, is this applicant eligible? Answer yes or no.",no
F0080-r-elig-hi,F0080,ration_card,hi,reasoning,"आय सीमा और परिवार के आकार के नियम के आधार पर, क्या यह आवेदक पात्र है? हाँ या नहीं में उत्तर दें।",no
F0080-r-elig-bn,F0080,ration_card,bn,reasoning,"আয়ের সীমা এবং পরিবারের আকারের নিয়ম অনুসারে, এই আবেদনকারী কি যোগ্য? হ্যাঁ বা না উত্তর দিন।",no
F0080-r-elig-te,F0080,ration_card,te,reasoning,"ఆదాయ పరిమితి మరియు కుటుంబ పరిమాణ నియమం ఆధారంగా, ఈ దరఖాస్తుదారు అర్హులా? అవును లేదా కాదు అని సమాధానం ఇవ్వండి.",no
F0080-r-elig-ta,F0080,ration_card,ta,reasoning,"வருமான வரம்பு மற்றும் குடும்ப அளவு விதியின் அடிப்படையில், இந்த விண்ணப்பதாரர் தகுதியானவரா? ஆம் அல்லது இல்லை என பதிலளிக்கவும்.",no
F0080-r-elig-mr,F0080,ration_card,mr,reasoning,"उत्पन्न मर्यादा आणि कुटुंब आकाराच्या नियमानुसार, हा अर्जदार पात्र आहे का? होय किंवा नाही उत्तर द्या.",no
F0080-r-elig-kn,F0080,ration_card,kn,reasoning,"ಆದಾಯ ಮಿತಿ ಮತ್ತು ಕುಟುಂಬ ಗಾತ್ರದ ನಿಯಮದ ಆಧಾರದ ಮೇಲೆ, ಈ ಅರ್ಜಿದಾರರು ಅರ್ಹರೇ? ಹೌದು ಅಥವಾ ಇಲ್ಲ ಎಂದು ಉತ್ತರಿಸಿ.",no
F0081-x-applicant_name-en,F0081,old_age_pension,en,extraction,Applicant Name?,Lakshmi Devi
F0081-x-applicant_name-hi,F0081,old_age_pension,hi,extraction,आवेदक का नाम?,लक्ष्मी देवी
F0081-x-applicant_name-bn,F0081,old_age_pension,bn,extraction,আবেদনকারীর নাম?,লক্ষ্মী দেবী
F0081-x-applicant_name-te,F0081,old_age_pension,te,extraction,దరఖాస్తుదారు పేరు?,లక్ష్మీ దేవి
F0081-x-applicant_name-ta,F0081,old_age_pension,ta,extraction,விண்ணப்பதாரர் பெயர்?,லட்சுமி தேவி
F0081-x-applicant_name-mr,F0081,old_age_pension,mr,extraction,अर्जदाराचे नाव?,लक्ष्मी देवी
F0081-x-applicant_name-kn,F0081,old_age_pension,kn,extraction,ಅರ್ಜಿದಾರರ ಹೆಸರು?,ಲಕ್ಷ್ಮಿ ದೇವಿ
F0081-x-district-en,F0081,old_age_pension,en,extraction,District?,Visakhapatnam
F0081-x-district-hi,F0081,old_age_pension,hi,extraction,जिला?,विशाखापत्तनम
F0081-x-district-bn,F0081,old_age_pension,bn,extraction,জেলা?,বিশাখাপত্তনম
F0081-x-district-te,F0081,old_age_pension,te,extraction,జిల్లా?,విశాఖపట్నం
F0081-x-district-ta,F0081,old_age_pension,ta,extraction,மாவட்டம்?,விசாகப்பட்டினம்
F0081-x-district-mr,F0081,old_age_pension,mr,extraction,जिल्हा?,विशाखापट्टणम
F0081-x-district-kn,F0081,old_age_pension,kn,extraction,ಜಿಲ್ಲೆ?,ವಿಶಾಖಪಟ್ಟಣಂ
F0081-x-annual_income-en,F0081,old_age_pension,en,extraction,Annual Income (Rs.)?,310000
F0081-x-annual_income-hi,F0081,old_age_pension,hi,extraction,वार्षिक आय (रु.)?,310000
F0081-x-annual_income-bn,F0081,old_age_pension,bn,extraction,বার্ষিক আয় (টাকা)?,310000
F0081-x-annual_income-te,F0081,old_age_pension,te,extraction,వార్షిక ఆదాయం (రూ.)?,310000
F0081-x-annual_income-ta,F0081,old_age_pension,ta,extraction,ஆண்டு வருமானம் (ரூ.)?,310000
F0081-x-annual_income-mr,F0081,old_age_pension,mr,extraction,वार्षिक उत्पन्न (रु.)?,310000
F0081-x-annual_income-kn,F0081,old_age_pension,kn,extraction,ವಾರ್ಷಿಕ ಆದಾಯ (ರೂ.)?,310000
F0081-x-family_members-en,F0081,old_age_pension,en,extraction,Number of Family Members?,6
F0081-x-family_members-hi,F0081,old_age_pension,hi,extraction,परिवार के सदस्यों की संख्या?,6
F0081-x-family_members-bn,F0081,old_age_pension,bn,extraction,পরিবারের সদস্য সংখ্যা?,6
F0081-x-family_members-te,F0081,old_age_pension,te,extraction,కుటుంబ సభ్యుల సంఖ్య?,6
F0081-x-family_members-ta,F0081,old_age_pension,ta,extraction,குடும்ப உறுப்பினர்கள் எண்ணிக்கை?,6
F0081-x-family_members-mr,F0081,old_age_pension,mr,extraction,कुटुंब सदस्यांची संख्या?,6
F0081-x-family_members-kn,F0081,old_age_pension,kn,extraction,ಕುಟುಂಬ ಸದಸ್ಯರ ಸಂಖ್ಯೆ?,6
F0081-x-category-en,F0081,old_age_pension,en,extraction,Category?,OBC
F0081-x-category-hi,F0081,old_age_pension,hi,extraction,श्रेणी?,OBC
F0081-x-category-bn,F0081,old_age_pension,bn,extraction,শ্রেণী?,OBC
F0081-x-category-te,F0081,old_age_pension,te,extraction,వర్గం?,OBC
F0081-x-category-ta,F0081,old_age_pension,ta,extraction,பிரிவு?,OBC
F0081-x-category-mr,F0081,old_age_pension,mr,extraction,प्रवर्ग?,OBC
F0081-x-category-kn,F0081,old_age_pension,kn,extraction,ವರ್ಗ?,OBC
F0081-r-elig-en,F0081,old_age_pension,en,reasoning,"Based on the income cap and household size rule, is this applicant eligible? Answer yes or no.",no
F0081-r-elig-hi,F0081,old_age_pension,hi,reasoning,"आय सीमा और परिवार के आकार के नियम के आधार पर, क्या यह आवेदक पात्र है? हाँ या नहीं में उत्तर दें।",no
F0081-r-elig-bn,F0081,old_age_pension,bn,reasoning,"আয়ের সীমা এবং পরিবারের আকারের নিয়ম অনুসারে, এই আবেদনকারী কি যোগ্য? হ্যাঁ বা না উত্তর দিন।",no
F0081-r-elig-te,F0081,old_age_pension,te,reasoning,"ఆదాయ పరిమితి మరియు కుటుంబ పరిమాణ నియమం ఆధారంగా, ఈ దరఖాస్తుదారు అర్హులా? అవును లేదా కాదు అని సమాధానం ఇవ్వండి.",no
F0081-r-elig-ta,F0081,old_age_pension,ta,reasoning,"வருமான வரம்பு மற்றும் குடும்ப அளவு விதியின் அடிப்படையில், இந்த விண்ணப்பதாரர் தகுதியானவரா? ஆம் அல்லது இல்லை என பதிலளிக்கவும்.",no
F0081-r-elig-mr,F0081,old_age_pension,mr,reasoning,"उत्पन्न मर्यादा आणि कुटुंब आकाराच्या नियमानुसार, हा अर्जदार पात्र आहे का? होय किंवा नाही उत्तर द्या.",no
F0081-r-elig-kn,F0081,old_age_pension,kn,reasoning,"ಆದಾಯ ಮಿತಿ ಮತ್ತು ಕುಟುಂಬ ಗಾತ್ರದ ನಿಯಮದ ಆಧಾರದ ಮೇಲೆ, ಈ ಅರ್ಜಿದಾರರು ಅರ್ಹರೇ? ಹೌದು ಅಥವಾ ಇಲ್ಲ ಎಂದು ಉತ್ತರಿಸಿ.",no
F0082-x-applicant_name-en,F0082,scholarship,en,extraction,Applicant Name?,Suresh Rao
F0082-x-applicant_name-hi,F0082,scholarship,hi,extraction,आवेदक का नाम?,सुरेश राव
F0082-x-applicant_name-bn,F0082,scholarship,bn,extraction,আবেদনকারীর নাম?,সুরেশ রাও
F0082-x-applicant_name-te,F0082,scholarship,te,extraction,దరఖాస్తుదారు పేరు?,సురేష్ రావు
F0082-x-applicant_name-ta,F0082,scholarship,ta,extraction,விண்ணப்பதாரர் பெயர்?,சுரேஷ் ராவ்
F0082-x-applicant_name-mr,F0082,scholarship,mr,extraction,अर्जदाराचे नाव?,सुरेश राव
F0082-x-applicant_name-kn,F0082,scholarship,kn,extraction,ಅರ್ಜಿದಾರರ ಹೆಸರು?,ಸುರೇಶ್ ರಾವ್
F0082-x-district-en,F0082,scholarship,en,extraction,District?,Salem
F0082-x-district-hi,F0082,scholarship,hi,extraction,जिला?,सेलम
F0082-x-district-bn,F0082,scholarship,bn,extraction,জেলা?,সালেম
F0082-x-district-te,F0082,scholarship,te,extraction,జిల్లా?,సేలం
F0082-x-district-ta,F0082,scholarship,ta,extraction,மாவட்டம்?,சேலம்
F0082-x-district-mr,F0082,scholarship,mr,extraction,जिल्हा?,सेलम
F0082-x-district-kn,F0082,scholarship,kn,extraction,ಜಿಲ್ಲೆ?,ಸೇಲಂ
F0082-x-annual_income-en,F0082,scholarship,en,extraction,Annual Income (Rs.)?,145000
F0082-x-annual_income-hi,F0082,scholarship,hi,extraction,वार्षिक आय (रु.)?,145000
F0082-x-annual_income-bn,F0082,scholarship,bn,extraction,বার্ষিক আয় (টাকা)?,145000
F0082-x-annual_income-te,F0082,scholarship,te,extraction,వార్షిక ఆదాయం (రూ.)?,145000
F0082-x-annual_income-ta,F0082,scholarship,ta,extraction,ஆண்டு வருமானம் (ரூ.)?,145000
F0082-x-annual_income-mr,F0082,scholarship,mr,extraction,वार्षिक उत्पन्न (रु.)?,145000
F0082-x-annual_income-kn,F0082,scholarship,kn,extraction,ವಾರ್ಷಿಕ ಆದಾಯ (ರೂ.)?,145000
F0082-x-family_members-en,F0082,scholarship,en,extraction,Number of Family Members?,4
F0082-x-family_members-hi,F0082,scholarship,hi,extraction,परिवार के सदस्यों की संख्या?,4
F0082-x-family_members-bn,F0082,scholarship,bn,extraction,পরিবারের সদস্য সংখ্যা?,4
F0082-x-family_members-te,F0082,scholarship,te,extraction,కుటుంబ సభ్యుల సంఖ్య?,4
F0082-x-family_members-ta,F0082,scholarship,ta,extraction,குடும்ப உறுப்பினர்கள் எண்ணிக்கை?,4
F0082-x-family_members-mr,F0082,scholarship,mr,extraction,कुटुंब सदस्यांची संख्या?,4
F0082-x-family_members-kn,F0082,scholarship,kn,extraction,ಕುಟುಂಬ ಸದಸ್ಯರ ಸಂಖ್ಯೆ?,4
F0082-x-category-en,F0082,scholarship,en,extraction,Category?,EWS
F0082-x-category-hi,F0082,scholarship,hi,extraction,श्रेणी?,EWS
F0082-x-category-bn,F0082,scholarship,bn,extraction,শ্রেণী?,EWS
F0082-x-category-te,F0082,scholarship,te,extraction,వర్గం?,EWS
F0082-x-category-ta,F0082,scholarship,ta,extraction,பிரிவு?,EWS
F0082-x-category-mr,F0082,scholarship,mr,extraction,प्रवर्ग?,EWS
F0082-x-category-kn,F0082,scholarship,kn,extraction,ವರ್ಗ?,EWS
F0082-r-elig-en,F0082,scholarship,en,reasoning,"Based on the income cap and household size rule, is this applicant eligible? Answer yes or no.",yes
F0082-r-elig-hi,F0082,scholarship,hi,reasoning,"आय सीमा और परिवार के आकार के नियम के आधार पर, क्या यह आवेदक पात्र है? हाँ या नहीं में उत्तर दें।",yes
F0082-r-elig-bn,F0082,scholarship,bn,reasoning,"আয়ের সীমা এবং পরিবারের আকারের নিয়ম অনুসারে, এই আবেদনকারী কি যোগ্য? হ্যাঁ বা না উত্তর দিন।",yes
F0082-r-elig-te,F0082,scholarship,te,reasoning,"ఆదాయ పరిమితి మరియు కుటుంబ పరిమాణ నియమం ఆధారంగా, ఈ దరఖాస్తుదారు అర్హులా? అవును లేదా కాదు అని సమాధానం ఇవ్వండి.",yes
F0082-r-elig-ta,F0082,scholarship,ta,reasoning,"வருமான வரம்பு மற்றும் குடும்ப அளவு விதியின் அடிப்படையில், இந்த விண்ணப்பதாரர் தகுதியானவரா? ஆம் அல்லது இல்லை என பதிலளிக்கவும்.",yes
F0082-r-elig-mr,F0082,scholarship,mr,reasoning,"उत्पन्न मर्यादा आणि कुटुंब आकाराच्या नियमानुसार, हा अर्जदार पात्र आहे का? होय किंवा नाही उत्तर द्या.",yes
F0082-r-elig-kn,F0082,scholarship,kn,reasoning,"ಆದಾಯ ಮಿತಿ ಮತ್ತು ಕುಟುಂಬ ಗಾತ್ರದ ನಿಯಮದ ಆಧಾರದ ಮೇಲೆ, ಈ ಅರ್ಜಿದಾರರು ಅರ್ಹರೇ? ಹೌದು ಅಥವಾ ಇಲ್ಲ ಎಂದು ಉತ್ತರಿಸಿ.",yes
F0083-x-applicant_name-en,F0083,scholarship,en,extraction,Applicant Name?,Arjun Nair
F0083-x-applicant_name-hi,F0083,scholarship,hi,extraction,आवेदक का नाम?,अर्जुन नायर
F0083-x-applicant_name-bn,F0083,scholarship,bn,extraction,আবেদনকারীর নাম?,অর্জুন নায়ার
F0083-x-applicant_name-te,F0083,scholarship,te,extraction,దరఖాస్తుదారు పేరు?,అర్జున్ నాయర్
F0083-x-applicant_name-ta,F0083,scholarship,ta,extraction,விண்ணப்பதாரர் பெயர்?,அர்ஜுன் நாயர்
F0083-x-applicant_name-mr,F0083,scholarship,mr,extraction,अर्जदाराचे नाव?,अर्जुन नायर
F0083-x-applicant_name-kn,F0083,scholarship,kn,extraction,ಅರ್ಜಿದಾರರ ಹೆಸರು?,ಅರ್ಜುನ್ ನಾಯರ್
F0083-x-district-en,F0083,scholarship,en,extraction,District?,Salem
F0083-x-district-hi,F0083,scholarship,hi,extraction,जिला?,सेलम
F0083-x-district-bn,F0083,scholarship,bn,extraction,জেলা?,সালেম
F0083-x-district-te,F0083,scholarship,te,extraction,జిల్లా?,సేలం
F0083-x-district-ta,F0083,scholarship,ta,extraction,மாவட்டம்?,சேலம்
F0083-x-district-mr,F0083,scholarship,mr,extraction,जिल्हा?,सेलम
F0083-x-district-kn,F0083,scholarship,kn,extraction,ಜಿಲ್ಲೆ?,ಸೇಲಂ
F0083-x-annual_income-en,F0083,scholarship,en,extraction,Annual Income (Rs.)?,118000
F0083-x-annual_income-hi,F0083,scholarship,hi,extraction,वार्षिक आय (रु.)?,118000
F0083-x-annual_income-bn,F0083,scholarship,bn,extraction,বার্ষিক আয় (টাকা)?,118000
F0083-x-annual_income-te,F0083,scholarship,te,extraction,వార్షిక ఆదాయం (రూ.)?,118000
F0083-x-annual_income-ta,F0083,scholarship,ta,extraction,ஆண்டு வருமானம் (ரூ.)?,118000
F0083-x-annual_income-mr,F0083,scholarship,mr,extraction,वार्षिक उत्पन्न (रु.)?,118000
F0083-x-annual_income-kn,F0083,scholarship,kn,extraction,ವಾರ್ಷಿಕ ಆದಾಯ (ರೂ.)?,118000
F0083-x-family_members-en,F0083,scholarship,en,extraction,Number of Family Members?,6
F0083-x-family_members-hi,F0083,scholarship,hi,extraction,परिवार के सदस्यों की संख्या?,6
F0083-x-family_members-bn,F0083,scholarship,bn,extraction,পরিবারের সদস্য সংখ্যা?,6
F0083-x-family_members-te,F0083,scholarship,te,extraction,కుటుంబ సభ్యుల సంఖ్య?,6
F0083-x-family_members-ta,F0083,scholarship,ta,extraction,குடும்ப உறுப்பினர்கள் எண்ணிக்கை?,6
F0083-x-family_members-mr,F0083,scholarship,mr,extraction,कुटुंब सदस्यांची संख्या?,6
F0083-x-family_members-kn,F0083,scholarship,kn,extraction,ಕುಟುಂಬ ಸದಸ್ಯರ ಸಂಖ್ಯೆ?,6
F0083-x-category-en,F0083,scholarship,en,extraction,Category?,OBC
F0083-x-category-hi,F0083,scholarship,hi,extraction,श्रेणी?,OBC
F0083-x-category-bn,F0083,scholarship,bn,extraction,শ্রেণী?,OBC
F0083-x-category-te,F0083,scholarship,te,extraction,వర్గం?,OBC
F0083-x-category-ta,F0083,scholarship,ta,extraction,பிரிவு?,OBC
F0083-x-category-mr,F0083,scholarship,mr,extraction,प्रवर्ग?,OBC
F0083-x-category-kn,F0083,scholarship,kn,extraction,ವರ್ಗ?,OBC
F0083-r-elig-en,F0083,scholarship,en,reasoning,"Based on the income cap and household size rule, is this applicant eligible? Answer yes or no.",yes
F0083-r-elig-hi,F0083,scholarship,hi,reasoning,"आय सीमा और परिवार के आकार के नियम के आधार पर, क्या यह आवेदक पात्र है? हाँ या नहीं में उत्तर दें।",yes
F0083-r-elig-bn,F0083,scholarship,bn,reasoning,"আয়ের সীমা এবং পরিবারের আকারের নিয়ম অনুসারে, এই আবেদনকারী কি যোগ্য? হ্যাঁ বা না উত্তর দিন।",yes
F0083-r-elig-te,F0083,scholarship,te,reasoning,"ఆదాయ పరిమితి మరియు కుటుంబ పరిమాణ నియమం ఆధారంగా, ఈ దరఖాస్తుదారు అర్హులా? అవును లేదా కాదు అని సమాధానం ఇవ్వండి.",yes
F0083-r-elig-ta,F0083,scholarship,ta,reasoning,"வருமான வரம்பு மற்றும் குடும்ப அளவு விதியின் அடிப்படையில், இந்த விண்ணப்பதாரர் தகுதியானவரா? ஆம் அல்லது இல்லை என பதிலளிக்கவும்.",yes
F0083-r-elig-mr,F0083,scholarship,mr,reasoning,"उत्पन्न मर्यादा आणि कुटुंब आकाराच्या नियमानुसार, हा अर्जदार पात्र आहे का? होय किंवा नाही उत्तर द्या.",yes
F0083-r-elig-kn,F0083,scholarship,kn,reasoning,"ಆದಾಯ ಮಿತಿ ಮತ್ತು ಕುಟುಂಬ ಗಾತ್ರದ ನಿಯಮದ ಆಧಾರದ ಮೇಲೆ, ಈ ಅರ್ಜಿದಾರರು ಅರ್ಹರೇ? ಹೌದು ಅಥವಾ ಇಲ್ಲ ಎಂದು ಉತ್ತರಿಸಿ.",yes
F0084-x-applicant_name-en,F0084,ration_card,en,extraction,Applicant Name?,Arjun Nair
F0084-x-applicant_name-hi,F0084,ration_card,hi,extraction,आवेदक का नाम?,अर्जुन नायर
F0084-x-applicant_name-bn,F0084,ration_card,bn,extraction,আবেদনকারীর নাম?,অর্জুন নায়ার
F0084-x-applicant_name-te,F0084,ration_card,te,extraction,దరఖాస్తుదారు పేరు?,అర్జున్ నాయర్
F0084-x-applicant_name-ta,F0084,ration_card,ta,extraction,விண்ணப்பதாரர் பெயர்?,அர்ஜுன் நாயர்
F0084-x-applicant_name-mr,F0084,ration_card,mr,extraction,अर्जदाराचे नाव?,अर्जुन नायर
F0084-x-applicant_name-kn,F0084,ration_card,kn,extraction,ಅರ್ಜಿದಾರರ ಹೆಸರು?,ಅರ್ಜುನ್ ನಾಯರ್
F0084-x-district-en,F0084,ration_card,en,extraction,District?,Visakhapatnam
F0084-x-district-hi,F0084,ration_card,hi,extraction,जिला?,विशाखापत्तनम
F0084-x-district-bn,F0084,ration_card,bn,extraction,জেলা?,বিশাখাপত্তনম
F0084-x-district-te,F0084,ration_card,te,extraction,జిల్లా?,విశాఖపట్నం
F0084-x-district-ta,F0084,ration_card,ta,extraction,மாவட்டம்?,விசாகப்பட்டினம்
F0084-x-district-mr,F0084,ration_card,mr,extraction,जिल्हा?,विशाखापट्टणम
F0084-x-district-kn,F0084,ration_card,kn,extraction,ಜಿಲ್ಲೆ?,ವಿಶಾಖಪಟ್ಟಣಂ
F0084-x-annual_income-en,F0084,ration_card,en,extraction,Annual Income (Rs.)?,118000
F0084-x-annual_income-hi,F0084,ration_card,hi,extraction,वार्षिक आय (रु.)?,118000
F0084-x-annual_income-bn,F0084,ration_card,bn,extraction,বার্ষিক আয় (টাকা)?,118000
F0084-x-annual_income-te,F0084,ration_card,te,extraction,వార్షిక ఆదాయం (రూ.)?,118000
F0084-x-annual_income-ta,F0084,ration_card,ta,extraction,ஆண்டு வருமானம் (ரூ.)?,118000
F0084-x-annual_income-mr,F0084,ration_card,mr,extraction,वार्षिक उत्पन्न (रु.)?,118000
F0084-x-annual_income-kn,F0084,ration_card,kn,extraction,ವಾರ್ಷಿಕ ಆದಾಯ (ರೂ.)?,118000
F0084-x-family_members-en,F0084,ration_card,en,extraction,Number of Family Members?,2
F0084-x-family_members-hi,F0084,ration_card,hi,extraction,परिवार के सदस्यों की संख्या?,2
F0084-x-family_members-bn,F0084,ration_card,bn,extraction,পরিবারের সদস্য সংখ্যা?,2
F0084-x-family_members-te,F0084,ration_card,te,extraction,కుటుంబ సభ్యుల సంఖ్య?,2
F0084-x-family_members-ta,F0084,ration_card,ta,extraction,குடும்ப உறுப்பினர்கள் எண்ணிக்கை?,2
F0084-x-family_members-mr,F0084,ration_card,mr,extraction,कुटुंब सदस्यांची संख्या?,2
F0084-x-family_members-kn,F0084,ration_card,kn,extraction,ಕುಟುಂಬ ಸದಸ್ಯರ ಸಂಖ್ಯೆ?,2
F0084-x-category-en,F0084,ration_card,en,extraction,Category?,OBC
F0084-x-category-hi,F0084,ration_card,hi,extraction,श्रेणी?,OBC
F0084-x-category-bn,F0084,ration_card,bn,extraction,শ্রেণী?,OBC
F0084-x-category-te,F0084,ration_card,te,extraction,వర్గం?,OBC
F0084-x-category-ta,F0084,ration_card,ta,extraction,பிரிவு?,OBC
F0084-x-category-mr,F0084,ration_card,mr,extraction,प्रवर्ग?,OBC
F0084-x-category-kn,F0084,ration_card,kn,extraction,ವರ್ಗ?,OBC
F0084-r-elig-en,F0084,ration_card,en,reasoning,"Based on the income cap and household size rule, is this applicant eligible? Answer yes or no.",yes
F0084-r-elig-hi,F0084,ration_card,hi,reasoning,"आय सीमा और परिवार के आकार के नियम के आधार पर, क्या यह आवेदक पात्र है? हाँ या नहीं में उत्तर दें।",yes
F0084-r-elig-bn,F0084,ration_card,bn,reasoning,"আয়ের সীমা এবং পরিবারের আকারের নিয়ম অনুসারে, এই আবেদনকারী কি যোগ্য? হ্যাঁ বা না উত্তর দিন।",yes
F0084-r-elig-te,F0084,ration_card,te,reasoning,"ఆదాయ పరిమితి మరియు కుటుంబ పరిమాణ నియమం ఆధారంగా, ఈ దరఖాస్తుదారు అర్హులా? అవును లేదా కాదు అని సమాధానం ఇవ్వండి.",yes
F0084-r-elig-ta,F0084,ration_card,ta,reasoning,"வருமான வரம்பு மற்றும் குடும்ப அளவு விதியின் அடிப்படையில், இந்த விண்ணப்பதாரர் தகுதியானவரா? ஆம் அல்லது இல்லை என பதிலளிக்கவும்.",yes
F0084-r-elig-mr,F0084,ration_card,mr,reasoning,"उत्पन्न मर्यादा आणि कुटुंब आकाराच्या नियमानुसार, हा अर्जदार पात्र आहे का? होय किंवा नाही उत्तर द्या.",yes
F0084-r-elig-kn,F0084,ration_card,kn,reasoning,"ಆದಾಯ ಮಿತಿ ಮತ್ತು ಕುಟುಂಬ ಗಾತ್ರದ ನಿಯಮದ ಆಧಾರದ ಮೇಲೆ, ಈ ಅರ್ಜಿದಾರರು ಅರ್ಹರೇ? ಹೌದು ಅಥವಾ ಇಲ್ಲ ಎಂದು ಉತ್ತರಿಸಿ.",yes
F0085-x-applicant_name-en,F0085,scholarship,en,extraction,Applicant Name?,Ramesh Kumar
F0085-x-applicant_name-hi,F0085,scholarship,hi,extraction,आवेदक का नाम?,रमेश कुमार
F0085-x-applicant_name-bn,F0085,scholarship,bn,extraction,আবেদনকারীর নাম?,রমেশ কুমার
F0085-x-applicant_name-te,F0085,scholarship,te,extraction,దరఖాస్తుదారు పేరు?,రమేష్ కుమార్
F0085-x-applicant_name-ta,F0085,scholarship,ta,extraction,விண்ணப்பதாரர் பெயர்?,ரமேஷ் குமார்
F0085-x-applicant_name-mr,F0085,scholarship,mr,extraction,अर्जदाराचे नाव?,रमेश कुमार
F0085-x-applicant_name-kn,F0085,scholarship,kn,extraction,ಅರ್ಜಿದಾರರ ಹೆಸರು?,ರಮೇಶ್ ಕುಮಾರ್
F0085-x-district-en,F0085,scholarship,en,extraction,District?,Salem
F0085-x-district-hi,F0085,scholarship,hi,extraction,जिला?,सेलम
F0085-x-district-bn,F0085,scholarship,bn,extraction,জেলা?,সালেম
F0085-x-district-te,F0085,scholarship,te,extraction,జిల్లా?,సేలం
F0085-x-district-ta,F0085,scholarship,ta,extraction,மாவட்டம்?,சேலம்
F0085-x-district-mr,F0085,scholarship,mr,extraction,जिल्हा?,सेलम
F0085-x-district-kn,F0085,scholarship,kn,extraction,ಜಿಲ್ಲೆ?,ಸೇಲಂ
F0085-x-annual_income-en,F0085,scholarship,en,extraction,Annual Income (Rs.)?,232000
F0085-x-annual_income-hi,F0085,scholarship,hi,extraction,वार्षिक आय (रु.)?,232000
F0085-x-annual_income-bn,F0085,scholarship,bn,extraction,বার্ষিক আয় (টাকা)?,232000
F0085-x-annual_income-te,F0085,scholarship,te,extraction,వార్షిక ఆదాయం (రూ.)?,232000
F0085-x-annual_income-ta,F0085,scholarship,ta,extraction,ஆண்டு வருமானம் (ரூ.)?,232000
F0085-x-annual_income-mr,F0085,scholarship,mr,extraction,वार्षिक उत्पन्न (रु.)?,232000
F0085-x-annual_income-kn,F0085,scholarship,kn,extraction,ವಾರ್ಷಿಕ ಆದಾಯ (ರೂ.)?,232000
F0085-x-family_members-en,F0085,scholarship,en,extraction,Number of Family Members?,3
F0085-x-family_members-hi,F0085,scholarship,hi,extraction,परिवार के सदस्यों की संख्या?,3
F0085-x-family_members-bn,F0085,scholarship,bn,extraction,পরিবারের সদস্য সংখ্যা?,3
F0085-x-family_members-te,F0085,scholarship,te,extraction,కుటుంబ సభ్యుల సంఖ్య?,3
F0085-x-family_members-ta,F0085,scholarship,ta,extraction,குடும்ப உறுப்பினர்கள் எண்ணிக்கை?,3
F0085-x-family_members-mr,F0085,scholarship,mr,extraction,कुटुंब सदस्यांची संख्या?,3
F0085-x-family_members-kn,F0085,scholarship,kn,extraction,ಕುಟುಂಬ ಸದಸ್ಯರ ಸಂಖ್ಯೆ?,3
F0085-x-category-en,F0085,scholarship,en,extraction,Category?,EWS
F0085-x-category-hi,F0085,scholarship,hi,extraction,श्रेणी?,EWS
F0085-x-category-bn,F0085,scholarship,bn,extraction,শ্রেণী?,EWS
F0085-x-category-te,F0085,scholarship,te,extraction,వర్గం?,EWS
F0085-x-category-ta,F0085,scholarship,ta,extraction,பிரிவு?,EWS
F0085-x-category-mr,F0085,scholarship,mr,extraction,प्रवर्ग?,EWS
F0085-x-category-kn,F0085,scholarship,kn,extraction,ವರ್ಗ?,EWS
F0085-r-elig-en,F0085,scholarship,en,reasoning,"Based on the income cap and household size rule, is this applicant eligible? Answer yes or no.",yes
F0085-r-elig-hi,F0085,scholarship,hi,reasoning,"आय सीमा और परिवार के आकार के नियम के आधार पर, क्या यह आवेदक पात्र है? हाँ या नहीं में उत्तर दें।",yes
F0085-r-elig-bn,F0085,scholarship,bn,reasoning,"আয়ের সীমা এবং পরিবারের আকারের নিয়ম অনুসারে, এই আবেদনকারী কি যোগ্য? হ্যাঁ বা না উত্তর দিন।",yes
F0085-r-elig-te,F0085,scholarship,te,reasoning,"ఆదాయ పరిమితి మరియు కుటుంబ పరిమాణ నియమం ఆధారంగా, ఈ దరఖాస్తుదారు అర్హులా? అవును లేదా కాదు అని సమాధానం ఇవ్వండి.",yes
F0085-r-elig-ta,F0085,scholarship,ta,reasoning,"வருமான வரம்பு மற்றும் குடும்ப அளவு விதியின் அடிப்படையில், இந்த விண்ணப்பதாரர் தகுதியானவரா? ஆம் அல்லது இல்லை என பதிலளிக்கவும்.",yes
F0085-r-elig-mr,F0085,scholarship,mr,reasoning,"उत्पन्न मर्यादा आणि कुटुंब आकाराच्या नियमानुसार, हा अर्जदार पात्र आहे का? होय किंवा नाही उत्तर द्या.",yes
F0085-r-elig-kn,F0085,scholarship,kn,reasoning,"ಆದಾಯ ಮಿತಿ ಮತ್ತು ಕುಟುಂಬ ಗಾತ್ರದ ನಿಯಮದ ಆಧಾರದ ಮೇಲೆ, ಈ ಅರ್ಜಿದಾರರು ಅರ್ಹರೇ? ಹೌದು ಅಥವಾ ಇಲ್ಲ ಎಂದು ಉತ್ತರಿಸಿ.",yes
F0086-x-applicant_name-en,F0086,ration_card,en,extraction,Applicant Name?,Ramesh Kumar
F0086-x-applicant_name-hi,F0086,ration_card,hi,extraction,आवेदक का नाम?,रमेश कुमार
F0086-x-applicant_name-bn,F0086,ration_card,bn,extraction,আবেদনকারীর নাম?,রমেশ কুমার
F0086-x-applicant_name-te,F0086,ration_card,te,extraction,దరఖాస్తుదారు పేరు?,రమేష్ కుమార్
F0086-x-applicant_name-ta,F0086,ration_card,ta,extraction,விண்ணப்பதாரர் பெயர்?,ரமேஷ் குமார்
F0086-x-applicant_name-mr,F0086,ration_card,mr,extraction,अर्जदाराचे नाव?,रमेश कुमार
F0086-x-applicant_name-kn,F0086,ration_card,kn,extraction,ಅರ್ಜಿದಾರರ ಹೆಸರು?,ರಮೇಶ್ ಕುಮಾರ್
F0086-x-district-en,F0086,ration_card,en,extraction,District?,Guntur
F0086-x-district-hi,F0086,ration_card,hi,extraction,जिला?,गुंटूर
F0086-x-district-bn,F0086,ration_card,bn,extraction,জেলা?,গুন্টুর
F0086-x-district-te,F0086,ration_card,te,extraction,జిల్లా?,గుంటూరు
F0086-x-district-ta,F0086,ration_card,ta,extraction,மாவட்டம்?,குண்டூர்
F0086-x-district-mr,F0086,ration_card,mr,extraction,जिल्हा?,गुंटूर
F0086-x-district-kn,F0086,ration_card,kn,extraction,ಜಿಲ್ಲೆ?,ಗುಂಟೂರು
F0086-x-annual_income-en,F0086,ration_card,en,extraction,Annual Income (Rs.)?,48000
F0086-x-annual_income-hi,F0086,ration_card,hi,extraction,वार्षिक आय (रु.)?,48000
F0086-x-annual_income-bn,F0086,ration_card,bn,extraction,বার্ষিক আয় (টাকা)?,48000
F0086-x-annual_income-te,F0086,ration_card,te,extraction,వార్షిక ఆదాయం (రూ.)?,48000
F0086-x-annual_income-ta,F0086,ration_card,ta,extraction,ஆண்டு வருமானம் (ரூ.)?,48000
F0086-x-annual_income-mr,F0086,ration_card,mr,extraction,वार्षिक उत्पन्न (रु.)?,48000
F0086-x-annual_income-kn,F0086,ration_card,kn,extraction,ವಾರ್ಷಿಕ ಆದಾಯ (ರೂ.)?,48000
F0086-x-family_members-en,F0086,ration_card,en,extraction,Number of Family Members?,2
F0086-x-family_members-hi,F0086,ration_card,hi,extraction,परिवार के सदस्यों की संख्या?,2
F0086-x-family_members-bn,F0086,ration_card,bn,extraction,পরিবারের সদস্য সংখ্যা?,2
F0086-x-family_members-te,F0086,ration_card,te,extraction,కుటుంబ సభ్యుల సంఖ్య?,2
F0086-x-family_members-ta,F0086,ration_card,ta,extraction,குடும்ப உறுப்பினர்கள் எண்ணிக்கை?,2
F0086-x-family_members-mr,F0086,ration_card,mr,extraction,कुटुंब सदस्यांची संख्या?,2
F0086-x-family_members-kn,F0086,ration_card,kn,extraction,ಕುಟುಂಬ ಸದಸ್ಯರ ಸಂಖ್ಯೆ?,2
F0086-x-category-en,F0086,ration_card,en,extraction,Category?,General
F0086-x-category-hi,F0086,ration_card,hi,extraction,श्रेणी?,General
F0086-x-category-bn,F0086,ration_card,bn,extraction,শ্রেণী?,General
F0086-x-category-te,F0086,ration_card,te,extraction,వర్గం?,General
F0086-x-category-ta,F0086,ration_card,ta,extraction,பிரிவு?,General
F0086-x-category-mr,F0086,ration_card,mr,extraction,प्रवर्ग?,General
F0086-x-category-kn,F0086,ration_card,kn,extraction,ವರ್ಗ?,General
F0086-r-elig-en,F0086,ration_card,en,reasoning,"Based on the income cap and household size rule, is this applicant eligible? Answer yes or no.",yes
F0086-r-elig-hi,F0086,ration_card,hi,reasoning,"आय सीमा और परिवार के आकार के नियम के आधार पर, क्या यह आवेदक पात्र है? हाँ या नहीं में उत्तर दें।",yes
F0086-r-elig-bn,F0086,ration_card,bn,reasoning,"আয়ের সীমা এবং পরিবারের আকারের নিয়ম অনুসারে, এই আবেদনকারী কি যোগ্য? হ্যাঁ বা না উত্তর দিন।",yes
F0086-r-elig-te,F0086,ration_card,te,reasoning,"ఆదాయ పరిమితి మరియు కుటుంబ పరిమాణ నియమం ఆధారంగా, ఈ దరఖాస్తుదారు అర్హులా? అవును లేదా కాదు అని సమాధానం ఇవ్వండి.",yes
F0086-r-elig-ta,F0086,ration_card,ta,reasoning,"வருமான வரம்பு மற்றும் குடும்ப அளவு விதியின் அடிப்படையில், இந்த விண்ணப்பதாரர் தகுதியானவரா? ஆம் அல்லது இல்லை என பதிலளிக்கவும்.",yes
F0086-r-elig-mr,F0086,ration_card,mr,reasoning,"उत्पन्न मर्यादा आणि कुटुंब आकाराच्या नियमानुसार, हा अर्जदार पात्र आहे का? होय किंवा नाही उत्तर द्या.",yes
F0086-r-elig-kn,F0086,ration_card,kn,reasoning,"ಆದಾಯ ಮಿತಿ ಮತ್ತು ಕುಟುಂಬ ಗಾತ್ರದ ನಿಯಮದ ಆಧಾರದ ಮೇಲೆ, ಈ ಅರ್ಜಿದಾರರು ಅರ್ಹರೇ? ಹೌದು ಅಥವಾ ಇಲ್ಲ ಎಂದು ಉತ್ತರಿಸಿ.",yes
F0087-x-applicant_name-en,F0087,scholarship,en,extraction,Applicant Name?,Venkat Reddy
F0087-x-applicant_name-hi,F0087,scholarship,hi,extraction,आवेदक का नाम?,वेंकट रेड्डी
F0087-x-applicant_name-bn,F0087,scholarship,bn,extraction,আবেদনকারীর নাম?,ভেঙ্কট রেড্ডি
F0087-x-applicant_name-te,F0087,scholarship,te,extraction,దరఖాస్తుదారు పేరు?,వెంకట్ రెడ్డి
F0087-x-applicant_name-ta,F0087,scholarship,ta,extraction,விண்ணப்பதாரர் பெயர்?,வெங்கட் ரெட்டி
F0087-x-applicant_name-mr,F0087,scholarship,mr,extraction,अर्जदाराचे नाव?,वेंकट रेड्डी
F0087-x-applicant_name-kn,F0087,scholarship,kn,extraction,ಅರ್ಜಿದಾರರ ಹೆಸರು?,ವೆಂಕಟ್ ರೆಡ್ಡಿ
F0087-x-district-en,F0087,scholarship,en,extraction,District?,Guntur
F0087-x-district-hi,F0087,scholarship,hi,extraction,जिला?,गुंटूर
F0087-x-district-bn,F0087,scholarship,bn,extraction,জেলা?,গুন্টুর
F0087-x-district-te,F0087,scholarship,te,extraction,జిల్లా?,గుంటూరు
F0087-x-district-ta,F0087,scholarship,ta,extraction,மாவட்டம்?,குண்டூர்
F0087-x-district-mr,F0087,scholarship,mr,extraction,जिल्हा?,गुंटूर
F0087-x-district-kn,F0087,scholarship,kn,extraction,ಜಿಲ್ಲೆ?,ಗುಂಟೂರು
F0087-x-annual_income-en,F0087,scholarship,en,extraction,Annual Income (Rs.)?,232000
F0087-x-annual_income-hi,F0087,scholarship,hi,extraction,वार्षिक आय (रु.)?,232000
F0087-x-annual_income-bn,F0087,scholarship,bn,extraction,বার্ষিক আয় (টাকা)?,232000
F0087-x-annual_income-te,F0087,scholarship,te,extraction,వార్షిక ఆదాయం (రూ.)?,232000
F0087-x-annual_income-ta,F0087,scholarship,ta,extraction,ஆண்டு வருமானம் (ரூ.)?,232000
F0087-x-annual_income-mr,F0087,scholarship,mr,extraction,वार्षिक उत्पन्न (रु.)?,232000
F0087-x-annual_income-kn,F0087,scholarship,kn,extraction,ವಾರ್ಷಿಕ ಆದಾಯ (ರೂ.)?,232000
F0087-x-family_members-en,F0087,scholarship,en,extraction,Number of Family Members?,8
F0087-x-family_members-hi,F0087,scholarship,hi,extraction,परिवार के सदस्यों की संख्या?,8
F0087-x-family_members-bn,F0087,scholarship,bn,extraction,পরিবারের সদস্য সংখ্যা?,8
F0087-x-family_members-te,F0087,scholarship,te,extraction,కుటుంబ సభ్యుల సంఖ్య?,8
F0087-x-family_members-ta,F0087,scholarship,ta,extraction,குடும்ப உறுப்பினர்கள் எண்ணிக்கை?,8
F0087-x-family_members-mr,F0087,scholarship,mr,extraction,कुटुंब सदस्यांची संख्या?,8
F0087-x-family_members-kn,F0087,scholarship,kn,extraction,ಕುಟುಂಬ ಸದಸ್ಯರ ಸಂಖ್ಯೆ?,8
F0087-x-category-en,F0087,scholarship,en,extraction,Category?,OBC
F0087-x-category-hi,F0087,scholarship,hi,extraction,श्रेणी?,OBC
F0087-x-category-bn,F0087,scholarship,bn,extraction,শ্রেণী?,OBC
F0087-x-category-te,F0087,scholarship,te,extraction,వర్గం?,OBC
F0087-x-category-ta,F0087,scholarship,ta,extraction,பிரிவு?,OBC
F0087-x-category-mr,F0087,scholarship,mr,extraction,प्रवर्ग?,OBC
F0087-x-category-kn,F0087,scholarship,kn,extraction,ವರ್ಗ?,OBC
F0087-r-elig-en,F0087,scholarship,en,reasoning,"Based on the income cap and household size rule, is this applicant eligible? Answer yes or no.",yes
F0087-r-elig-hi,F0087,scholarship,hi,reasoning,"आय सीमा और परिवार के आकार के नियम के आधार पर, क्या यह आवेदक पात्र है? हाँ या नहीं में उत्तर दें।",yes
F0087-r-elig-bn,F0087,scholarship,bn,reasoning,"আয়ের সীমা এবং পরিবারের আকারের নিয়ম অনুসারে, এই আবেদনকারী কি যোগ্য? হ্যাঁ বা না উত্তর দিন।",yes
F0087-r-elig-te,F0087,scholarship,te,reasoning,"ఆదాయ పరిమితి మరియు కుటుంబ పరిమాణ నియమం ఆధారంగా, ఈ దరఖాస్తుదారు అర్హులా? అవును లేదా కాదు అని సమాధానం ఇవ్వండి.",yes
F0087-r-elig-ta,F0087,scholarship,ta,reasoning,"வருமான வரம்பு மற்றும் குடும்ப அளவு விதியின் அடிப்படையில், இந்த விண்ணப்பதாரர் தகுதியானவரா? ஆம் அல்லது இல்லை என பதிலளிக்கவும்.",yes
F0087-r-elig-mr,F0087,scholarship,mr,reasoning,"उत्पन्न मर्यादा आणि कुटुंब आकाराच्या नियमानुसार, हा अर्जदार पात्र आहे का? होय किंवा नाही उत्तर द्या.",yes
F0087-r-elig-kn,F0087,scholarship,kn,reasoning,"ಆದಾಯ ಮಿತಿ ಮತ್ತು ಕುಟುಂಬ ಗಾತ್ರದ ನಿಯಮದ ಆಧಾರದ ಮೇಲೆ, ಈ ಅರ್ಜಿದಾರರು ಅರ್ಹರೇ? ಹೌದು ಅಥವಾ ಇಲ್ಲ ಎಂದು ಉತ್ತರಿಸಿ.",yes
F0088-x-applicant_name-en,F0088,scholarship,en,extraction,Applicant Name?,Meena Kumari
F0088-x-applicant_name-hi,F0088,scholarship,hi,extraction,आवेदक का नाम?,मीना कुमारी
F0088-x-applicant_name-bn,F0088,scholarship,bn,extraction,আবেদনকারীর নাম?,মীনা কুমারী
F0088-x-applicant_name-te,F0088,scholarship,te,extraction,దరఖాస్తుదారు పేరు?,మీనా కుమారి
F0088-x-applicant_name-ta,F0088,scholarship,ta,extraction,விண்ணப்பதாரர் பெயர்?,மீனா குமாரி
F0088-x-applicant_name-mr,F0088,scholarship,mr,extraction,अर्जदाराचे नाव?,मीना कुमारी
F0088-x-applicant_name-kn,F0088,scholarship,kn,extraction,ಅರ್ಜಿದಾರರ ಹೆಸರು?,ಮೀನಾ ಕುಮಾರಿ
F0088-x-district-en,F0088,scholarship,en,extraction,District?,Nashik
F0088-x-district-hi,F0088,scholarship,hi,extraction,जिला?,नाशिक
F0088-x-district-bn,F0088,scholarship,bn,extraction,জেলা?,নাসিক
F0088-x-district-te,F0088,scholarship,te,extraction,జిల్లా?,నాసిక్
F0088-x-district-ta,F0088,scholarship,ta,extraction,மாவட்டம்?,நாசிக்
F0088-x-district-mr,F0088,scholarship,mr,extraction,जिल्हा?,नाशिक
F0088-x-district-kn,F0088,scholarship,kn,extraction,ಜಿಲ್ಲೆ?,ನಾಸಿಕ್
F0088-x-annual_income-en,F0088,scholarship,en,extraction,Annual Income (Rs.)?,118000
F0088-x-annual_income-hi,F0088,scholarship,hi,extraction,वार्षिक आय (रु.)?,118000
F0088-x-annual_income-bn,F0088,scholarship,bn,extraction,বার্ষিক আয় (টাকা)?,118000
F0088-x-annual_income-te,F0088,scholarship,te,extraction,వార్షిక ఆదాయం (రూ.)?,118000
F0088-x-annual_income-ta,F0088,scholarship,ta,extraction,ஆண்டு வருமானம் (ரூ.)?,118000
F0088-x-annual_income-mr,F0088,scholarship,mr,extraction,वार्षिक उत्पन्न (रु.)?,118000
F0088-x-annual_income-kn,F0088,scholarship,kn,extraction,ವಾರ್ಷಿಕ ಆದಾಯ (ರೂ.)?,118000
F0088-x-family_members-en,F0088,scholarship,en,extraction,Number of Family Members?,3
F0088-x-family_members-hi,F0088,scholarship,hi,extraction,परिवार के सदस्यों की संख्या?,3
F0088-x-family_members-bn,F0088,scholarship,bn,extraction,পরিবারের সদস্য সংখ্যা?,3
F0088-x-family_members-te,F0088,scholarship,te,extraction,కుటుంబ సభ్యుల సంఖ్య?,3
F0088-x-family_members-ta,F0088,scholarship,ta,extraction,குடும்ப உறுப்பினர்கள் எண்ணிக்கை?,3
F0088-x-family_members-mr,F0088,scholarship,mr,extraction,कुटुंब सदस्यांची संख्या?,3
F0088-x-family_members-kn,F0088,scholarship,kn,extraction,ಕುಟುಂಬ ಸದಸ್ಯರ ಸಂಖ್ಯೆ?,3
F0088-x-category-en,F0088,scholarship,en,extraction,Category?,OBC
F0088-x-category-hi,F0088,scholarship,hi,extraction,श्रेणी?,OBC
F0088-x-category-bn,F0088,scholarship,bn,extraction,শ্রেণী?,OBC
F0088-x-category-te,F0088,scholarship,te,extraction,వర్గం?,OBC
F0088-x-category-ta,F0088,scholarship,ta,extraction,பிரிவு?,OBC
F0088-x-category-mr,F0088,scholarship,mr,extraction,प्रवर्ग?,OBC
F0088-x-category-kn,F0088,scholarship,kn,extraction,ವರ್ಗ?,OBC
F0088-r-elig-en,F0088,scholarship,en,reasoning,"Based on the income cap and household size rule, is this applicant eligible? Answer yes or no.",yes
F0088-r-elig-hi,F0088,scholarship,hi,reasoning,"आय सीमा और परिवार के आकार के नियम के आधार पर, क्या यह आवेदक पात्र है? हाँ या नहीं में उत्तर दें।",yes
F0088-r-elig-bn,F0088,scholarship,bn,reasoning,"আয়ের সীমা এবং পরিবারের আকারের নিয়ম অনুসারে, এই আবেদনকারী কি যোগ্য? হ্যাঁ বা না উত্তর দিন।",yes
F0088-r-elig-te,F0088,scholarship,te,reasoning,"ఆదాయ పరిమితి మరియు కుటుంబ పరిమాణ నియమం ఆధారంగా, ఈ దరఖాస్తుదారు అర్హులా? అవును లేదా కాదు అని సమాధానం ఇవ్వండి.",yes
F0088-r-elig-ta,F0088,scholarship,ta,reasoning,"வருமான வரம்பு மற்றும் குடும்ப அளவு விதியின் அடிப்படையில், இந்த விண்ணப்பதாரர் தகுதியானவரா? ஆம் அல்லது இல்லை என பதிலளிக்கவும்.",yes
F0088-r-elig-mr,F0088,scholarship,mr,reasoning,"उत्पन्न मर्यादा आणि कुटुंब आकाराच्या नियमानुसार, हा अर्जदार पात्र आहे का? होय किंवा नाही उत्तर द्या.",yes
F0088-r-elig-kn,F0088,scholarship,kn,reasoning,"ಆದಾಯ ಮಿತಿ ಮತ್ತು ಕುಟುಂಬ ಗಾತ್ರದ ನಿಯಮದ ಆಧಾರದ ಮೇಲೆ, ಈ ಅರ್ಜಿದಾರರು ಅರ್ಹರೇ? ಹೌದು ಅಥವಾ ಇಲ್ಲ ಎಂದು ಉತ್ತರಿಸಿ.",yes
F0089-x-applicant_name-en,F0089,ration_card,en,extraction,Applicant Name?,Fatima Begum
F0089-x-applicant_name-hi,F0089,ration_card,hi,extraction,आवेदक का नाम?,फ़ातिमा बेगम
F0089-x-applicant_name-bn,F0089,ration_card,bn,extraction,আবেদনকারীর নাম?,ফাতিমা বেগম
F0089-x-applicant_name-te,F0089,ration_card,te,extraction,దరఖాస్తుదారు పేరు?,ఫాతిమా బేగం
F0089-x-applicant_name-ta,F0089,ration_card,ta,extraction,விண்ணப்பதாரர் பெயர்?,பாத்திமா பேகம்
F0089-x-applicant_name-mr,F0089,ration_card,mr,extraction,अर्जदाराचे नाव?,फातिमा बेगम
F0089-x-applicant_name-kn,F0089,ration_card,kn,extraction,ಅರ್ಜಿದಾರರ ಹೆಸರು?,ಫಾತಿಮಾ ಬೇಗಂ
F0089-x-district-en,F0089,ration_card,en,extraction,District?,Nashik
F0089-x-district-hi,F0089,ration_card,hi,extraction,जिला?,नाशिक
F0089-x-district-bn,F0089,ration_card,bn,extraction,জেলা?,নাসিক
F0089-x-district-te,F0089,ration_card,te,extraction,జిల్లా?,నాసిక్
F0089-x-district-ta,F0089,ration_card,ta,extraction,மாவட்டம்?,நாசிக்
F0089-x-district-mr,F0089,ration_card,mr,extraction,जिल्हा?,नाशिक
F0089-x-district-kn,F0089,ration_card,kn,extraction,ಜಿಲ್ಲೆ?,ನಾಸಿಕ್
F0089-x-annual_income-en,F0089,ration_card,en,extraction,Annual Income (Rs.)?,145000
F0089-x-annual_income-hi,F0089,ration_card,hi,extraction,वार्षिक आय (रु.)?,145000
F0089-x-annual_income-bn,F0089,ration_card,bn,extraction,বার্ষিক আয় (টাকা)?,145000
F0089-x-annual_income-te,F0089,ration_card,te,extraction,వార్షిక ఆదాయం (రూ.)?,145000
F0089-x-annual_income-ta,F0089,ration_card,ta,extraction,ஆண்டு வருமானம் (ரூ.)?,145000
F0089-x-annual_income-mr,F0089,ration_card,mr,extraction,वार्षिक उत्पन्न (रु.)?,145000
F0089-x-annual_income-kn,F0089,ration_card,kn,extraction,ವಾರ್ಷಿಕ ಆದಾಯ (ರೂ.)?,145000
F0089-x-family_members-en,F0089,ration_card,en,extraction,Number of Family Members?,8
F0089-x-family_members-hi,F0089,ration_card,hi,extraction,परिवार के सदस्यों की संख्या?,8
F0089-x-family_members-bn,F0089,ration_card,bn,extraction,পরিবারের সদস্য সংখ্যা?,8
F0089-x-family_members-te,F0089,ration_card,te,extraction,కుటుంబ సభ్యుల సంఖ్య?,8
F0089-x-family_members-ta,F0089,ration_card,ta,extraction,குடும்ப உறுப்பினர்கள் எண்ணிக்கை?,8
F0089-x-family_members-mr,F0089,ration_card,mr,extraction,कुटुंब सदस्यांची संख्या?,8
F0089-x-family_members-kn,F0089,ration_card,kn,extraction,ಕುಟುಂಬ ಸದಸ್ಯರ ಸಂಖ್ಯೆ?,8
F0089-x-category-en,F0089,ration_card,en,extraction,Category?,SC
F0089-x-category-hi,F0089,ration_card,hi,extraction,श्रेणी?,SC
F0089-x-category-bn,F0089,ration_card,bn,extraction,শ্রেণী?,SC
F0089-x-category-te,F0089,ration_card,te,extraction,వర్గం?,SC
F0089-x-category-ta,F0089,ration_card,ta,extraction,பிரிவு?,SC
F0089-x-category-mr,F0089,ration_card,mr,extraction,प्रवर्ग?,SC
F0089-x-category-kn,F0089,ration_card,kn,extraction,ವರ್ಗ?,SC
F0089-r-elig-en,F0089,ration_card,en,reasoning,"Based on the income cap and household size rule, is this applicant eligible? Answer yes or no.",no
F0089-r-elig-hi,F0089,ration_card,hi,reasoning,"आय सीमा और परिवार के आकार के नियम के आधार पर, क्या यह आवेदक पात्र है? हाँ या नहीं में उत्तर दें।",no
F0089-r-elig-bn,F0089,ration_card,bn,reasoning,"আয়ের সীমা এবং পরিবারের আকারের নিয়ম অনুসারে, এই আবেদনকারী কি যোগ্য? হ্যাঁ বা না উত্তর দিন।",no
F0089-r-elig-te,F0089,ration_card,te,reasoning,"ఆదాయ పరిమితి మరియు కుటుంబ పరిమాణ నియమం ఆధారంగా, ఈ దరఖాస్తుదారు అర్హులా? అవును లేదా కాదు అని సమాధానం ఇవ్వండి.",no
F0089-r-elig-ta,F0089,ration_card,ta,reasoning,"வருமான வரம்பு மற்றும் குடும்ப அளவு விதியின் அடிப்படையில், இந்த விண்ணப்பதாரர் தகுதியானவரா? ஆம் அல்லது இல்லை என பதிலளிக்கவும்.",no
F0089-r-elig-mr,F0089,ration_card,mr,reasoning,"उत्पन्न मर्यादा आणि कुटुंब आकाराच्या नियमानुसार, हा अर्जदार पात्र आहे का? होय किंवा नाही उत्तर द्या.",no
F0089-r-elig-kn,F0089,ration_card,kn,reasoning,"ಆದಾಯ ಮಿತಿ ಮತ್ತು ಕುಟುಂಬ ಗಾತ್ರದ ನಿಯಮದ ಆಧಾರದ ಮೇಲೆ, ಈ ಅರ್ಜಿದಾರರು ಅರ್ಹರೇ? ಹೌದು ಅಥವಾ ಇಲ್ಲ ಎಂದು ಉತ್ತರಿಸಿ.",no
F0090-x-applicant_name-en,F0090,scholarship,en,extraction,Applicant Name?,Arjun Nair
F0090-x-applicant_name-hi,F0090,scholarship,hi,extraction,आवेदक का नाम?,अर्जुन नायर
F0090-x-applicant_name-bn,F0090,scholarship,bn,extraction,আবেদনকারীর নাম?,অর্জুন নায়ার
F0090-x-applicant_name-te,F0090,scholarship,te,extraction,దరఖాస్తుదారు పేరు?,అర్జున్ నాయర్
F0090-x-applicant_name-ta,F0090,scholarship,ta,extraction,விண்ணப்பதாரர் பெயர்?,அர்ஜுன் நாயர்
F0090-x-applicant_name-mr,F0090,scholarship,mr,extraction,अर्जदाराचे नाव?,अर्जुन नायर
F0090-x-applicant_name-kn,F0090,scholarship,kn,extraction,ಅರ್ಜಿದಾರರ ಹೆಸರು?,ಅರ್ಜುನ್ ನಾಯರ್
F0090-x-district-en,F0090,scholarship,en,extraction,District?,Nashik
F0090-x-district-hi,F0090,scholarship,hi,extraction,जिला?,नाशिक
F0090-x-district-bn,F0090,scholarship,bn,extraction,জেলা?,নাসিক
F0090-x-district-te,F0090,scholarship,te,extraction,జిల్లా?,నాసిక్
F0090-x-district-ta,F0090,scholarship,ta,extraction,மாவட்டம்?,நாசிக்
F0090-x-district-mr,F0090,scholarship,mr,extraction,जिल्हा?,नाशिक
F0090-x-district-kn,F0090,scholarship,kn,extraction,ಜಿಲ್ಲೆ?,ನಾಸಿಕ್
F0090-x-annual_income-en,F0090,scholarship,en,extraction,Annual Income (Rs.)?,96000
F0090-x-annual_income-hi,F0090,scholarship,hi,extraction,वार्षिक आय (रु.)?,96000
F0090-x-annual_income-bn,F0090,scholarship,bn,extraction,বার্ষিক আয় (টাকা)?,96000
F0090-x-annual_income-te,F0090,scholarship,te,extraction,వార్షిక ఆదాయం (రూ.)?,96000
F0090-x-annual_income-ta,F0090,scholarship,ta,extraction,ஆண்டு வருமானம் (ரூ.)?,96000
F0090-x-annual_income-mr,F0090,scholarship,mr,extraction,वार्षिक उत्पन्न (रु.)?,96000
F0090-x-annual_income-kn,F0090,scholarship,kn,extraction,ವಾರ್ಷಿಕ ಆದಾಯ (ರೂ.)?,96000
F0090-x-family_members-en,F0090,scholarship,en,extraction,Number of Family Members?,7
F0090-x-family_members-hi,F0090,scholarship,hi,extraction,परिवार के सदस्यों की संख्या?,7
F0090-x-family_members-bn,F0090,scholarship,bn,extraction,পরিবারের সদস্য সংখ্যা?,7
F0090-x-family_members-te,F0090,scholarship,te,extraction,కుటుంబ సభ్యుల సంఖ్య?,7
F0090-x-family_members-ta,F0090,scholarship,ta,extraction,குடும்ப உறுப்பினர்கள் எண்ணிக்கை?,7
F0090-x-family_members-mr,F0090,scholarship,mr,extraction,कुटुंब सदस्यांची संख्या?,7
F0090-x-family_members-kn,F0090,scholarship,kn,extraction,ಕುಟುಂಬ ಸದಸ್ಯರ ಸಂಖ್ಯೆ?,7
F0090-x-category-en,F0090,scholarship,en,extraction,Category?,EWS
F0090-x-category-hi,F0090,scholarship,hi,extraction,श्रेणी?,EWS
F0090-x-category-bn,F0090,scholarship,bn,extraction,শ্রেণী?,EWS
F0090-x-category-te,F0090,scholarship,te,extraction,వర్గం?,EWS
F0090-x-category-ta,F0090,scholarship,ta,extraction,பிரிவு?,EWS
F0090-x-category-mr,F0090,scholarship,mr,extraction,प्रवर्ग?,EWS
F0090-x-category-kn,F0090,scholarship,kn,extraction,ವರ್ಗ?,EWS
F0090-r-elig-en,F0090,scholarship,en,reasoning,"Based on the income cap and household size rule, is this applicant eligible? Answer yes or no.",yes
F0090-r-elig-hi,F0090,scholarship,hi,reasoning,"आय सीमा और परिवार के आकार के नियम के आधार पर, क्या यह आवेदक पात्र है? हाँ या नहीं में उत्तर दें।",yes
F0090-r-elig-bn,F0090,scholarship,bn,reasoning,"আয়ের সীমা এবং পরিবারের আকারের নিয়ম অনুসারে, এই আবেদনকারী কি যোগ্য? হ্যাঁ বা না উত্তর দিন।",yes
F0090-r-elig-te,F0090,scholarship,te,reasoning,"ఆదాయ పరిమితి మరియు కుటుంబ పరిమాణ నియమం ఆధారంగా, ఈ దరఖాస్తుదారు అర్హులా? అవును లేదా కాదు అని సమాధానం ఇవ్వండి.",yes
F0090-r-elig-ta,F0090,scholarship,ta,reasoning,"வருமான வரம்பு மற்றும் குடும்ப அளவு விதியின் அடிப்படையில், இந்த விண்ணப்பதாரர் தகுதியானவரா? ஆம் அல்லது இல்லை என பதிலளிக்கவும்.",yes
F0090-r-elig-mr,F0090,scholarship,mr,reasoning,"उत्पन्न मर्यादा आणि कुटुंब आकाराच्या नियमानुसार, हा अर्जदार पात्र आहे का? होय किंवा नाही उत्तर द्या.",yes
F0090-r-elig-kn,F0090,scholarship,kn,reasoning,"ಆದಾಯ ಮಿತಿ ಮತ್ತು ಕುಟುಂಬ ಗಾತ್ರದ ನಿಯಮದ ಆಧಾರದ ಮೇಲೆ, ಈ ಅರ್ಜಿದಾರರು ಅರ್ಹರೇ? ಹೌದು ಅಥವಾ ಇಲ್ಲ ಎಂದು ಉತ್ತರಿಸಿ.",yes
F0091-x-applicant_name-en,F0091,old_age_pension,en,extraction,Applicant Name?,Anjali Patil
F0091-x-applicant_name-hi,F0091,old_age_pension,hi,extraction,आवेदक का नाम?,अंजली पाटील
F0091-x-applicant_name-bn,F0091,old_age_pension,bn,extraction,আবেদনকারীর নাম?,অঞ্জলি পাটিল
F0091-x-applicant_name-te,F0091,old_age_pension,te,extraction,దరఖాస్తుదారు పేరు?,అంజలి పాటిల్
F0091-x-applicant_name-ta,F0091,old_age_pension,ta,extraction,விண்ணப்பதாரர் பெயர்?,அஞ்சலி பாட்டீல்
F0091-x-applicant_name-mr,F0091,old_age_pension,mr,extraction,अर्जदाराचे नाव?,अंजली पाटील
F0091-x-applicant_name-kn,F0091,old_age_pension,kn,extraction,ಅರ್ಜಿದಾರರ ಹೆಸರು?,ಅಂಜಲಿ ಪಾಟೀಲ್
F0091-x-district-en,F0091,old_age_pension,en,extraction,District?,Salem
F0091-x-district-hi,F0091,old_age_pension,hi,extraction,जिला?,सेलम
F0091-x-district-bn,F0091,old_age_pension,bn,extraction,জেলা?,সালেম
F0091-x-district-te,F0091,old_age_pension,te,extraction,జిల్లా?,సేలం
F0091-x-district-ta,F0091,old_age_pension,ta,extraction,மாவட்டம்?,சேலம்
F0091-x-district-mr,F0091,old_age_pension,mr,extraction,जिल्हा?,सेलम
F0091-x-district-kn,F0091,old_age_pension,kn,extraction,ಜಿಲ್ಲೆ?,ಸೇಲಂ
F0091-x-annual_income-en,F0091,old_age_pension,en,extraction,Annual Income (Rs.)?,145000
F0091-x-annual_income-hi,F0091,old_age_pension,hi,extraction,वार्षिक आय (रु.)?,145000
F0091-x-annual_income-bn,F0091,old_age_pension,bn,extraction,বার্ষিক আয় (টাকা)?,145000
F0091-x-annual_income-te,F0091,old_age_pension,te,extraction,వార్షిక ఆదాయం (రూ.)?,145000
F0091-x-annual_income-ta,F0091,old_age_pension,ta,extraction,ஆண்டு வருமானம் (ரூ.)?,145000
F0091-x-annual_income-mr,F0091,old_age_pension,mr,extraction,वार्षिक उत्पन्न (रु.)?,145000
F0091-x-annual_income-kn,F0091,old_age_pension,kn,extraction,ವಾರ್ಷಿಕ ಆದಾಯ (ರೂ.)?,145000
F0091-x-family_members-en,F0091,old_age_pension,en,extraction,Number of Family Members?,8
F0091-x-family_members-hi,F0091,old_age_pension,hi,extraction,परिवार के सदस्यों की संख्या?,8
F0091-x-family_members-bn,F0091,old_age_pension,bn,extraction,পরিবারের সদস্য সংখ্যা?,8
F0091-x-family_members-te,F0091,old_age_pension,te,extraction,కుటుంబ సభ్యుల సంఖ్య?,8
F0091-x-family_members-ta,F0091,old_age_pension,ta,extraction,குடும்ப உறுப்பினர்கள் எண்ணிக்கை?,8
F0091-x-family_members-mr,F0091,old_age_pension,mr,extraction,कुटुंब सदस्यांची संख्या?,8
F0091-x-family_members-kn,F0091,old_age_pension,kn,extraction,ಕುಟುಂಬ ಸದಸ್ಯರ ಸಂಖ್ಯೆ?,8
F0091-x-category-en,F0091,old_age_pension,en,extraction,Category?,ST
F0091-x-category-hi,F0091,old_age_pension,hi,extraction,श्रेणी?,ST
F0091-x-category-bn,F0091,old_age_pension,bn,extraction,শ্রেণী?,ST
F0091-x-category-te,F0091,old_age_pension,te,extraction,వర్గం?,ST
F0091-x-category-ta,F0091,old_age_pension,ta,extraction,பிரிவு?,ST
F0091-x-category-mr,F0091,old_age_pension,mr,extraction,प्रवर्ग?,ST
F0091-x-category-kn,F0091,old_age_pension,kn,extraction,ವರ್ಗ?,ST
F0091-r-elig-en,F0091,old_age_pension,en,reasoning,"Based on the income cap and household size rule, is this applicant eligible? Answer yes or no.",no
F0091-r-elig-hi,F0091,old_age_pension,hi,reasoning,"आय सीमा और परिवार के आकार के नियम के आधार पर, क्या यह आवेदक पात्र है? हाँ या नहीं में उत्तर दें।",no
F0091-r-elig-bn,F0091,old_age_pension,bn,reasoning,"আয়ের সীমা এবং পরিবারের আকারের নিয়ম অনুসারে, এই আবেদনকারী কি যোগ্য? হ্যাঁ বা না উত্তর দিন।",no
F0091-r-elig-te,F0091,old_age_pension,te,reasoning,"ఆదాయ పరిమితి మరియు కుటుంబ పరిమాణ నియమం ఆధారంగా, ఈ దరఖాస్తుదారు అర్హులా? అవును లేదా కాదు అని సమాధానం ఇవ్వండి.",no
F0091-r-elig-ta,F0091,old_age_pension,ta,reasoning,"வருமான வரம்பு மற்றும் குடும்ப அளவு விதியின் அடிப்படையில், இந்த விண்ணப்பதாரர் தகுதியானவரா? ஆம் அல்லது இல்லை என பதிலளிக்கவும்.",no
F0091-r-elig-mr,F0091,old_age_pension,mr,reasoning,"उत्पन्न मर्यादा आणि कुटुंब आकाराच्या नियमानुसार, हा अर्जदार पात्र आहे का? होय किंवा नाही उत्तर द्या.",no
F0091-r-elig-kn,F0091,old_age_pension,kn,reasoning,"ಆದಾಯ ಮಿತಿ ಮತ್ತು ಕುಟುಂಬ ಗಾತ್ರದ ನಿಯಮದ ಆಧಾರದ ಮೇಲೆ, ಈ ಅರ್ಜಿದಾರರು ಅರ್ಹರೇ? ಹೌದು ಅಥವಾ ಇಲ್ಲ ಎಂದು ಉತ್ತರಿಸಿ.",no
F0092-x-applicant_name-en,F0092,scholarship,en,extraction,Applicant Name?,Anjali Patil
F0092-x-applicant_name-hi,F0092,scholarship,hi,extraction,आवेदक का नाम?,अंजली पाटील
F0092-x-applicant_name-bn,F0092,scholarship,bn,extraction,আবেদনকারীর নাম?,অঞ্জলি পাটিল
F0092-x-applicant_name-te,F0092,scholarship,te,extraction,దరఖాస్తుదారు పేరు?,అంజలి పాటిల్
F0092-x-applicant_name-ta,F0092,scholarship,ta,extraction,விண்ணப்பதாரர் பெயர்?,அஞ்சலி பாட்டீல்
F0092-x-applicant_name-mr,F0092,scholarship,mr,extraction,अर्जदाराचे नाव?,अंजली पाटील
F0092-x-applicant_name-kn,F0092,scholarship,kn,extraction,ಅರ್ಜಿದಾರರ ಹೆಸರು?,ಅಂಜಲಿ ಪಾಟೀಲ್
F0092-x-district-en,F0092,scholarship,en,extraction,District?,Nashik
F0092-x-district-hi,F0092,scholarship,hi,extraction,जिला?,नाशिक
F0092-x-district-bn,F0092,scholarship,bn,extraction,জেলা?,নাসিক
F0092-x-district-te,F0092,scholarship,te,extraction,జిల్లా?,నాసిక్
F0092-x-district-ta,F0092,scholarship,ta,extraction,மாவட்டம்?,நாசிக்
F0092-x-district-mr,F0092,scholarship,mr,extraction,जिल्हा?,नाशिक
F0092-x-district-kn,F0092,scholarship,kn,extraction,ಜಿಲ್ಲೆ?,ನಾಸಿಕ್
F0092-x-annual_income-en,F0092,scholarship,en,extraction,Annual Income (Rs.)?,145000
F0092-x-annual_income-hi,F0092,scholarship,hi,extraction,वार्षिक आय (रु.)?,145000
F0092-x-annual_income-bn,F0092,scholarship,bn,extraction,বার্ষিক আয় (টাকা)?,145000
F0092-x-annual_income-te,F0092,scholarship,te,extraction,వార్షిక ఆదాయం (రూ.)?,145000
F0092-x-annual_income-ta,F0092,scholarship,ta,extraction,ஆண்டு வருமானம் (ரூ.)?,145000
F0092-x-annual_income-mr,F0092,scholarship,mr,extraction,वार्षिक उत्पन्न (रु.)?,145000
F0092-x-annual_income-kn,F0092,scholarship,kn,extraction,ವಾರ್ಷಿಕ ಆದಾಯ (ರೂ.)?,145000
F0092-x-family_members-en,F0092,scholarship,en,extraction,Number of Family Members?,6
F0092-x-family_members-hi,F0092,scholarship,hi,extraction,परिवार के सदस्यों की संख्या?,6
F0092-x-family_members-bn,F0092,scholarship,bn,extraction,পরিবারের সদস্য সংখ্যা?,6
F0092-x-family_members-te,F0092,scholarship,te,extraction,కుటుంబ సభ్యుల సంఖ్య?,6
F0092-x-family_members-ta,F0092,scholarship,ta,extraction,குடும்ப உறுப்பினர்கள் எண்ணிக்கை?,6
F0092-x-family_members-mr,F0092,scholarship,mr,extraction,कुटुंब सदस्यांची संख्या?,6
F0092-x-family_members-kn,F0092,scholarship,kn,extraction,ಕುಟುಂಬ ಸದಸ್ಯರ ಸಂಖ್ಯೆ?,6
F0092-x-category-en,F0092,scholarship,en,extraction,Category?,SC
F0092-x-category-hi,F0092,scholarship,hi,extraction,श्रेणी?,SC
F0092-x-category-bn,F0092,scholarship,bn,extraction,শ্রেণী?,SC
F0092-x-category-te,F0092,scholarship,te,extraction,వర్గం?,SC
F0092-x-category-ta,F0092,scholarship,ta,extraction,பிரிவு?,SC
F0092-x-category-mr,F0092,scholarship,mr,extraction,प्रवर्ग?,SC
F0092-x-category-kn,F0092,scholarship,kn,extraction,ವರ್ಗ?,SC
F0092-r-elig-en,F0092,scholarship,en,reasoning,"Based on the income cap and household size rule, is this applicant eligible? Answer yes or no.",yes
F0092-r-elig-hi,F0092,scholarship,hi,reasoning,"आय सीमा और परिवार के आकार के नियम के आधार पर, क्या यह आवेदक पात्र है? हाँ या नहीं में उत्तर दें।",yes
F0092-r-elig-bn,F0092,scholarship,bn,reasoning,"আয়ের সীমা এবং পরিবারের আকারের নিয়ম অনুসারে, এই আবেদনকারী কি যোগ্য? হ্যাঁ বা না উত্তর দিন।",yes
F0092-r-elig-te,F0092,scholarship,te,reasoning,"ఆదాయ పరిమితి మరియు కుటుంబ పరిమాణ నియమం ఆధారంగా, ఈ దరఖాస్తుదారు అర్హులా? అవును లేదా కాదు అని సమాధానం ఇవ్వండి.",yes
F0092-r-elig-ta,F0092,scholarship,ta,reasoning,"வருமான வரம்பு மற்றும் குடும்ப அளவு விதியின் அடிப்படையில், இந்த விண்ணப்பதாரர் தகுதியானவரா? ஆம் அல்லது இல்லை என பதிலளிக்கவும்.",yes
F0092-r-elig-mr,F0092,scholarship,mr,reasoning,"उत्पन्न मर्यादा आणि कुटुंब आकाराच्या नियमानुसार, हा अर्जदार पात्र आहे का? होय किंवा नाही उत्तर द्या.",yes
F0092-r-elig-kn,F0092,scholarship,kn,reasoning,"ಆದಾಯ ಮಿತಿ ಮತ್ತು ಕುಟುಂಬ ಗಾತ್ರದ ನಿಯಮದ ಆಧಾರದ ಮೇಲೆ, ಈ ಅರ್ಜಿದಾರರು ಅರ್ಹರೇ? ಹೌದು ಅಥವಾ ಇಲ್ಲ ಎಂದು ಉತ್ತರಿಸಿ.",yes
F0093-x-applicant_name-en,F0093,scholarship,en,extraction,Applicant Name?,Suresh Rao
F0093-x-applicant_name-hi,F0093,scholarship,hi,extraction,आवेदक का नाम?,सुरेश राव
F0093-x-applicant_name-bn,F0093,scholarship,bn,extraction,আবেদনকারীর নাম?,সুরেশ রাও
F0093-x-applicant_name-te,F0093,scholarship,te,extraction,దరఖాస్తుదారు పేరు?,సురేష్ రావు
F0093-x-applicant_name-ta,F0093,scholarship,ta,extraction,விண்ணப்பதாரர் பெயர்?,சுரேஷ் ராவ்
F0093-x-applicant_name-mr,F0093,scholarship,mr,extraction,अर्जदाराचे नाव?,सुरेश राव
F0093-x-applicant_name-kn,F0093,scholarship,kn,extraction,ಅರ್ಜಿದಾರರ ಹೆಸರು?,ಸುರೇಶ್ ರಾವ್
F0093-x-district-en,F0093,scholarship,en,extraction,District?,Guntur
F0093-x-district-hi,F0093,scholarship,hi,extraction,जिला?,गुंटूर
F0093-x-district-bn,F0093,scholarship,bn,extraction,জেলা?,গুন্টুর
F0093-x-district-te,F0093,scholarship,te,extraction,జిల్లా?,గుంటూరు
F0093-x-district-ta,F0093,scholarship,ta,extraction,மாவட்டம்?,குண்டூர்
F0093-x-district-mr,F0093,scholarship,mr,extraction,जिल्हा?,गुंटूर
F0093-x-district-kn,F0093,scholarship,kn,extraction,ಜಿಲ್ಲೆ?,ಗುಂಟೂರು
F0093-x-annual_income-en,F0093,scholarship,en,extraction,Annual Income (Rs.)?,96000
F0093-x-annual_income-hi,F0093,scholarship,hi,extraction,वार्षिक आय (रु.)?,96000
F0093-x-annual_income-bn,F0093,scholarship,bn,extraction,বার্ষিক আয় (টাকা)?,96000
F0093-x-annual_income-te,F0093,scholarship,te,extraction,వార్షిక ఆదాయం (రూ.)?,96000
F0093-x-annual_income-ta,F0093,scholarship,ta,extraction,ஆண்டு வருமானம் (ரூ.)?,96000
F0093-x-annual_income-mr,F0093,scholarship,mr,extraction,वार्षिक उत्पन्न (रु.)?,96000
F0093-x-annual_income-kn,F0093,scholarship,kn,extraction,ವಾರ್ಷಿಕ ಆದಾಯ (ರೂ.)?,96000
F0093-x-family_members-en,F0093,scholarship,en,extraction,Number of Family Members?,6
F0093-x-family_members-hi,F0093,scholarship,hi,extraction,परिवार के सदस्यों की संख्या?,6
F0093-x-family_members-bn,F0093,scholarship,bn,extraction,পরিবারের সদস্য সংখ্যা?,6
F0093-x-family_members-te,F0093,scholarship,te,extraction,కుటుంబ సభ్యుల సంఖ్య?,6
F0093-x-family_members-ta,F0093,scholarship,ta,extraction,குடும்ப உறுப்பினர்கள் எண்ணிக்கை?,6
F0093-x-family_members-mr,F0093,scholarship,mr,extraction,कुटुंब सदस्यांची संख्या?,6
F0093-x-family_members-kn,F0093,scholarship,kn,extraction,ಕುಟುಂಬ ಸದಸ್ಯರ ಸಂಖ್ಯೆ?,6
F0093-x-category-en,F0093,scholarship,en,extraction,Category?,ST
F0093-x-category-hi,F0093,scholarship,hi,extraction,श्रेणी?,ST
F0093-x-category-bn,F0093,scholarship,bn,extraction,শ্রেণী?,ST
F0093-x-category-te,F0093,scholarship,te,extraction,వర్గం?,ST
F0093-x-category-ta,F0093,scholarship,ta,extraction,பிரிவு?,ST
F0093-x-category-mr,F0093,scholarship,mr,extraction,प्रवर्ग?,ST
F0093-x-category-kn,F0093,scholarship,kn,extraction,ವರ್ಗ?,ST
F0093-r-elig-en,F0093,scholarship,en,reasoning,"Based on the income cap and household size rule, is this applicant eligible? Answer yes or no.",yes
F0093-r-elig-hi,F0093,scholarship,hi,reasoning,"आय सीमा और परिवार के आकार के नियम के आधार पर, क्या यह आवेदक पात्र है? हाँ या नहीं में उत्तर दें।",yes
F0093-r-elig-bn,F0093,scholarship,bn,reasoning,"আয়ের সীমা এবং পরিবারের আকারের নিয়ম অনুসারে, এই আবেদনকারী কি যোগ্য? হ্যাঁ বা না উত্তর দিন।",yes
F0093-r-elig-te,F0093,scholarship,te,reasoning,"ఆదాయ పరిమితి మరియు కుటుంబ పరిమాణ నియమం ఆధారంగా, ఈ దరఖాస్తుదారు అర్హులా? అవును లేదా కాదు అని సమాధానం ఇవ్వండి.",yes
F0093-r-elig-ta,F0093,scholarship,ta,reasoning,"வருமான வரம்பு மற்றும் குடும்ப அளவு விதியின் அடிப்படையில், இந்த விண்ணப்பதாரர் தகுதியானவரா? ஆம் அல்லது இல்லை என பதிலளிக்கவும்.",yes
F0093-r-elig-mr,F0093,scholarship,mr,reasoning,"उत्पन्न मर्यादा आणि कुटुंब आकाराच्या नियमानुसार, हा अर्जदार पात्र आहे का? होय किंवा नाही उत्तर द्या.",yes
F0093-r-elig-kn,F0093,scholarship,kn,reasoning,"ಆದಾಯ ಮಿತಿ ಮತ್ತು ಕುಟುಂಬ ಗಾತ್ರದ ನಿಯಮದ ಆಧಾರದ ಮೇಲೆ, ಈ ಅರ್ಜಿದಾರರು ಅರ್ಹರೇ? ಹೌದು ಅಥವಾ ಇಲ್ಲ ಎಂದು ಉತ್ತರಿಸಿ.",yes
F0094-x-applicant_name-en,F0094,scholarship,en,extraction,Applicant Name?,Venkat Reddy
F0094-x-applicant_name-hi,F0094,scholarship,hi,extraction,आवेदक का नाम?,वेंकट रेड्डी
F0094-x-applicant_name-bn,F0094,scholarship,bn,extraction,আবেদনকারীর নাম?,ভেঙ্কট রেড্ডি
F0094-x-applicant_name-te,F0094,scholarship,te,extraction,దరఖాస్తుదారు పేరు?,వెంకట్ రెడ్డి
F0094-x-applicant_name-ta,F0094,scholarship,ta,extraction,விண்ணப்பதாரர் பெயர்?,வெங்கட் ரெட்டி
F0094-x-applicant_name-mr,F0094,scholarship,mr,extraction,अर्जदाराचे नाव?,वेंकट रेड्डी
F0094-x-applicant_name-kn,F0094,scholarship,kn,extraction,ಅರ್ಜಿದಾರರ ಹೆಸರು?,ವೆಂಕಟ್ ರೆಡ್ಡಿ
F0094-x-district-en,F0094,scholarship,en,extraction,District?,Guntur
F0094-x-district-hi,F0094,scholarship,hi,extraction,जिला?,गुंटूर
F0094-x-district-bn,F0094,scholarship,bn,extraction,জেলা?,গুন্টুর
F0094-x-district-te,F0094,scholarship,te,extraction,జిల్లా?,గుంటూరు
F0094-x-district-ta,F0094,scholarship,ta,extraction,மாவட்டம்?,குண்டூர்
F0094-x-district-mr,F0094,scholarship,mr,extraction,जिल्हा?,गुंटूर
F0094-x-district-kn,F0094,scholarship,kn,extraction,ಜಿಲ್ಲೆ?,ಗುಂಟೂರು
F0094-x-annual_income-en,F0094,scholarship,en,extraction,Annual Income (Rs.)?,145000
F0094-x-annual_income-hi,F0094,scholarship,hi,extraction,वार्षिक आय (रु.)?,145000
F0094-x-annual_income-bn,F0094,scholarship,bn,extraction,বার্ষিক আয় (টাকা)?,145000
F0094-x-annual_income-te,F0094,scholarship,te,extraction,వార్షిక ఆదాయం (రూ.)?,145000
F0094-x-annual_income-ta,F0094,scholarship,ta,extraction,ஆண்டு வருமானம் (ரூ.)?,145000
F0094-x-annual_income-mr,F0094,scholarship,mr,extraction,वार्षिक उत्पन्न (रु.)?,145000
F0094-x-annual_income-kn,F0094,scholarship,kn,extraction,ವಾರ್ಷಿಕ ಆದಾಯ (ರೂ.)?,145000
F0094-x-family_members-en,F0094,scholarship,en,extraction,Number of Family Members?,5
F0094-x-family_members-hi,F0094,scholarship,hi,extraction,परिवार के सदस्यों की संख्या?,5
F0094-x-family_members-bn,F0094,scholarship,bn,extraction,পরিবারের সদস্য সংখ্যা?,5
F0094-x-family_members-te,F0094,scholarship,te,extraction,కుటుంబ సభ్యుల సంఖ్య?,5
F0094-x-family_members-ta,F0094,scholarship,ta,extraction,குடும்ப உறுப்பினர்கள் எண்ணிக்கை?,5
F0094-x-family_members-mr,F0094,scholarship,mr,extraction,कुटुंब सदस्यांची संख्या?,5
F0094-x-family_members-kn,F0094,scholarship,kn,extraction,ಕುಟುಂಬ ಸದಸ್ಯರ ಸಂಖ್ಯೆ?,5
F0094-x-category-en,F0094,scholarship,en,extraction,Category?,SC
F0094-x-category-hi,F0094,scholarship,hi,extraction,श्रेणी?,SC
F0094-x-category-bn,F0094,scholarship,bn,extraction,শ্রেণী?,SC
F0094-x-category-te,F0094,scholarship,te,extraction,వర్గం?,SC
F0094-x-category-ta,F0094,scholarship,ta,extraction,பிரிவு?,SC
F0094-x-category-mr,F0094,scholarship,mr,extraction,प्रवर्ग?,SC
F0094-x-category-kn,F0094,scholarship,kn,extraction,ವರ್ಗ?,SC
F0094-r-elig-en,F0094,scholarship,en,reasoning,"Based on the income cap and household size rule, is this applicant eligible? Answer yes or no.",yes
F0094-r-elig-hi,F0094,scholarship,hi,reasoning,"आय सीमा और परिवार के आकार के नियम के आधार पर, क्या यह आवेदक पात्र है? हाँ या नहीं में उत्तर दें।",yes
F0094-r-elig-bn,F0094,scholarship,bn,reasoning,"আয়ের সীমা এবং পরিবারের আকারের নিয়ম অনুসারে, এই আবেদনকারী কি যোগ্য? হ্যাঁ বা না উত্তর দিন।",yes
F0094-r-elig-te,F0094,scholarship,te,reasoning,"ఆదాయ పరిమితి మరియు కుటుంబ పరిమాణ నియమం ఆధారంగా, ఈ దరఖాస్తుదారు అర్హులా? అవును లేదా కాదు అని సమాధానం ఇవ్వండి.",yes
F0094-r-elig-ta,F0094,scholarship,ta,reasoning,"வருமான வரம்பு மற்றும் குடும்ப அளவு விதியின் அடிப்படையில், இந்த விண்ணப்பதாரர் தகுதியானவரா? ஆம் அல்லது இல்லை என பதிலளிக்கவும்.",yes
F0094-r-elig-mr,F0094,scholarship,mr,reasoning,"उत्पन्न मर्यादा आणि कुटुंब आकाराच्या नियमानुसार, हा अर्जदार पात्र आहे का? होय किंवा नाही उत्तर द्या.",yes
F0094-r-elig-kn,F0094,scholarship,kn,reasoning,"ಆದಾಯ ಮಿತಿ ಮತ್ತು ಕುಟುಂಬ ಗಾತ್ರದ ನಿಯಮದ ಆಧಾರದ ಮೇಲೆ, ಈ ಅರ್ಜಿದಾರರು ಅರ್ಹರೇ? ಹೌದು ಅಥವಾ ಇಲ್ಲ ಎಂದು ಉತ್ತರಿಸಿ.",yes
F0095-x-applicant_name-en,F0095,old_age_pension,en,extraction,Applicant Name?,Arjun Nair
F0095-x-applicant_name-hi,F0095,old_age_pension,hi,extraction,आवेदक का नाम?,अर्जुन नायर
F0095-x-applicant_name-bn,F0095,old_age_pension,bn,extraction,আবেদনকারীর নাম?,অর্জুন নায়ার
F0095-x-applicant_name-te,F0095,old_age_pension,te,extraction,దరఖాస్తుదారు పేరు?,అర్జున్ నాయర్
F0095-x-applicant_name-ta,F0095,old_age_pension,ta,extraction,விண்ணப்பதாரர் பெயர்?,அர்ஜுன் நாயர்
F0095-x-applicant_name-mr,F0095,old_age_pension,mr,extraction,अर्जदाराचे नाव?,अर्जुन नायर
F0095-x-applicant_name-kn,F0095,old_age_pension,kn,extraction,ಅರ್ಜಿದಾರರ ಹೆಸರು?,ಅರ್ಜುನ್ ನಾಯರ್
F0095-x-district-en,F0095,old_age_pension,en,extraction,District?,Guntur
F0095-x-district-hi,F0095,old_age_pension,hi,extraction,जिला?,गुंटूर
F0095-x-district-bn,F0095,old_age_pension,bn,extraction,জেলা?,গুন্টুর
F0095-x-district-te,F0095,old_age_pension,te,extraction,జిల్లా?,గుంటూరు
F0095-x-district-ta,F0095,old_age_pension,ta,extraction,மாவட்டம்?,குண்டூர்
F0095-x-district-mr,F0095,old_age_pension,mr,extraction,जिल्हा?,गुंटूर
F0095-x-district-kn,F0095,old_age_pension,kn,extraction,ಜಿಲ್ಲೆ?,ಗುಂಟೂರು
F0095-x-annual_income-en,F0095,old_age_pension,en,extraction,Annual Income (Rs.)?,118000
F0095-x-annual_income-hi,F0095,old_age_pension,hi,extraction,वार्षिक आय (रु.)?,118000
F0095-x-annual_income-bn,F0095,old_age_pension,bn,extraction,বার্ষিক আয় (টাকা)?,118000
F0095-x-annual_income-te,F0095,old_age_pension,te,extraction,వార్షిక ఆదాయం (రూ.)?,118000
F0095-x-annual_income-ta,F0095,old_age_pension,ta,extraction,ஆண்டு வருமானம் (ரூ.)?,118000
F0095-x-annual_income-mr,F0095,old_age_pension,mr,extraction,वार्षिक उत्पन्न (रु.)?,118000
F0095-x-annual_income-kn,F0095,old_age_pension,kn,extraction,ವಾರ್ಷಿಕ ಆದಾಯ (ರೂ.)?,118000
F0095-x-family_members-en,F0095,old_age_pension,en,extraction,Number of Family Members?,3
F0095-x-family_members-hi,F0095,old_age_pension,hi,extraction,परिवार के सदस्यों की संख्या?,3
F0095-x-family_members-bn,F0095,old_age_pension,bn,extraction,পরিবারের সদস্য সংখ্যা?,3
F0095-x-family_members-te,F0095,old_age_pension,te,extraction,కుటుంబ సభ్యుల సంఖ్య?,3
F0095-x-family_members-ta,F0095,old_age_pension,ta,extraction,குடும்ப உறுப்பினர்கள் எண்ணிக்கை?,3
F0095-x-family_members-mr,F0095,old_age_pension,mr,extraction,कुटुंब सदस्यांची संख्या?,3
F0095-x-family_members-kn,F0095,old_age_pension,kn,extraction,ಕುಟುಂಬ ಸದಸ್ಯರ ಸಂಖ್ಯೆ?,3
F0095-x-category-en,F0095,old_age_pension,en,extraction,Category?,EWS
F0095-x-category-hi,F0095,old_age_pension,hi,extraction,श्रेणी?,EWS
F0095-x-category-bn,F0095,old_age_pension,bn,extraction,শ্রেণী?,EWS
F0095-x-category-te,F0095,old_age_pension,te,extraction,వర్గం?,EWS
F0095-x-category-ta,F0095,old_age_pension,ta,extraction,பிரிவு?,EWS
F0095-x-category-mr,F0095,old_age_pension,mr,extraction,प्रवर्ग?,EWS
F0095-x-category-kn,F0095,old_age_pension,kn,extraction,ವರ್ಗ?,EWS
F0095-r-elig-en,F0095,old_age_pension,en,reasoning,"Based on the income cap and household size rule, is this applicant eligible? Answer yes or no.",no
F0095-r-elig-hi,F0095,old_age_pension,hi,reasoning,"आय सीमा और परिवार के आकार के नियम के आधार पर, क्या यह आवेदक पात्र है? हाँ या नहीं में उत्तर दें।",no
F0095-r-elig-bn,F0095,old_age_pension,bn,reasoning,"আয়ের সীমা এবং পরিবারের আকারের নিয়ম অনুসারে, এই আবেদনকারী কি যোগ্য? হ্যাঁ বা না উত্তর দিন।",no
F0095-r-elig-te,F0095,old_age_pension,te,reasoning,"ఆదాయ పరిమితి మరియు కుటుంబ పరిమాణ నియమం ఆధారంగా, ఈ దరఖాస్తుదారు అర్హులా? అవును లేదా కాదు అని సమాధానం ఇవ్వండి.",no
F0095-r-elig-ta,F0095,old_age_pension,ta,reasoning,"வருமான வரம்பு மற்றும் குடும்ப அளவு விதியின் அடிப்படையில், இந்த விண்ணப்பதாரர் தகுதியானவரா? ஆம் அல்லது இல்லை என பதிலளிக்கவும்.",no
F0095-r-elig-mr,F0095,old_age_pension,mr,reasoning,"उत्पन्न मर्यादा आणि कुटुंब आकाराच्या नियमानुसार, हा अर्जदार पात्र आहे का? होय किंवा नाही उत्तर द्या.",no
F0095-r-elig-kn,F0095,old_age_pension,kn,reasoning,"ಆದಾಯ ಮಿತಿ ಮತ್ತು ಕುಟುಂಬ ಗಾತ್ರದ ನಿಯಮದ ಆಧಾರದ ಮೇಲೆ, ಈ ಅರ್ಜಿದಾರರು ಅರ್ಹರೇ? ಹೌದು ಅಥವಾ ಇಲ್ಲ ಎಂದು ಉತ್ತರಿಸಿ.",no
F0096-x-applicant_name-en,F0096,old_age_pension,en,extraction,Applicant Name?,Venkat Reddy
F0096-x-applicant_name-hi,F0096,old_age_pension,hi,extraction,आवेदक का नाम?,वेंकट रेड्डी
F0096-x-applicant_name-bn,F0096,old_age_pension,bn,extraction,আবেদনকারীর নাম?,ভেঙ্কট রেড্ডি
F0096-x-applicant_name-te,F0096,old_age_pension,te,extraction,దరఖాస్తుదారు పేరు?,వెంకట్ రెడ్డి
F0096-x-applicant_name-ta,F0096,old_age_pension,ta,extraction,விண்ணப்பதாரர் பெயர்?,வெங்கட் ரெட்டி
F0096-x-applicant_name-mr,F0096,old_age_pension,mr,extraction,अर्जदाराचे नाव?,वेंकट रेड्डी
F0096-x-applicant_name-kn,F0096,old_age_pension,kn,extraction,ಅರ್ಜಿದಾರರ ಹೆಸರು?,ವೆಂಕಟ್ ರೆಡ್ಡಿ
F0096-x-district-en,F0096,old_age_pension,en,extraction,District?,Visakhapatnam
F0096-x-district-hi,F0096,old_age_pension,hi,extraction,जिला?,विशाखापत्तनम
F0096-x-district-bn,F0096,old_age_pension,bn,extraction,জেলা?,বিশাখাপত্তনম
F0096-x-district-te,F0096,old_age_pension,te,extraction,జిల్లా?,విశాఖపట్నం
F0096-x-district-ta,F0096,old_age_pension,ta,extraction,மாவட்டம்?,விசாகப்பட்டினம்
F0096-x-district-mr,F0096,old_age_pension,mr,extraction,जिल्हा?,विशाखापट्टणम
F0096-x-district-kn,F0096,old_age_pension,kn,extraction,ಜಿಲ್ಲೆ?,ವಿಶಾಖಪಟ್ಟಣಂ
F0096-x-annual_income-en,F0096,old_age_pension,en,extraction,Annual Income (Rs.)?,118000
F0096-x-annual_income-hi,F0096,old_age_pension,hi,extraction,वार्षिक आय (रु.)?,118000
F0096-x-annual_income-bn,F0096,old_age_pension,bn,extraction,বার্ষিক আয় (টাকা)?,118000
F0096-x-annual_income-te,F0096,old_age_pension,te,extraction,వార్షిక ఆదాయం (రూ.)?,118000
F0096-x-annual_income-ta,F0096,old_age_pension,ta,extraction,ஆண்டு வருமானம் (ரூ.)?,118000
F0096-x-annual_income-mr,F0096,old_age_pension,mr,extraction,वार्षिक उत्पन्न (रु.)?,118000
F0096-x-annual_income-kn,F0096,old_age_pension,kn,extraction,ವಾರ್ಷಿಕ ಆದಾಯ (ರೂ.)?,118000
F0096-x-family_members-en,F0096,old_age_pension,en,extraction,Number of Family Members?,6
F0096-x-family_members-hi,F0096,old_age_pension,hi,extraction,परिवार के सदस्यों की संख्या?,6
F0096-x-family_members-bn,F0096,old_age_pension,bn,extraction,পরিবারের সদস্য সংখ্যা?,6
F0096-x-family_members-te,F0096,old_age_pension,te,extraction,కుటుంబ సభ్యుల సంఖ్య?,6
F0096-x-family_members-ta,F0096,old_age_pension,ta,extraction,குடும்ப உறுப்பினர்கள் எண்ணிக்கை?,6
F0096-x-family_members-mr,F0096,old_age_pension,mr,extraction,कुटुंब सदस्यांची संख्या?,6
F0096-x-family_members-kn,F0096,old_age_pension,kn,extraction,ಕುಟುಂಬ ಸದಸ್ಯರ ಸಂಖ್ಯೆ?,6
F0096-x-category-en,F0096,old_age_pension,en,extraction,Category?,SC
F0096-x-category-hi,F0096,old_age_pension,hi,extraction,श्रेणी?,SC
F0096-x-category-bn,F0096,old_age_pension,bn,extraction,শ্রেণী?,SC
F0096-x-category-te,F0096,old_age_pension,te,extraction,వర్గం?,SC
F0096-x-category-ta,F0096,old_age_pension,ta,extraction,பிரிவு?,SC
F0096-x-category-mr,F0096,old_age_pension,mr,extraction,प्रवर्ग?,SC
F0096-x-category-kn,F0096,old_age_pension,kn,extraction,ವರ್ಗ?,SC
F0096-r-elig-en,F0096,old_age_pension,en,reasoning,"Based on the income cap and household size rule, is this applicant eligible? Answer yes or no.",no
F0096-r-elig-hi,F0096,old_age_pension,hi,reasoning,"आय सीमा और परिवार के आकार के नियम के आधार पर, क्या यह आवेदक पात्र है? हाँ या नहीं में उत्तर दें।",no
F0096-r-elig-bn,F0096,old_age_pension,bn,reasoning,"আয়ের সীমা এবং পরিবারের আকারের নিয়ম অনুসারে, এই আবেদনকারী কি যোগ্য? হ্যাঁ বা না উত্তর দিন।",no
F0096-r-elig-te,F0096,old_age_pension,te,reasoning,"ఆదాయ పరిమితి మరియు కుటుంబ పరిమాణ నియమం ఆధారంగా, ఈ దరఖాస్తుదారు అర్హులా? అవును లేదా కాదు అని సమాధానం ఇవ్వండి.",no
F0096-r-elig-ta,F0096,old_age_pension,ta,reasoning,"வருமான வரம்பு மற்றும் குடும்ப அளவு விதியின் அடிப்படையில், இந்த விண்ணப்பதாரர் தகுதியானவரா? ஆம் அல்லது இல்லை என பதிலளிக்கவும்.",no
F0096-r-elig-mr,F0096,old_age_pension,mr,reasoning,"उत्पन्न मर्यादा आणि कुटुंब आकाराच्या नियमानुसार, हा अर्जदार पात्र आहे का? होय किंवा नाही उत्तर द्या.",no
F0096-r-elig-kn,F0096,old_age_pension,kn,reasoning,"ಆದಾಯ ಮಿತಿ ಮತ್ತು ಕುಟುಂಬ ಗಾತ್ರದ ನಿಯಮದ ಆಧಾರದ ಮೇಲೆ, ಈ ಅರ್ಜಿದಾರರು ಅರ್ಹರೇ? ಹೌದು ಅಥವಾ ಇಲ್ಲ ಎಂದು ಉತ್ತರಿಸಿ.",no
F0097-x-applicant_name-en,F0097,old_age_pension,en,extraction,Applicant Name?,Anjali Patil
F0097-x-applicant_name-hi,F0097,old_age_pension,hi,extraction,आवेदक का नाम?,अंजली पाटील
F0097-x-applicant_name-bn,F0097,old_age_pension,bn,extraction,আবেদনকারীর নাম?,অঞ্জলি পাটিল
F0097-x-applicant_name-te,F0097,old_age_pension,te,extraction,దరఖాస్తుదారు పేరు?,అంజలి పాటిల్
F0097-x-applicant_name-ta,F0097,old_age_pension,ta,extraction,விண்ணப்பதாரர் பெயர்?,அஞ்சலி பாட்டீல்
F0097-x-applicant_name-mr,F0097,old_age_pension,mr,extraction,अर्जदाराचे नाव?,अंजली पाटील
F0097-x-applicant_name-kn,F0097,old_age_pension,kn,extraction,ಅರ್ಜಿದಾರರ ಹೆಸರು?,ಅಂಜಲಿ ಪಾಟೀಲ್
F0097-x-district-en,F0097,old_age_pension,en,extraction,District?,Guntur
F0097-x-district-hi,F0097,old_age_pension,hi,extraction,जिला?,गुंटूर
F0097-x-district-bn,F0097,old_age_pension,bn,extraction,জেলা?,গুন্টুর
F0097-x-district-te,F0097,old_age_pension,te,extraction,జిల్లా?,గుంటూరు
F0097-x-district-ta,F0097,old_age_pension,ta,extraction,மாவட்டம்?,குண்டூர்
F0097-x-district-mr,F0097,old_age_pension,mr,extraction,जिल्हा?,गुंटूर
F0097-x-district-kn,F0097,old_age_pension,kn,extraction,ಜಿಲ್ಲೆ?,ಗುಂಟೂರು
F0097-x-annual_income-en,F0097,old_age_pension,en,extraction,Annual Income (Rs.)?,310000
F0097-x-annual_income-hi,F0097,old_age_pension,hi,extraction,वार्षिक आय (रु.)?,310000
F0097-x-annual_income-bn,F0097,old_age_pension,bn,extraction,বার্ষিক আয় (টাকা)?,310000
F0097-x-annual_income-te,F0097,old_age_pension,te,extraction,వార్షిక ఆదాయం (రూ.)?,310000
F0097-x-annual_income-ta,F0097,old_age_pension,ta,extraction,ஆண்டு வருமானம் (ரூ.)?,310000
F0097-x-annual_income-mr,F0097,old_age_pension,mr,extraction,वार्षिक उत्पन्न (रु.)?,310000
F0097-x-annual_income-kn,F0097,old_age_pension,kn,extraction,ವಾರ್ಷಿಕ ಆದಾಯ (ರೂ.)?,310000
F0097-x-family_members-en,F0097,old_age_pension,en,extraction,Number of Family Members?,1
F0097-x-family_members-hi,F0097,old_age_pension,hi,extraction,परिवार के सदस्यों की संख्या?,1
F0097-x-family_members-bn,F0097,old_age_pension,bn,extraction,পরিবারের সদস্য সংখ্যা?,1
F0097-x-family_members-te,F0097,old_age_pension,te,extraction,కుటుంబ సభ్యుల సంఖ్య?,1
F0097-x-family_members-ta,F0097,old_age_pension,ta,extraction,குடும்ப உறுப்பினர்கள் எண்ணிக்கை?,1
F0097-x-family_members-mr,F0097,old_age_pension,mr,extraction,कुटुंब सदस्यांची संख्या?,1
F0097-x-family_members-kn,F0097,old_age_pension,kn,extraction,ಕುಟುಂಬ ಸದಸ್ಯರ ಸಂಖ್ಯೆ?,1
F0097-x-category-en,F0097,old_age_pension,en,extraction,Category?,ST
F0097-x-category-hi,F0097,old_age_pension,hi,extraction,श्रेणी?,ST
F0097-x-category-bn,F0097,old_age_pension,bn,extraction,শ্রেণী?,ST
F0097-x-category-te,F0097,old_age_pension,te,extraction,వర్గం?,ST
F0097-x-category-ta,F0097,old_age_pension,ta,extraction,பிரிவு?,ST
F0097-x-category-mr,F0097,old_age_pension,mr,extraction,प्रवर्ग?,ST
F0097-x-category-kn,F0097,old_age_pension,kn,extraction,ವರ್ಗ?,ST
F0097-r-elig-en,F0097,old_age_pension,en,reasoning,"Based on the income cap and household size rule, is this applicant eligible? Answer yes or no.",no
F0097-r-elig-hi,F0097,old_age_pension,hi,reasoning,"आय सीमा और परिवार के आकार के नियम के आधार पर, क्या यह आवेदक पात्र है? हाँ या नहीं में उत्तर दें।",no
F0097-r-elig-bn,F0097,old_age_pension,bn,reasoning,"আয়ের সীমা এবং পরিবারের আকারের নিয়ম অনুসারে, এই আবেদনকারী কি যোগ্য? হ্যাঁ বা না উত্তর দিন।",no
F0097-r-elig-te,F0097,old_age_pension,te,reasoning,"ఆదాయ పరిమితి మరియు కుటుంబ పరిమాణ నియమం ఆధారంగా, ఈ దరఖాస్తుదారు అర్హులా? అవును లేదా కాదు అని సమాధానం ఇవ్వండి.",no
F0097-r-elig-ta,F0097,old_age_pension,ta,reasoning,"வருமான வரம்பு மற்றும் குடும்ப அளவு விதியின் அடிப்படையில், இந்த விண்ணப்பதாரர் தகுதியானவரா? ஆம் அல்லது இல்லை என பதிலளிக்கவும்.",no
F0097-r-elig-mr,F0097,old_age_pension,mr,reasoning,"उत्पन्न मर्यादा आणि कुटुंब आकाराच्या नियमानुसार, हा अर्जदार पात्र आहे का? होय किंवा नाही उत्तर द्या.",no
F0097-r-elig-kn,F0097,old_age_pension,kn,reasoning,"ಆದಾಯ ಮಿತಿ ಮತ್ತು ಕುಟುಂಬ ಗಾತ್ರದ ನಿಯಮದ ಆಧಾರದ ಮೇಲೆ, ಈ ಅರ್ಜಿದಾರರು ಅರ್ಹರೇ? ಹೌದು ಅಥವಾ ಇಲ್ಲ ಎಂದು ಉತ್ತರಿಸಿ.",no
F0098-x-applicant_name-en,F0098,scholarship,en,extraction,Applicant Name?,Fatima Begum
F0098-x-applicant_name-hi,F0098,scholarship,hi,extraction,आवेदक का नाम?,फ़ातिमा बेगम
F0098-x-applicant_name-bn,F0098,scholarship,bn,extraction,আবেদনকারীর নাম?,ফাতিমা বেগম
F0098-x-applicant_name-te,F0098,scholarship,te,extraction,దరఖాస్తుదారు పేరు?,ఫాతిమా బేగం
F0098-x-applicant_name-ta,F0098,scholarship,ta,extraction,விண்ணப்பதாரர் பெயர்?,பாத்திமா பேகம்
F0098-x-applicant_name-mr,F0098,scholarship,mr,extraction,अर्जदाराचे नाव?,फातिमा बेगम
F0098-x-applicant_name-kn,F0098,scholarship,kn,extraction,ಅರ್ಜಿದಾರರ ಹೆಸರು?,ಫಾತಿಮಾ ಬೇಗಂ
F0098-x-district-en,F0098,scholarship,en,extraction,District?,Nashik
F0098-x-district-hi,F0098,scholarship,hi,extraction,जिला?,नाशिक
F0098-x-district-bn,F0098,scholarship,bn,extraction,জেলা?,নাসিক
F0098-x-district-te,F0098,scholarship,te,extraction,జిల్లా?,నాసిక్
F0098-x-district-ta,F0098,scholarship,ta,extraction,மாவட்டம்?,நாசிக்
F0098-x-district-mr,F0098,scholarship,mr,extraction,जिल्हा?,नाशिक
F0098-x-district-kn,F0098,scholarship,kn,extraction,ಜಿಲ್ಲೆ?,ನಾಸಿಕ್
F0098-x-annual_income-en,F0098,scholarship,en,extraction,Annual Income (Rs.)?,96000
F0098-x-annual_income-hi,F0098,scholarship,hi,extraction,वार्षिक आय (रु.)?,96000
F0098-x-annual_income-bn,F0098,scholarship,bn,extraction,বার্ষিক আয় (টাকা)?,96000
F0098-x-annual_income-te,F0098,scholarship,te,extraction,వార్షిక ఆదాయం (రూ.)?,96000
F0098-x-annual_income-ta,F0098,scholarship,ta,extraction,ஆண்டு வருமானம் (ரூ.)?,96000
F0098-x-annual_income-mr,F0098,scholarship,mr,extraction,वार्षिक उत्पन्न (रु.)?,96000
F0098-x-annual_income-kn,F0098,scholarship,kn,extraction,ವಾರ್ಷಿಕ ಆದಾಯ (ರೂ.)?,96000
F0098-x-family_members-en,F0098,scholarship,en,extraction,Number of Family Members?,4
F0098-x-family_members-hi,F0098,scholarship,hi,extraction,परिवार के सदस्यों की संख्या?,4
F0098-x-family_members-bn,F0098,scholarship,bn,extraction,পরিবারের সদস্য সংখ্যা?,4
F0098-x-family_members-te,F0098,scholarship,te,extraction,కుటుంబ సభ్యుల సంఖ్య?,4
F0098-x-family_members-ta,F0098,scholarship,ta,extraction,குடும்ப உறுப்பினர்கள் எண்ணிக்கை?,4
F0098-x-family_members-mr,F0098,scholarship,mr,extraction,कुटुंब सदस्यांची संख्या?,4
F0098-x-family_members-kn,F0098,scholarship,kn,extraction,ಕುಟುಂಬ ಸದಸ್ಯರ ಸಂಖ್ಯೆ?,4
F0098-x-category-en,F0098,scholarship,en,extraction,Category?,General
F0098-x-category-hi,F0098,scholarship,hi,extraction,श्रेणी?,General
F0098-x-category-bn,F0098,scholarship,bn,extraction,শ্রেণী?,General
F0098-x-category-te,F0098,scholarship,te,extraction,వర్గం?,General
F0098-x-category-ta,F0098,scholarship,ta,extraction,பிரிவு?,General
F0098-x-category-mr,F0098,scholarship,mr,extraction,प्रवर्ग?,General
F0098-x-category-kn,F0098,scholarship,kn,extraction,ವರ್ಗ?,General
F0098-r-elig-en,F0098,scholarship,en,reasoning,"Based on the income cap and household size rule, is this applicant eligible? Answer yes or no.",yes
F0098-r-elig-hi,F0098,scholarship,hi,reasoning,"आय सीमा और परिवार के आकार के नियम के आधार पर, क्या यह आवेदक पात्र है? हाँ या नहीं में उत्तर दें।",yes
F0098-r-elig-bn,F0098,scholarship,bn,reasoning,"আয়ের সীমা এবং পরিবারের আকারের নিয়ম অনুসারে, এই আবেদনকারী কি যোগ্য? হ্যাঁ বা না উত্তর দিন।",yes
F0098-r-elig-te,F0098,scholarship,te,reasoning,"ఆదాయ పరిమితి మరియు కుటుంబ పరిమాణ నియమం ఆధారంగా, ఈ దరఖాస్తుదారు అర్హులా? అవును లేదా కాదు అని సమాధానం ఇవ్వండి.",yes
F0098-r-elig-ta,F0098,scholarship,ta,reasoning,"வருமான வரம்பு மற்றும் குடும்ப அளவு விதியின் அடிப்படையில், இந்த விண்ணப்பதாரர் தகுதியானவரா? ஆம் அல்லது இல்லை என பதிலளிக்கவும்.",yes
F0098-r-elig-mr,F0098,scholarship,mr,reasoning,"उत्पन्न मर्यादा आणि कुटुंब आकाराच्या नियमानुसार, हा अर्जदार पात्र आहे का? होय किंवा नाही उत्तर द्या.",yes
F0098-r-elig-kn,F0098,scholarship,kn,reasoning,"ಆದಾಯ ಮಿತಿ ಮತ್ತು ಕುಟುಂಬ ಗಾತ್ರದ ನಿಯಮದ ಆಧಾರದ ಮೇಲೆ, ಈ ಅರ್ಜಿದಾರರು ಅರ್ಹರೇ? ಹೌದು ಅಥವಾ ಇಲ್ಲ ಎಂದು ಉತ್ತರಿಸಿ.",yes
F0099-x-applicant_name-en,F0099,ration_card,en,extraction,Applicant Name?,Fatima Begum
F0099-x-applicant_name-hi,F0099,ration_card,hi,extraction,आवेदक का नाम?,फ़ातिमा बेगम
F0099-x-applicant_name-bn,F0099,ration_card,bn,extraction,আবেদনকারীর নাম?,ফাতিমা বেগম
F0099-x-applicant_name-te,F0099,ration_card,te,extraction,దరఖాస్తుదారు పేరు?,ఫాతిమా బేగం
F0099-x-applicant_name-ta,F0099,ration_card,ta,extraction,விண்ணப்பதாரர் பெயர்?,பாத்திமா பேகம்
F0099-x-applicant_name-mr,F0099,ration_card,mr,extraction,अर्जदाराचे नाव?,फातिमा बेगम
F0099-x-applicant_name-kn,F0099,ration_card,kn,extraction,ಅರ್ಜಿದಾರರ ಹೆಸರು?,ಫಾತಿಮಾ ಬೇಗಂ
F0099-x-district-en,F0099,ration_card,en,extraction,District?,Salem
F0099-x-district-hi,F0099,ration_card,hi,extraction,जिला?,सेलम
F0099-x-district-bn,F0099,ration_card,bn,extraction,জেলা?,সালেম
F0099-x-district-te,F0099,ration_card,te,extraction,జిల్లా?,సేలం
F0099-x-district-ta,F0099,ration_card,ta,extraction,மாவட்டம்?,சேலம்
F0099-x-district-mr,F0099,ration_card,mr,extraction,जिल्हा?,सेलम
F0099-x-district-kn,F0099,ration_card,kn,extraction,ಜಿಲ್ಲೆ?,ಸೇಲಂ
F0099-x-annual_income-en,F0099,ration_card,en,extraction,Annual Income (Rs.)?,96000
F0099-x-annual_income-hi,F0099,ration_card,hi,extraction,वार्षिक आय (रु.)?,96000
F0099-x-annual_income-bn,F0099,ration_card,bn,extraction,বার্ষিক আয় (টাকা)?,96000
F0099-x-annual_income-te,F0099,ration_card,te,extraction,వార్షిక ఆదాయం (రూ.)?,96000
F0099-x-annual_income-ta,F0099,ration_card,ta,extraction,ஆண்டு வருமானம் (ரூ.)?,96000
F0099-x-annual_income-mr,F0099,ration_card,mr,extraction,वार्षिक उत्पन्न (रु.)?,96000
F0099-x-annual_income-kn,F0099,ration_card,kn,extraction,ವಾರ್ಷಿಕ ಆದಾಯ (ರೂ.)?,96000
F0099-x-family_members-en,F0099,ration_card,en,extraction,Number of Family Members?,3
F0099-x-family_members-hi,F0099,ration_card,hi,extraction,परिवार के सदस्यों की संख्या?,3
F0099-x-family_members-bn,F0099,ration_card,bn,extraction,পরিবারের সদস্য সংখ্যা?,3
F0099-x-family_members-te,F0099,ration_card,te,extraction,కుటుంబ సభ్యుల సంఖ్య?,3
F0099-x-family_members-ta,F0099,ration_card,ta,extraction,குடும்ப உறுப்பினர்கள் எண்ணிக்கை?,3
F0099-x-family_members-mr,F0099,ration_card,mr,extraction,कुटुंब सदस्यांची संख्या?,3
F0099-x-family_members-kn,F0099,ration_card,kn,extraction,ಕುಟುಂಬ ಸದಸ್ಯರ ಸಂಖ್ಯೆ?,3
F0099-x-category-en,F0099,ration_card,en,extraction,Category?,ST
F0099-x-category-hi,F0099,ration_card,hi,extraction,श्रेणी?,ST
F0099-x-category-bn,F0099,ration_card,bn,extraction,শ্রেণী?,ST
F0099-x-category-te,F0099,ration_card,te,extraction,వర్గం?,ST
F0099-x-category-ta,F0099,ration_card,ta,extraction,பிரிவு?,ST
F0099-x-category-mr,F0099,ration_card,mr,extraction,प्रवर्ग?,ST
F0099-x-category-kn,F0099,ration_card,kn,extraction,ವರ್ಗ?,ST
F0099-r-elig-en,F0099,ration_card,en,reasoning,"Based on the income cap and household size rule, is this applicant eligible? Answer yes or no.",yes
F0099-r-elig-hi,F0099,ration_card,hi,reasoning,"आय सीमा और परिवार के आकार के नियम के आधार पर, क्या यह आवेदक पात्र है? हाँ या नहीं में उत्तर दें।",yes
F0099-r-elig-bn,F0099,ration_card,bn,reasoning,"আয়ের সীমা এবং পরিবারের আকারের নিয়ম অনুসারে, এই আবেদনকারী কি যোগ্য? হ্যাঁ বা না উত্তর দিন।",yes
F0099-r-elig-te,F0099,ration_card,te,reasoning,"ఆదాయ పరిమితి మరియు కుటుంబ పరిమాణ నియమం ఆధారంగా, ఈ దరఖాస్తుదారు అర్హులా? అవును లేదా కాదు అని సమాధానం ఇవ్వండి.",yes
F0099-r-elig-ta,F0099,ration_card,ta,reasoning,"வருமான வரம்பு மற்றும் குடும்ப அளவு விதியின் அடிப்படையில், இந்த விண்ணப்பதாரர் தகுதியானவரா? ஆம் அல்லது இல்லை என பதிலளிக்கவும்.",yes
F0099-r-elig-mr,F0099,ration_card,mr,reasoning,"उत्पन्न मर्यादा आणि कुटुंब आकाराच्या नियमानुसार, हा अर्जदार पात्र आहे का? होय किंवा नाही उत्तर द्या.",yes
F0099-r-elig-kn,F0099,ration_card,kn,reasoning,"ಆದಾಯ ಮಿತಿ ಮತ್ತು ಕುಟುಂಬ ಗಾತ್ರದ ನಿಯಮದ ಆಧಾರದ ಮೇಲೆ, ಈ ಅರ್ಜಿದಾರರು ಅರ್ಹರೇ? ಹೌದು ಅಥವಾ ಇಲ್ಲ ಎಂದು ಉತ್ತರಿಸಿ.",yes
F0100-x-applicant_name-en,F0100,ration_card,en,extraction,Applicant Name?,Ramesh Kumar
F0100-x-applicant_name-hi,F0100,ration_card,hi,extraction,आवेदक का नाम?,रमेश कुमार
F0100-x-applicant_name-bn,F0100,ration_card,bn,extraction,আবেদনকারীর নাম?,রমেশ কুমার
F0100-x-applicant_name-te,F0100,ration_card,te,extraction,దరఖాస్తుదారు పేరు?,రమేష్ కుమార్
F0100-x-applicant_name-ta,F0100,ration_card,ta,extraction,விண்ணப்பதாரர் பெயர்?,ரமேஷ் குமார்
F0100-x-applicant_name-mr,F0100,ration_card,mr,extraction,अर्जदाराचे नाव?,रमेश कुमार
F0100-x-applicant_name-kn,F0100,ration_card,kn,extraction,ಅರ್ಜಿದಾರರ ಹೆಸರು?,ರಮೇಶ್ ಕುಮಾರ್
F0100-x-district-en,F0100,ration_card,en,extraction,District?,Visakhapatnam
F0100-x-district-hi,F0100,ration_card,hi,extraction,जिला?,विशाखापत्तनम
F0100-x-district-bn,F0100,ration_card,bn,extraction,জেলা?,বিশাখাপত্তনম
F0100-x-district-te,F0100,ration_card,te,extraction,జిల్లా?,విశాఖపట్నం
F0100-x-district-ta,F0100,ration_card,ta,extraction,மாவட்டம்?,விசாகப்பட்டினம்
F0100-x-district-mr,F0100,ration_card,mr,extraction,जिल्हा?,विशाखापट्टणम
F0100-x-district-kn,F0100,ration_card,kn,extraction,ಜಿಲ್ಲೆ?,ವಿಶಾಖಪಟ್ಟಣಂ
F0100-x-annual_income-en,F0100,ration_card,en,extraction,Annual Income (Rs.)?,96000
F0100-x-annual_income-hi,F0100,ration_card,hi,extraction,वार्षिक आय (रु.)?,96000
F0100-x-annual_income-bn,F0100,ration_card,bn,extraction,বার্ষিক আয় (টাকা)?,96000
F0100-x-annual_income-te,F0100,ration_card,te,extraction,వార్షిక ఆదాయం (రూ.)?,96000
F0100-x-annual_income-ta,F0100,ration_card,ta,extraction,ஆண்டு வருமானம் (ரூ.)?,96000
F0100-x-annual_income-mr,F0100,ration_card,mr,extraction,वार्षिक उत्पन्न (रु.)?,96000
F0100-x-annual_income-kn,F0100,ration_card,kn,extraction,ವಾರ್ಷಿಕ ಆದಾಯ (ರೂ.)?,96000
F0100-x-family_members-en,F0100,ration_card,en,extraction,Number of Family Members?,6
F0100-x-family_members-hi,F0100,ration_card,hi,extraction,परिवार के सदस्यों की संख्या?,6
F0100-x-family_members-bn,F0100,ration_card,bn,extraction,পরিবারের সদস্য সংখ্যা?,6
F0100-x-family_members-te,F0100,ration_card,te,extraction,కుటుంబ సభ్యుల సంఖ్య?,6
F0100-x-family_members-ta,F0100,ration_card,ta,extraction,குடும்ப உறுப்பினர்கள் எண்ணிக்கை?,6
F0100-x-family_members-mr,F0100,ration_card,mr,extraction,कुटुंब सदस्यांची संख्या?,6
F0100-x-family_members-kn,F0100,ration_card,kn,extraction,ಕುಟುಂಬ ಸದಸ್ಯರ ಸಂಖ್ಯೆ?,6
F0100-x-category-en,F0100,ration_card,en,extraction,Category?,OBC
F0100-x-category-hi,F0100,ration_card,hi,extraction,श्रेणी?,OBC
F0100-x-category-bn,F0100,ration_card,bn,extraction,শ্রেণী?,OBC
F0100-x-category-te,F0100,ration_card,te,extraction,వర్గం?,OBC
F0100-x-category-ta,F0100,ration_card,ta,extraction,பிரிவு?,OBC
F0100-x-category-mr,F0100,ration_card,mr,extraction,प्रवर्ग?,OBC
F0100-x-category-kn,F0100,ration_card,kn,extraction,ವರ್ಗ?,OBC
F0100-r-elig-en,F0100,ration_card,en,reasoning,"Based on the income cap and household size rule, is this applicant eligible? Answer yes or no.",yes
F0100-r-elig-hi,F0100,ration_card,hi,reasoning,"आय सीमा और परिवार के आकार के नियम के आधार पर, क्या यह आवेदक पात्र है? हाँ या नहीं में उत्तर दें।",yes
F0100-r-elig-bn,F0100,ration_card,bn,reasoning,"আয়ের সীমা এবং পরিবারের আকারের নিয়ম অনুসারে, এই আবেদনকারী কি যোগ্য? হ্যাঁ বা না উত্তর দিন।",yes
F0100-r-elig-te,F0100,ration_card,te,reasoning,"ఆదాయ పరిమితి మరియు కుటుంబ పరిమాణ నియమం ఆధారంగా, ఈ దరఖాస్తుదారు అర్హులా? అవును లేదా కాదు అని సమాధానం ఇవ్వండి.",yes
F0100-r-elig-ta,F0100,ration_card,ta,reasoning,"வருமான வரம்பு மற்றும் குடும்ப அளவு விதியின் அடிப்படையில், இந்த விண்ணப்பதாரர் தகுதியானவரா? ஆம் அல்லது இல்லை என பதிலளிக்கவும்.",yes
F0100-r-elig-mr,F0100,ration_card,mr,reasoning,"उत्पन्न मर्यादा आणि कुटुंब आकाराच्या नियमानुसार, हा अर्जदार पात्र आहे का? होय किंवा नाही उत्तर द्या.",yes
F0100-r-elig-kn,F0100,ration_card,kn,reasoning,"ಆದಾಯ ಮಿತಿ ಮತ್ತು ಕುಟುಂಬ ಗಾತ್ರದ ನಿಯಮದ ಆಧಾರದ ಮೇಲೆ, ಈ ಅರ್ಜಿದಾರರು ಅರ್ಹರೇ? ಹೌದು ಅಥವಾ ಇಲ್ಲ ಎಂದು ಉತ್ತರಿಸಿ.",yes
F0101-x-applicant_name-en,F0101,old_age_pension,en,extraction,Applicant Name?,Meena Kumari
F0101-x-applicant_name-hi,F0101,old_age_pension,hi,extraction,आवेदक का नाम?,मीना कुमारी
F0101-x-applicant_name-bn,F0101,old_age_pension,bn,extraction,আবেদনকারীর নাম?,মীনা কুমারী
F0101-x-applicant_name-te,F0101,old_age_pension,te,extraction,దరఖాస్తుదారు పేరు?,మీనా కుమారి
F0101-x-applicant_name-ta,F0101,old_age_pension,ta,extraction,விண்ணப்பதாரர் பெயர்?,மீனா குமாரி
F0101-x-applicant_name-mr,F0101,old_age_pension,mr,extraction,अर्जदाराचे नाव?,मीना कुमारी
F0101-x-applicant_name-kn,F0101,old_age_pension,kn,extraction,ಅರ್ಜಿದಾರರ ಹೆಸರು?,ಮೀನಾ ಕುಮಾರಿ
F0101-x-district-en,F0101,old_age_pension,en,extraction,District?,Visakhapatnam
F0101-x-district-hi,F0101,old_age_pension,hi,extraction,जिला?,विशाखापत्तनम
F0101-x-district-bn,F0101,old_age_pension,bn,extraction,জেলা?,বিশাখাপত্তনম
F0101-x-district-te,F0101,old_age_pension,te,extraction,జిల్లా?,విశాఖపట్నం
F0101-x-district-ta,F0101,old_age_pension,ta,extraction,மாவட்டம்?,விசாகப்பட்டினம்
F0101-x-district-mr,F0101,old_age_pension,mr,extraction,जिल्हा?,विशाखापट्टणम
F0101-x-district-kn,F0101,old_age_pension,kn,extraction,ಜಿಲ್ಲೆ?,ವಿಶಾಖಪಟ್ಟಣಂ
F0101-x-annual_income-en,F0101,old_age_pension,en,extraction,Annual Income (Rs.)?,145000
F0101-x-annual_income-hi,F0101,old_age_pension,hi,extraction,वार्षिक आय (रु.)?,145000
F0101-x-annual_income-bn,F0101,old_age_pension,bn,extraction,বার্ষিক আয় (টাকা)?,145000
F0101-x-annual_income-te,F0101,old_age_pension,te,extraction,వార్షిక ఆదాయం (రూ.)?,145000
F0101-x-annual_income-ta,F0101,old_age_pension,ta,extraction,ஆண்டு வருமானம் (ரூ.)?,145000
F0101-x-annual_income-mr,F0101,old_age_pension,mr,extraction,वार्षिक उत्पन्न (रु.)?,145000
F0101-x-annual_income-kn,F0101,old_age_pension,kn,extraction,ವಾರ್ಷಿಕ ಆದಾಯ (ರೂ.)?,145000
F0101-x-family_members-en,F0101,old_age_pension,en,extraction,Number of Family Members?,6
F0101-x-family_members-hi,F0101,old_age_pension,hi,extraction,परिवार के सदस्यों की संख्या?,6
F0101-x-family_members-bn,F0101,old_age_pension,bn,extraction,পরিবারের সদস্য সংখ্যা?,6
F0101-x-family_members-te,F0101,old_age_pension,te,extraction,కుటుంబ సభ్యుల సంఖ్య?,6
F0101-x-family_members-ta,F0101,old_age_pension,ta,extraction,குடும்ப உறுப்பினர்கள் எண்ணிக்கை?,6
F0101-x-family_members-mr,F0101,old_age_pension,mr,extraction,कुटुंब सदस्यांची संख्या?,6
F0101-x-family_members-kn,F0101,old_age_pension,kn,extraction,ಕುಟುಂಬ ಸದಸ್ಯರ ಸಂಖ್ಯೆ?,6
F0101-x-category-en,F0101,old_age_pension,en,extraction,Category?,OBC
F0101-x-category-hi,F0101,old_age_pension,hi,extraction,श्रेणी?,OBC
F0101-x-category-bn,F0101,old_age_pension,bn,extraction,শ্রেণী?,OBC
F0101-x-category-te,F0101,old_age_pension,te,extraction,వర్గం?,OBC
F0101-x-category-ta,F0101,old_age_pension,ta,extraction,பிரிவு?,OBC
F0101-x-category-mr,F0101,old_age_pension,mr,extraction,प्रवर्ग?,OBC
F0101-x-category-kn,F0101,old_age_pension,kn,extraction,ವರ್ಗ?,OBC
F0101-r-elig-en,F0101,old_age_pension,en,reasoning,"Based on the income cap and household size rule, is this applicant eligible? Answer yes or no.",no
F0101-r-elig-hi,F0101,old_age_pension,hi,reasoning,"आय सीमा और परिवार के आकार के नियम के आधार पर, क्या यह आवेदक पात्र है? हाँ या नहीं में उत्तर दें।",no
F0101-r-elig-bn,F0101,old_age_pension,bn,reasoning,"আয়ের সীমা এবং পরিবারের আকারের নিয়ম অনুসারে, এই আবেদনকারী কি যোগ্য? হ্যাঁ বা না উত্তর দিন।",no
F0101-r-elig-te,F0101,old_age_pension,te,reasoning,"ఆదాయ పరిమితి మరియు కుటుంబ పరిమాణ నియమం ఆధారంగా, ఈ దరఖాస్తుదారు అర్హులా? అవును లేదా కాదు అని సమాధానం ఇవ్వండి.",no
F0101-r-elig-ta,F0101,old_age_pension,ta,reasoning,"வருமான வரம்பு மற்றும் குடும்ப அளவு விதியின் அடிப்படையில், இந்த விண்ணப்பதாரர் தகுதியானவரா? ஆம் அல்லது இல்லை என பதிலளிக்கவும்.",no
F0101-r-elig-mr,F0101,old_age_pension,mr,reasoning,"उत्पन्न मर्यादा आणि कुटुंब आकाराच्या नियमानुसार, हा अर्जदार पात्र आहे का? होय किंवा नाही उत्तर द्या.",no
F0101-r-elig-kn,F0101,old_age_pension,kn,reasoning,"ಆದಾಯ ಮಿತಿ ಮತ್ತು ಕುಟುಂಬ ಗಾತ್ರದ ನಿಯಮದ ಆಧಾರದ ಮೇಲೆ, ಈ ಅರ್ಜಿದಾರರು ಅರ್ಹರೇ? ಹೌದು ಅಥವಾ ಇಲ್ಲ ಎಂದು ಉತ್ತರಿಸಿ.",no
F0102-x-applicant_name-en,F0102,scholarship,en,extraction,Applicant Name?,Ramesh Kumar
F0102-x-applicant_name-hi,F0102,scholarship,hi,extraction,आवेदक का नाम?,रमेश कुमार
F0102-x-applicant_name-bn,F0102,scholarship,bn,extraction,আবেদনকারীর নাম?,রমেশ কুমার
F0102-x-applicant_name-te,F0102,scholarship,te,extraction,దరఖాస్తుదారు పేరు?,రమేష్ కుమార్
F0102-x-applicant_name-ta,F0102,scholarship,ta,extraction,விண்ணப்பதாரர் பெயர்?,ரமேஷ் குமார்
F0102-x-applicant_name-mr,F0102,scholarship,mr,extraction,अर्जदाराचे नाव?,रमेश कुमार
F0102-x-applicant_name-kn,F0102,scholarship,kn,extraction,ಅರ್ಜಿದಾರರ ಹೆಸರು?,ರಮೇಶ್ ಕುಮಾರ್
F0102-x-district-en,F0102,scholarship,en,extraction,District?,Salem
F0102-x-district-hi,F0102,scholarship,hi,extraction,जिला?,सेलम
F0102-x-district-bn,F0102,scholarship,bn,extraction,জেলা?,সালেম
F0102-x-district-te,F0102,scholarship,te,extraction,జిల్లా?,సేలం
F0102-x-district-ta,F0102,scholarship,ta,extraction,மாவட்டம்?,சேலம்
F0102-x-district-mr,F0102,scholarship,mr,extraction,जिल्हा?,सेलम
F0102-x-district-kn,F0102,scholarship,kn,extraction,ಜಿಲ್ಲೆ?,ಸೇಲಂ
F0102-x-annual_income-en,F0102,scholarship,en,extraction,Annual Income (Rs.)?,96000
F0102-x-annual_income-hi,F0102,scholarship,hi,extraction,वार्षिक आय (रु.)?,96000
F0102-x-annual_income-bn,F0102,scholarship,bn,extraction,বার্ষিক আয় (টাকা)?,96000
F0102-x-annual_income-te,F0102,scholarship,te,extraction,వార్షిక ఆదాయం (రూ.)?,96000
F0102-x-annual_income-ta,F0102,scholarship,ta,extraction,ஆண்டு வருமானம் (ரூ.)?,96000
F0102-x-annual_income-mr,F0102,scholarship,mr,extraction,वार्षिक उत्पन्न (रु.)?,96000
F0102-x-annual_income-kn,F0102,scholarship,kn,extraction,ವಾರ್ಷಿಕ ಆದಾಯ (ರೂ.)?,96000
F0102-x-family_members-en,F0102,scholarship,en,extraction,Number of Family Members?,6
F0102-x-family_members-hi,F0102,scholarship,hi,extraction,परिवार के सदस्यों की संख्या?,6
F0102-x-family_members-bn,F0102,scholarship,bn,extraction,পরিবারের সদস্য সংখ্যা?,6
F0102-x-family_members-te,F0102,scholarship,te,extraction,కుటుంబ సభ్యుల సంఖ్య?,6
F0102-x-family_members-ta,F0102,scholarship,ta,extraction,குடும்ப உறுப்பினர்கள் எண்ணிக்கை?,6
F0102-x-family_members-mr,F0102,scholarship,mr,extraction,कुटुंब सदस्यांची संख्या?,6
F0102-x-family_members-kn,F0102,scholarship,kn,extraction,ಕುಟುಂಬ ಸದಸ್ಯರ ಸಂಖ್ಯೆ?,6
F0102-x-category-en,F0102,scholarship,en,extraction,Category?,OBC
F0102-x-category-hi,F0102,scholarship,hi,extraction,श्रेणी?,OBC
F0102-x-category-bn,F0102,scholarship,bn,extraction,শ্রেণী?,OBC
F0102-x-category-te,F0102,scholarship,te,extraction,వర్గం?,OBC
F0102-x-category-ta,F0102,scholarship,ta,extraction,பிரிவு?,OBC
F0102-x-category-mr,F0102,scholarship,mr,extraction,प्रवर्ग?,OBC
F0102-x-category-kn,F0102,scholarship,kn,extraction,ವರ್ಗ?,OBC
F0102-r-elig-en,F0102,scholarship,en,reasoning,"Based on the income cap and household size rule, is this applicant eligible? Answer yes or no.",yes
F0102-r-elig-hi,F0102,scholarship,hi,reasoning,"आय सीमा और परिवार के आकार के नियम के आधार पर, क्या यह आवेदक पात्र है? हाँ या नहीं में उत्तर दें।",yes
F0102-r-elig-bn,F0102,scholarship,bn,reasoning,"আয়ের সীমা এবং পরিবারের আকারের নিয়ম অনুসারে, এই আবেদনকারী কি যোগ্য? হ্যাঁ বা না উত্তর দিন।",yes
F0102-r-elig-te,F0102,scholarship,te,reasoning,"ఆదాయ పరిమితి మరియు కుటుంబ పరిమాణ నియమం ఆధారంగా, ఈ దరఖాస్తుదారు అర్హులా? అవును లేదా కాదు అని సమాధానం ఇవ్వండి.",yes
F0102-r-elig-ta,F0102,scholarship,ta,reasoning,"வருமான வரம்பு மற்றும் குடும்ப அளவு விதியின் அடிப்படையில், இந்த விண்ணப்பதாரர் தகுதியானவரா? ஆம் அல்லது இல்லை என பதிலளிக்கவும்.",yes
F0102-r-elig-mr,F0102,scholarship,mr,reasoning,"उत्पन्न मर्यादा आणि कुटुंब आकाराच्या नियमानुसार, हा अर्जदार पात्र आहे का? होय किंवा नाही उत्तर द्या.",yes
F0102-r-elig-kn,F0102,scholarship,kn,reasoning,"ಆದಾಯ ಮಿತಿ ಮತ್ತು ಕುಟುಂಬ ಗಾತ್ರದ ನಿಯಮದ ಆಧಾರದ ಮೇಲೆ, ಈ ಅರ್ಜಿದಾರರು ಅರ್ಹರೇ? ಹೌದು ಅಥವಾ ಇಲ್ಲ ಎಂದು ಉತ್ತರಿಸಿ.",yes
F0103-x-applicant_name-en,F0103,scholarship,en,extraction,Applicant Name?,Anjali Patil
F0103-x-applicant_name-hi,F0103,scholarship,hi,extraction,आवेदक का नाम?,अंजली पाटील
F0103-x-applicant_name-bn,F0103,scholarship,bn,extraction,আবেদনকারীর নাম?,অঞ্জলি পাটিল
F0103-x-applicant_name-te,F0103,scholarship,te,extraction,దరఖాస్తుదారు పేరు?,అంజలి పాటిల్
F0103-x-applicant_name-ta,F0103,scholarship,ta,extraction,விண்ணப்பதாரர் பெயர்?,அஞ்சலி பாட்டீல்
F0103-x-applicant_name-mr,F0103,scholarship,mr,extraction,अर्जदाराचे नाव?,अंजली पाटील
F0103-x-applicant_name-kn,F0103,scholarship,kn,extraction,ಅರ್ಜಿದಾರರ ಹೆಸರು?,ಅಂಜಲಿ ಪಾಟೀಲ್
F0103-x-district-en,F0103,scholarship,en,extraction,District?,Nashik
F0103-x-district-hi,F0103,scholarship,hi,extraction,जिला?,नाशिक
F0103-x-district-bn,F0103,scholarship,bn,extraction,জেলা?,নাসিক
F0103-x-district-te,F0103,scholarship,te,extraction,జిల్లా?,నాసిక్
F0103-x-district-ta,F0103,scholarship,ta,extraction,மாவட்டம்?,நாசிக்
F0103-x-district-mr,F0103,scholarship,mr,extraction,जिल्हा?,नाशिक
F0103-x-district-kn,F0103,scholarship,kn,extraction,ಜಿಲ್ಲೆ?,ನಾಸಿಕ್
F0103-x-annual_income-en,F0103,scholarship,en,extraction,Annual Income (Rs.)?,96000
F0103-x-annual_income-hi,F0103,scholarship,hi,extraction,वार्षिक आय (रु.)?,96000
F0103-x-annual_income-bn,F0103,scholarship,bn,extraction,বার্ষিক আয় (টাকা)?,96000
F0103-x-annual_income-te,F0103,scholarship,te,extraction,వార్షిక ఆదాయం (రూ.)?,96000
F0103-x-annual_income-ta,F0103,scholarship,ta,extraction,ஆண்டு வருமானம் (ரூ.)?,96000
F0103-x-annual_income-mr,F0103,scholarship,mr,extraction,वार्षिक उत्पन्न (रु.)?,96000
F0103-x-annual_income-kn,F0103,scholarship,kn,extraction,ವಾರ್ಷಿಕ ಆದಾಯ (ರೂ.)?,96000
F0103-x-family_members-en,F0103,scholarship,en,extraction,Number of Family Members?,8
F0103-x-family_members-hi,F0103,scholarship,hi,extraction,परिवार के सदस्यों की संख्या?,8
F0103-x-family_members-bn,F0103,scholarship,bn,extraction,পরিবারের সদস্য সংখ্যা?,8
F0103-x-family_members-te,F0103,scholarship,te,extraction,కుటుంబ సభ్యుల సంఖ్య?,8
F0103-x-family_members-ta,F0103,scholarship,ta,extraction,குடும்ப உறுப்பினர்கள் எண்ணிக்கை?,8
F0103-x-family_members-mr,F0103,scholarship,mr,extraction,कुटुंब सदस्यांची संख्या?,8
F0103-x-family_members-kn,F0103,scholarship,kn,extraction,ಕುಟುಂಬ ಸದಸ್ಯರ ಸಂಖ್ಯೆ?,8
F0103-x-category-en,F0103,scholarship,en,extraction,Category?,General
F0103-x-category-hi,F0103,scholarship,hi,extraction,श्रेणी?,General
F0103-x-category-bn,F0103,scholarship,bn,extraction,শ্রেণী?,General
F0103-x-category-te,F0103,scholarship,te,extraction,వర్గం?,General
F0103-x-category-ta,F0103,scholarship,ta,extraction,பிரிவு?,General
F0103-x-category-mr,F0103,scholarship,mr,extraction,प्रवर्ग?,General
F0103-x-category-kn,F0103,scholarship,kn,extraction,ವರ್ಗ?,General
F0103-r-elig-en,F0103,scholarship,en,reasoning,"Based on the income cap and household size rule, is this applicant eligible? Answer yes or no.",yes
F0103-r-elig-hi,F0103,scholarship,hi,reasoning,"आय सीमा और परिवार के आकार के नियम के आधार पर, क्या यह आवेदक पात्र है? हाँ या नहीं में उत्तर दें।",yes
F0103-r-elig-bn,F0103,scholarship,bn,reasoning,"আয়ের সীমা এবং পরিবারের আকারের নিয়ম অনুসারে, এই আবেদনকারী কি যোগ্য? হ্যাঁ বা না উত্তর দিন।",yes
F0103-r-elig-te,F0103,scholarship,te,reasoning,"ఆదాయ పరిమితి మరియు కుటుంబ పరిమాణ నియమం ఆధారంగా, ఈ దరఖాస్తుదారు అర్హులా? అవును లేదా కాదు అని సమాధానం ఇవ్వండి.",yes
F0103-r-elig-ta,F0103,scholarship,ta,reasoning,"வருமான வரம்பு மற்றும் குடும்ப அளவு விதியின் அடிப்படையில், இந்த விண்ணப்பதாரர் தகுதியானவரா? ஆம் அல்லது இல்லை என பதிலளிக்கவும்.",yes
F0103-r-elig-mr,F0103,scholarship,mr,reasoning,"उत्पन्न मर्यादा आणि कुटुंब आकाराच्या नियमानुसार, हा अर्जदार पात्र आहे का? होय किंवा नाही उत्तर द्या.",yes
F0103-r-elig-kn,F0103,scholarship,kn,reasoning,"ಆದಾಯ ಮಿತಿ ಮತ್ತು ಕುಟುಂಬ ಗಾತ್ರದ ನಿಯಮದ ಆಧಾರದ ಮೇಲೆ, ಈ ಅರ್ಜಿದಾರರು ಅರ್ಹರೇ? ಹೌದು ಅಥವಾ ಇಲ್ಲ ಎಂದು ಉತ್ತರಿಸಿ.",yes
F0104-x-applicant_name-en,F0104,old_age_pension,en,extraction,Applicant Name?,Venkat Reddy
F0104-x-applicant_name-hi,F0104,old_age_pension,hi,extraction,आवेदक का नाम?,वेंकट रेड्डी
F0104-x-applicant_name-bn,F0104,old_age_pension,bn,extraction,আবেদনকারীর নাম?,ভেঙ্কট রেড্ডি
F0104-x-applicant_name-te,F0104,old_age_pension,te,extraction,దరఖాస్తుదారు పేరు?,వెంకట్ రెడ్డి
F0104-x-applicant_name-ta,F0104,old_age_pension,ta,extraction,விண்ணப்பதாரர் பெயர்?,வெங்கட் ரெட்டி
F0104-x-applicant_name-mr,F0104,old_age_pension,mr,extraction,अर्जदाराचे नाव?,वेंकट रेड्डी
F0104-x-applicant_name-kn,F0104,old_age_pension,kn,extraction,ಅರ್ಜಿದಾರರ ಹೆಸರು?,ವೆಂಕಟ್ ರೆಡ್ಡಿ
F0104-x-district-en,F0104,old_age_pension,en,extraction,District?,Guntur
F0104-x-district-hi,F0104,old_age_pension,hi,extraction,जिला?,गुंटूर
F0104-x-district-bn,F0104,old_age_pension,bn,extraction,জেলা?,গুন্টুর
F0104-x-district-te,F0104,old_age_pension,te,extraction,జిల్లా?,గుంటూరు
F0104-x-district-ta,F0104,old_age_pension,ta,extraction,மாவட்டம்?,குண்டூர்
F0104-x-district-mr,F0104,old_age_pension,mr,extraction,जिल्हा?,गुंटूर
F0104-x-district-kn,F0104,old_age_pension,kn,extraction,ಜಿಲ್ಲೆ?,ಗುಂಟೂರು
F0104-x-annual_income-en,F0104,old_age_pension,en,extraction,Annual Income (Rs.)?,96000
F0104-x-annual_income-hi,F0104,old_age_pension,hi,extraction,वार्षिक आय (रु.)?,96000
F0104-x-annual_income-bn,F0104,old_age_pension,bn,extraction,বার্ষিক আয় (টাকা)?,96000
F0104-x-annual_income-te,F0104,old_age_pension,te,extraction,వార్షిక ఆదాయం (రూ.)?,96000
F0104-x-annual_income-ta,F0104,old_age_pension,ta,extraction,ஆண்டு வருமானம் (ரூ.)?,96000
F0104-x-annual_income-mr,F0104,old_age_pension,mr,extraction,वार्षिक उत्पन्न (रु.)?,96000
F0104-x-annual_income-kn,F0104,old_age_pension,kn,extraction,ವಾರ್ಷಿಕ ಆದಾಯ (ರೂ.)?,96000
F0104-x-family_members-en,F0104,old_age_pension,en,extraction,Number of Family Members?,3
F0104-x-family_members-hi,F0104,old_age_pension,hi,extraction,परिवार के सदस्यों की संख्या?,3
F0104-x-family_members-bn,F0104,old_age_pension,bn,extraction,পরিবারের সদস্য সংখ্যা?,3
F0104-x-family_members-te,F0104,old_age_pension,te,extraction,కుటుంబ సభ్యుల సంఖ్య?,3
F0104-x-family_members-ta,F0104,old_age_pension,ta,extraction,குடும்ப உறுப்பினர்கள் எண்ணிக்கை?,3
F0104-x-family_members-mr,F0104,old_age_pension,mr,extraction,कुटुंब सदस्यांची संख्या?,3
F0104-x-family_members-kn,F0104,old_age_pension,kn,extraction,ಕುಟುಂಬ ಸದಸ್ಯರ ಸಂಖ್ಯೆ?,3
F0104-x-category-en,F0104,old_age_pension,en,extraction,Category?,ST
F0104-x-category-hi,F0104,old_age_pension,hi,extraction,श्रेणी?,ST
F0104-x-category-bn,F0104,old_age_pension,bn,extraction,শ্রেণী?,ST
F0104-x-category-te,F0104,old_age_pension,te,extraction,వర్గం?,ST
F0104-x-category-ta,F0104,old_age_pension,ta,extraction,பிரிவு?,ST
F0104-x-category-mr,F0104,old_age_pension,mr,extraction,प्रवर्ग?,ST
F0104-x-category-kn,F0104,old_age_pension,kn,extraction,ವರ್ಗ?,ST
F0104-r-elig-en,F0104,old_age_pension,en,reasoning,"Based on the income cap and household size rule, is this applicant eligible? Answer yes or no.",no
F0104-r-elig-hi,F0104,old_age_pension,hi,reasoning,"आय सीमा और परिवार के आकार के नियम के आधार पर, क्या यह आवेदक पात्र है? हाँ या नहीं में उत्तर दें।",no
F0104-r-elig-bn,F0104,old_age_pension,bn,reasoning,"আয়ের সীমা এবং পরিবারের আকারের নিয়ম অনুসারে, এই আবেদনকারী কি যোগ্য? হ্যাঁ বা না উত্তর দিন।",no
F0104-r-elig-te,F0104,old_age_pension,te,reasoning,"ఆదాయ పరిమితి మరియు కుటుంబ పరిమాణ నియమం ఆధారంగా, ఈ దరఖాస్తుదారు అర్హులా? అవును లేదా కాదు అని సమాధానం ఇవ్వండి.",no
F0104-r-elig-ta,F0104,old_age_pension,ta,reasoning,"வருமான வரம்பு மற்றும் குடும்ப அளவு விதியின் அடிப்படையில், இந்த விண்ணப்பதாரர் தகுதியானவரா? ஆம் அல்லது இல்லை என பதிலளிக்கவும்.",no
F0104-r-elig-mr,F0104,old_age_pension,mr,reasoning,"उत्पन्न मर्यादा आणि कुटुंब आकाराच्या नियमानुसार, हा अर्जदार पात्र आहे का? होय किंवा नाही उत्तर द्या.",no
F0104-r-elig-kn,F0104,old_age_pension,kn,reasoning,"ಆದಾಯ ಮಿತಿ ಮತ್ತು ಕುಟುಂಬ ಗಾತ್ರದ ನಿಯಮದ ಆಧಾರದ ಮೇಲೆ, ಈ ಅರ್ಜಿದಾರರು ಅರ್ಹರೇ? ಹೌದು ಅಥವಾ ಇಲ್ಲ ಎಂದು ಉತ್ತರಿಸಿ.",no
F0105-x-applicant_name-en,F0105,old_age_pension,en,extraction,Applicant Name?,Arjun Nair
F0105-x-applicant_name-hi,F0105,old_age_pension,hi,extraction,आवेदक का नाम?,अर्जुन नायर
F0105-x-applicant_name-bn,F0105,old_age_pension,bn,extraction,আবেদনকারীর নাম?,অর্জুন নায়ার
F0105-x-applicant_name-te,F0105,old_age_pension,te,extraction,దరఖాస్తుదారు పేరు?,అర్జున్ నాయర్
F0105-x-applicant_name-ta,F0105,old_age_pension,ta,extraction,விண்ணப்பதாரர் பெயர்?,அர்ஜுன் நாயர்
F0105-x-applicant_name-mr,F0105,old_age_pension,mr,extraction,अर्जदाराचे नाव?,अर्जुन नायर
F0105-x-applicant_name-kn,F0105,old_age_pension,kn,extraction,ಅರ್ಜಿದಾರರ ಹೆಸರು?,ಅರ್ಜುನ್ ನಾಯರ್
F0105-x-district-en,F0105,old_age_pension,en,extraction,District?,Nashik
F0105-x-district-hi,F0105,old_age_pension,hi,extraction,जिला?,नाशिक
F0105-x-district-bn,F0105,old_age_pension,bn,extraction,জেলা?,নাসিক
F0105-x-district-te,F0105,old_age_pension,te,extraction,జిల్లా?,నాసిక్
F0105-x-district-ta,F0105,old_age_pension,ta,extraction,மாவட்டம்?,நாசிக்
F0105-x-district-mr,F0105,old_age_pension,mr,extraction,जिल्हा?,नाशिक
F0105-x-district-kn,F0105,old_age_pension,kn,extraction,ಜಿಲ್ಲೆ?,ನಾಸಿಕ್
F0105-x-annual_income-en,F0105,old_age_pension,en,extraction,Annual Income (Rs.)?,232000
F0105-x-annual_income-hi,F0105,old_age_pension,hi,extraction,वार्षिक आय (रु.)?,232000
F0105-x-annual_income-bn,F0105,old_age_pension,bn,extraction,বার্ষিক আয় (টাকা)?,232000
F0105-x-annual_income-te,F0105,old_age_pension,te,extraction,వార్షిక ఆదాయం (రూ.)?,232000
F0105-x-annual_income-ta,F0105,old_age_pension,ta,extraction,ஆண்டு வருமானம் (ரூ.)?,232000
F0105-x-annual_income-mr,F0105,old_age_pension,mr,extraction,वार्षिक उत्पन्न (रु.)?,232000
F0105-x-annual_income-kn,F0105,old_age_pension,kn,extraction,ವಾರ್ಷಿಕ ಆದಾಯ (ರೂ.)?,232000
F0105-x-family_members-en,F0105,old_age_pension,en,extraction,Number of Family Members?,5
F0105-x-family_members-hi,F0105,old_age_pension,hi,extraction,परिवार के सदस्यों की संख्या?,5
F0105-x-family_members-bn,F0105,old_age_pension,bn,extraction,পরিবারের সদস্য সংখ্যা?,5
F0105-x-family_members-te,F0105,old_age_pension,te,extraction,కుటుంబ సభ్యుల సంఖ్య?,5
F0105-x-family_members-ta,F0105,old_age_pension,ta,extraction,குடும்ப உறுப்பினர்கள் எண்ணிக்கை?,5
F0105-x-family_members-mr,F0105,old_age_pension,mr,extraction,कुटुंब सदस्यांची संख्या?,5
F0105-x-family_members-kn,F0105,old_age_pension,kn,extraction,ಕುಟುಂಬ ಸದಸ್ಯರ ಸಂಖ್ಯೆ?,5
F0105-x-category-en,F0105,old_age_pension,en,extraction,Category?,EWS
F0105-x-category-hi,F0105,old_age_pension,hi,extraction,श्रेणी?,EWS
F0105-x-category-bn,F0105,old_age_pension,bn,extraction,শ্রেণী?,EWS
F0105-x-category-te,F0105,old_age_pension,te,extraction,వర్గం?,EWS
F0105-x-category-ta,F0105,old_age_pension,ta,extraction,பிரிவு?,EWS
F0105-x-category-mr,F0105,old_age_pension,mr,extraction,प्रवर्ग?,EWS
F0105-x-category-kn,F0105,old_age_pension,kn,extraction,ವರ್ಗ?,EWS
F0105-r-elig-en,F0105,old_age_pension,en,reasoning,"Based on the income cap and household size rule, is this applicant eligible? Answer yes or no.",no
F0105-r-elig-hi,F0105,old_age_pension,hi,reasoning,"आय सीमा और परिवार के आकार के नियम के आधार पर, क्या यह आवेदक पात्र है? हाँ या नहीं में उत्तर दें।",no
F0105-r-elig-bn,F0105,old_age_pension,bn,reasoning,"আয়ের সীমা এবং পরিবারের আকারের নিয়ম অনুসারে, এই আবেদনকারী কি যোগ্য? হ্যাঁ বা না উত্তর দিন।",no
F0105-r-elig-te,F0105,old_age_pension,te,reasoning,"ఆదాయ పరిమితి మరియు కుటుంబ పరిమాణ నియమం ఆధారంగా, ఈ దరఖాస్తుదారు అర్హులా? అవును లేదా కాదు అని సమాధానం ఇవ్వండి.",no
F0105-r-elig-ta,F0105,old_age_pension,ta,reasoning,"வருமான வரம்பு மற்றும் குடும்ப அளவு விதியின் அடிப்படையில், இந்த விண்ணப்பதாரர் தகுதியானவரா? ஆம் அல்லது இல்லை என பதிலளிக்கவும்.",no
F0105-r-elig-mr,F0105,old_age_pension,mr,reasoning,"उत्पन्न मर्यादा आणि कुटुंब आकाराच्या नियमानुसार, हा अर्जदार पात्र आहे का? होय किंवा नाही उत्तर द्या.",no
F0105-r-elig-kn,F0105,old_age_pension,kn,reasoning,"ಆದಾಯ ಮಿತಿ ಮತ್ತು ಕುಟುಂಬ ಗಾತ್ರದ ನಿಯಮದ ಆಧಾರದ ಮೇಲೆ, ಈ ಅರ್ಜಿದಾರರು ಅರ್ಹರೇ? ಹೌದು ಅಥವಾ ಇಲ್ಲ ಎಂದು ಉತ್ತರಿಸಿ.",no
F0106-x-applicant_name-en,F0106,ration_card,en,extraction,Applicant Name?,Anjali Patil
F0106-x-applicant_name-hi,F0106,ration_card,hi,extraction,आवेदक का नाम?,अंजली पाटील
F0106-x-applicant_name-bn,F0106,ration_card,bn,extraction,আবেদনকারীর নাম?,অঞ্জলি পাটিল
F0106-x-applicant_name-te,F0106,ration_card,te,extraction,దరఖాస్తుదారు పేరు?,అంజలి పాటిల్
F0106-x-applicant_name-ta,F0106,ration_card,ta,extraction,விண்ணப்பதாரர் பெயர்?,அஞ்சலி பாட்டீல்
F0106-x-applicant_name-mr,F0106,ration_card,mr,extraction,अर्जदाराचे नाव?,अंजली पाटील
F0106-x-applicant_name-kn,F0106,ration_card,kn,extraction,ಅರ್ಜಿದಾರರ ಹೆಸರು?,ಅಂಜಲಿ ಪಾಟೀಲ್
F0106-x-district-en,F0106,ration_card,en,extraction,District?,Nashik
F0106-x-district-hi,F0106,ration_card,hi,extraction,जिला?,नाशिक
F0106-x-district-bn,F0106,ration_card,bn,extraction,জেলা?,নাসিক
F0106-x-district-te,F0106,ration_card,te,extraction,జిల్లా?,నాసిక్
F0106-x-district-ta,F0106,ration_card,ta,extraction,மாவட்டம்?,நாசிக்
F0106-x-district-mr,F0106,ration_card,mr,extraction,जिल्हा?,नाशिक
F0106-x-district-kn,F0106,ration_card,kn,extraction,ಜಿಲ್ಲೆ?,ನಾಸಿಕ್
F0106-x-annual_income-en,F0106,ration_card,en,extraction,Annual Income (Rs.)?,145000
F0106-x-annual_income-hi,F0106,ration_card,hi,extraction,वार्षिक आय (रु.)?,145000
F0106-x-annual_income-bn,F0106,ration_card,bn,extraction,বার্ষিক আয় (টাকা)?,145000
F0106-x-annual_income-te,F0106,ration_card,te,extraction,వార్షిక ఆదాయం (రూ.)?,145000
F0106-x-annual_income-ta,F0106,ration_card,ta,extraction,ஆண்டு வருமானம் (ரூ.)?,145000
F0106-x-annual_income-mr,F0106,ration_card,mr,extraction,वार्षिक उत्पन्न (रु.)?,145000
F0106-x-annual_income-kn,F0106,ration_card,kn,extraction,ವಾರ್ಷಿಕ ಆದಾಯ (ರೂ.)?,145000
F0106-x-family_members-en,F0106,ration_card,en,extraction,Number of Family Members?,7
F0106-x-family_members-hi,F0106,ration_card,hi,extraction,परिवार के सदस्यों की संख्या?,7
F0106-x-family_members-bn,F0106,ration_card,bn,extraction,পরিবারের সদস্য সংখ্যা?,7
F0106-x-family_members-te,F0106,ration_card,te,extraction,కుటుంబ సభ్యుల సంఖ్య?,7
F0106-x-family_members-ta,F0106,ration_card,ta,extraction,குடும்ப உறுப்பினர்கள் எண்ணிக்கை?,7
F0106-x-family_members-mr,F0106,ration_card,mr,extraction,कुटुंब सदस्यांची संख्या?,7
F0106-x-family_members-kn,F0106,ration_card,kn,extraction,ಕುಟುಂಬ ಸದಸ್ಯರ ಸಂಖ್ಯೆ?,7
F0106-x-category-en,F0106,ration_card,en,extraction,Category?,SC
F0106-x-category-hi,F0106,ration_card,hi,extraction,श्रेणी?,SC
F0106-x-category-bn,F0106,ration_card,bn,extraction,শ্রেণী?,SC
F0106-x-category-te,F0106,ration_card,te,extraction,వర్గం?,SC
F0106-x-category-ta,F0106,ration_card,ta,extraction,பிரிவு?,SC
F0106-x-category-mr,F0106,ration_card,mr,extraction,प्रवर्ग?,SC
F0106-x-category-kn,F0106,ration_card,kn,extraction,ವರ್ಗ?,SC
F0106-r-elig-en,F0106,ration_card,en,reasoning,"Based on the income cap and household size rule, is this applicant eligible? Answer yes or no.",no
F0106-r-elig-hi,F0106,ration_card,hi,reasoning,"आय सीमा और परिवार के आकार के नियम के आधार पर, क्या यह आवेदक पात्र है? हाँ या नहीं में उत्तर दें।",no
F0106-r-elig-bn,F0106,ration_card,bn,reasoning,"আয়ের সীমা এবং পরিবারের আকারের নিয়ম অনুসারে, এই আবেদনকারী কি যোগ্য? হ্যাঁ বা না উত্তর দিন।",no
F0106-r-elig-te,F0106,ration_card,te,reasoning,"ఆదాయ పరిమితి మరియు కుటుంబ పరిమాణ నియమం ఆధారంగా, ఈ దరఖాస్తుదారు అర్హులా? అవును లేదా కాదు అని సమాధానం ఇవ్వండి.",no
F0106-r-elig-ta,F0106,ration_card,ta,reasoning,"வருமான வரம்பு மற்றும் குடும்ப அளவு விதியின் அடிப்படையில், இந்த விண்ணப்பதாரர் தகுதியானவரா? ஆம் அல்லது இல்லை என பதிலளிக்கவும்.",no
F0106-r-elig-mr,F0106,ration_card,mr,reasoning,"उत्पन्न मर्यादा आणि कुटुंब आकाराच्या नियमानुसार, हा अर्जदार पात्र आहे का? होय किंवा नाही उत्तर द्या.",no
F0106-r-elig-kn,F0106,ration_card,kn,reasoning,"ಆದಾಯ ಮಿತಿ ಮತ್ತು ಕುಟುಂಬ ಗಾತ್ರದ ನಿಯಮದ ಆಧಾರದ ಮೇಲೆ, ಈ ಅರ್ಜಿದಾರರು ಅರ್ಹರೇ? ಹೌದು ಅಥವಾ ಇಲ್ಲ ಎಂದು ಉತ್ತರಿಸಿ.",no
F0107-x-applicant_name-en,F0107,scholarship,en,extraction,Applicant Name?,Arjun Nair
F0107-x-applicant_name-hi,F0107,scholarship,hi,extraction,आवेदक का नाम?,अर्जुन नायर
F0107-x-applicant_name-bn,F0107,scholarship,bn,extraction,আবেদনকারীর নাম?,অর্জুন নায়ার
F0107-x-applicant_name-te,F0107,scholarship,te,extraction,దరఖాస్తుదారు పేరు?,అర్జున్ నాయర్
F0107-x-applicant_name-ta,F0107,scholarship,ta,extraction,விண்ணப்பதாரர் பெயர்?,அர்ஜுன் நாயர்
F0107-x-applicant_name-mr,F0107,scholarship,mr,extraction,अर्जदाराचे नाव?,अर्जुन नायर
F0107-x-applicant_name-kn,F0107,scholarship,kn,extraction,ಅರ್ಜಿದಾರರ ಹೆಸರು?,ಅರ್ಜುನ್ ನಾಯರ್
F0107-x-district-en,F0107,scholarship,en,extraction,District?,Salem
F0107-x-district-hi,F0107,scholarship,hi,extraction,जिला?,सेलम
F0107-x-district-bn,F0107,scholarship,bn,extraction,জেলা?,সালেম
F0107-x-district-te,F0107,scholarship,te,extraction,జిల్లా?,సేలం
F0107-x-district-ta,F0107,scholarship,ta,extraction,மாவட்டம்?,சேலம்
F0107-x-district-mr,F0107,scholarship,mr,extraction,जिल्हा?,सेलम
F0107-x-district-kn,F0107,scholarship,kn,extraction,ಜಿಲ್ಲೆ?,ಸೇಲಂ
F0107-x-annual_income-en,F0107,scholarship,en,extraction,Annual Income (Rs.)?,96000
F0107-x-annual_income-hi,F0107,scholarship,hi,extraction,वार्षिक आय (रु.)?,96000
F0107-x-annual_income-bn,F0107,scholarship,bn,extraction,বার্ষিক আয় (টাকা)?,96000
F0107-x-annual_income-te,F0107,scholarship,te,extraction,వార్షిక ఆదాయం (రూ.)?,96000
F0107-x-annual_income-ta,F0107,scholarship,ta,extraction,ஆண்டு வருமானம் (ரூ.)?,96000
F0107-x-annual_income-mr,F0107,scholarship,mr,extraction,वार्षिक उत्पन्न (रु.)?,96000
F0107-x-annual_income-kn,F0107,scholarship,kn,extraction,ವಾರ್ಷಿಕ ಆದಾಯ (ರೂ.)?,96000
F0107-x-family_members-en,F0107,scholarship,en,extraction,Number of Family Members?,2
F0107-x-family_members-hi,F0107,scholarship,hi,extraction,परिवार के सदस्यों की संख्या?,2
F0107-x-family_members-bn,F0107,scholarship,bn,extraction,পরিবারের সদস্য সংখ্যা?,2
F0107-x-family_members-te,F0107,scholarship,te,extraction,కుటుంబ సభ్యుల సంఖ్య?,2
F0107-x-family_members-ta,F0107,scholarship,ta,extraction,குடும்ப உறுப்பினர்கள் எண்ணிக்கை?,2
F0107-x-family_members-mr,F0107,scholarship,mr,extraction,कुटुंब सदस्यांची संख्या?,2
F0107-x-family_members-kn,F0107,scholarship,kn,extraction,ಕುಟುಂಬ ಸದಸ್ಯರ ಸಂಖ್ಯೆ?,2
F0107-x-category-en,F0107,scholarship,en,extraction,Category?,General
F0107-x-category-hi,F0107,scholarship,hi,extraction,श्रेणी?,General
F0107-x-category-bn,F0107,scholarship,bn,extraction,শ্রেণী?,General
F0107-x-category-te,F0107,scholarship,te,extraction,వర్గం?,General
F0107-x-category-ta,F0107,scholarship,ta,extraction,பிரிவு?,General
F0107-x-category-mr,F0107,scholarship,mr,extraction,प्रवर्ग?,General
F0107-x-category-kn,F0107,scholarship,kn,extraction,ವರ್ಗ?,General
F0107-r-elig-en,F0107,scholarship,en,reasoning,"Based on the income cap and household size rule, is this applicant eligible? Answer yes or no.",yes
F0107-r-elig-hi,F0107,scholarship,hi,reasoning,"आय सीमा और परिवार के आकार के नियम के आधार पर, क्या यह आवेदक पात्र है? हाँ या नहीं में उत्तर दें।",yes
F0107-r-elig-bn,F0107,scholarship,bn,reasoning,"আয়ের সীমা এবং পরিবারের আকারের নিয়ম অনুসারে, এই আবেদনকারী কি যোগ্য? হ্যাঁ বা না উত্তর দিন।",yes
F0107-r-elig-te,F0107,scholarship,te,reasoning,"ఆదాయ పరిమితి మరియు కుటుంబ పరిమాణ నియమం ఆధారంగా, ఈ దరఖాస్తుదారు అర్హులా? అవును లేదా కాదు అని సమాధానం ఇవ్వండి.",yes
F0107-r-elig-ta,F0107,scholarship,ta,reasoning,"வருமான வரம்பு மற்றும் குடும்ப அளவு விதியின் அடிப்படையில், இந்த விண்ணப்பதாரர் தகுதியானவரா? ஆம் அல்லது இல்லை என பதிலளிக்கவும்.",yes
F0107-r-elig-mr,F0107,scholarship,mr,reasoning,"उत्पन्न मर्यादा आणि कुटुंब आकाराच्या नियमानुसार, हा अर्जदार पात्र आहे का? होय किंवा नाही उत्तर द्या.",yes
F0107-r-elig-kn,F0107,scholarship,kn,reasoning,"ಆದಾಯ ಮಿತಿ ಮತ್ತು ಕುಟುಂಬ ಗಾತ್ರದ ನಿಯಮದ ಆಧಾರದ ಮೇಲೆ, ಈ ಅರ್ಜಿದಾರರು ಅರ್ಹರೇ? ಹೌದು ಅಥವಾ ಇಲ್ಲ ಎಂದು ಉತ್ತರಿಸಿ.",yes
F0108-x-applicant_name-en,F0108,scholarship,en,extraction,Applicant Name?,Fatima Begum
F0108-x-applicant_name-hi,F0108,scholarship,hi,extraction,आवेदक का नाम?,फ़ातिमा बेगम
F0108-x-applicant_name-bn,F0108,scholarship,bn,extraction,আবেদনকারীর নাম?,ফাতিমা বেগম
F0108-x-applicant_name-te,F0108,scholarship,te,extraction,దరఖాస్తుదారు పేరు?,ఫాతిమా బేగం
F0108-x-applicant_name-ta,F0108,scholarship,ta,extraction,விண்ணப்பதாரர் பெயர்?,பாத்திமா பேகம்
F0108-x-applicant_name-mr,F0108,scholarship,mr,extraction,अर्जदाराचे नाव?,फातिमा बेगम
F0108-x-applicant_name-kn,F0108,scholarship,kn,extraction,ಅರ್ಜಿದಾರರ ಹೆಸರು?,ಫಾತಿಮಾ ಬೇಗಂ
F0108-x-district-en,F0108,scholarship,en,extraction,District?,Nashik
F0108-x-district-hi,F0108,scholarship,hi,extraction,जिला?,नाशिक
F0108-x-district-bn,F0108,scholarship,bn,extraction,জেলা?,নাসিক
F0108-x-district-te,F0108,scholarship,te,extraction,జిల్లా?,నాసిక్
F0108-x-district-ta,F0108,scholarship,ta,extraction,மாவட்டம்?,நாசிக்
F0108-x-district-mr,F0108,scholarship,mr,extraction,जिल्हा?,नाशिक
F0108-x-district-kn,F0108,scholarship,kn,extraction,ಜಿಲ್ಲೆ?,ನಾಸಿಕ್
F0108-x-annual_income-en,F0108,scholarship,en,extraction,Annual Income (Rs.)?,118000
F0108-x-annual_income-hi,F0108,scholarship,hi,extraction,वार्षिक आय (रु.)?,118000
F0108-x-annual_income-bn,F0108,scholarship,bn,extraction,বার্ষিক আয় (টাকা)?,118000
F0108-x-annual_income-te,F0108,scholarship,te,extraction,వార్షిక ఆదాయం (రూ.)?,118000
F0108-x-annual_income-ta,F0108,scholarship,ta,extraction,ஆண்டு வருமானம் (ரூ.)?,118000
F0108-x-annual_income-mr,F0108,scholarship,mr,extraction,वार्षिक उत्पन्न (रु.)?,118000
F0108-x-annual_income-kn,F0108,scholarship,kn,extraction,ವಾರ್ಷಿಕ ಆದಾಯ (ರೂ.)?,118000
F0108-x-family_members-en,F0108,scholarship,en,extraction,Number of Family Members?,4
F0108-x-family_members-hi,F0108,scholarship,hi,extraction,परिवार के सदस्यों की संख्या?,4
F0108-x-family_members-bn,F0108,scholarship,bn,extraction,পরিবারের সদস্য সংখ্যা?,4
F0108-x-family_members-te,F0108,scholarship,te,extraction,కుటుంబ సభ్యుల సంఖ్య?,4
F0108-x-family_members-ta,F0108,scholarship,ta,extraction,குடும்ப உறுப்பினர்கள் எண்ணிக்கை?,4
F0108-x-family_members-mr,F0108,scholarship,mr,extraction,कुटुंब सदस्यांची संख्या?,4
F0108-x-family_members-kn,F0108,scholarship,kn,extraction,ಕುಟುಂಬ ಸದಸ್ಯರ ಸಂಖ್ಯೆ?,4
F0108-x-category-en,F0108,scholarship,en,extraction,Category?,ST
F0108-x-category-hi,F0108,scholarship,hi,extraction,श्रेणी?,ST
F0108-x-category-bn,F0108,scholarship,bn,extraction,শ্রেণী?,ST
F0108-x-category-te,F0108,scholarship,te,extraction,వర్గం?,ST
F0108-x-category-ta,F0108,scholarship,ta,extraction,பிரிவு?,ST
F0108-x-category-mr,F0108,scholarship,mr,extraction,प्रवर्ग?,ST
F0108-x-category-kn,F0108,scholarship,kn,extraction,ವರ್ಗ?,ST
F0108-r-elig-en,F0108,scholarship,en,reasoning,"Based on the income cap and household size rule, is this applicant eligible? Answer yes or no.",yes
F0108-r-elig-hi,F0108,scholarship,hi,reasoning,"आय सीमा और परिवार के आकार के नियम के आधार पर, क्या यह आवेदक पात्र है? हाँ या नहीं में उत्तर दें।",yes
F0108-r-elig-bn,F0108,scholarship,bn,reasoning,"আয়ের সীমা এবং পরিবারের আকারের নিয়ম অনুসারে, এই আবেদনকারী কি যোগ্য? হ্যাঁ বা না উত্তর দিন।",yes
F0108-r-elig-te,F0108,scholarship,te,reasoning,"ఆదాయ పరిమితి మరియు కుటుంబ పరిమాణ నియమం ఆధారంగా, ఈ దరఖాస్తుదారు అర్హులా? అవును లేదా కాదు అని సమాధానం ఇవ్వండి.",yes
F0108-r-elig-ta,F0108,scholarship,ta,reasoning,"வருமான வரம்பு மற்றும் குடும்ப அளவு விதியின் அடிப்படையில், இந்த விண்ணப்பதாரர் தகுதியானவரா? ஆம் அல்லது இல்லை என பதிலளிக்கவும்.",yes
F0108-r-elig-mr,F0108,scholarship,mr,reasoning,"उत्पन्न मर्यादा आणि कुटुंब आकाराच्या नियमानुसार, हा अर्जदार पात्र आहे का? होय किंवा नाही उत्तर द्या.",yes
F0108-r-elig-kn,F0108,scholarship,kn,reasoning,"ಆದಾಯ ಮಿತಿ ಮತ್ತು ಕುಟುಂಬ ಗಾತ್ರದ ನಿಯಮದ ಆಧಾರದ ಮೇಲೆ, ಈ ಅರ್ಜಿದಾರರು ಅರ್ಹರೇ? ಹೌದು ಅಥವಾ ಇಲ್ಲ ಎಂದು ಉತ್ತರಿಸಿ.",yes
F0109-x-applicant_name-en,F0109,scholarship,en,extraction,Applicant Name?,Anjali Patil
F0109-x-applicant_name-hi,F0109,scholarship,hi,extraction,आवेदक का नाम?,अंजली पाटील
F0109-x-applicant_name-bn,F0109,scholarship,bn,extraction,আবেদনকারীর নাম?,অঞ্জলি পাটিল
F0109-x-applicant_name-te,F0109,scholarship,te,extraction,దరఖాస్తుదారు పేరు?,అంజలి పాటిల్
F0109-x-applicant_name-ta,F0109,scholarship,ta,extraction,விண்ணப்பதாரர் பெயர்?,அஞ்சலி பாட்டீல்
F0109-x-applicant_name-mr,F0109,scholarship,mr,extraction,अर्जदाराचे नाव?,अंजली पाटील
F0109-x-applicant_name-kn,F0109,scholarship,kn,extraction,ಅರ್ಜಿದಾರರ ಹೆಸರು?,ಅಂಜಲಿ ಪಾಟೀಲ್
F0109-x-district-en,F0109,scholarship,en,extraction,District?,Salem
F0109-x-district-hi,F0109,scholarship,hi,extraction,जिला?,सेलम
F0109-x-district-bn,F0109,scholarship,bn,extraction,জেলা?,সালেম
F0109-x-district-te,F0109,scholarship,te,extraction,జిల్లా?,సేలం
F0109-x-district-ta,F0109,scholarship,ta,extraction,மாவட்டம்?,சேலம்
F0109-x-district-mr,F0109,scholarship,mr,extraction,जिल्हा?,सेलम
F0109-x-district-kn,F0109,scholarship,kn,extraction,ಜಿಲ್ಲೆ?,ಸೇಲಂ
F0109-x-annual_income-en,F0109,scholarship,en,extraction,Annual Income (Rs.)?,118000
F0109-x-annual_income-hi,F0109,scholarship,hi,extraction,वार्षिक आय (रु.)?,118000
F0109-x-annual_income-bn,F0109,scholarship,bn,extraction,বার্ষিক আয় (টাকা)?,118000
F0109-x-annual_income-te,F0109,scholarship,te,extraction,వార్షిక ఆదాయం (రూ.)?,118000
F0109-x-annual_income-ta,F0109,scholarship,ta,extraction,ஆண்டு வருமானம் (ரூ.)?,118000
F0109-x-annual_income-mr,F0109,scholarship,mr,extraction,वार्षिक उत्पन्न (रु.)?,118000
F0109-x-annual_income-kn,F0109,scholarship,kn,extraction,ವಾರ್ಷಿಕ ಆದಾಯ (ರೂ.)?,118000
F0109-x-family_members-en,F0109,scholarship,en,extraction,Number of Family Members?,5
F0109-x-family_members-hi,F0109,scholarship,hi,extraction,परिवार के सदस्यों की संख्या?,5
F0109-x-family_members-bn,F0109,scholarship,bn,extraction,পরিবারের সদস্য সংখ্যা?,5
F0109-x-family_members-te,F0109,scholarship,te,extraction,కుటుంబ సభ్యుల సంఖ్య?,5
F0109-x-family_members-ta,F0109,scholarship,ta,extraction,குடும்ப உறுப்பினர்கள் எண்ணிக்கை?,5
F0109-x-family_members-mr,F0109,scholarship,mr,extraction,कुटुंब सदस्यांची संख्या?,5
F0109-x-family_members-kn,F0109,scholarship,kn,extraction,ಕುಟುಂಬ ಸದಸ್ಯರ ಸಂಖ್ಯೆ?,5
F0109-x-category-en,F0109,scholarship,en,extraction,Category?,EWS
F0109-x-category-hi,F0109,scholarship,hi,extraction,श्रेणी?,EWS
F0109-x-category-bn,F0109,scholarship,bn,extraction,শ্রেণী?,EWS
F0109-x-category-te,F0109,scholarship,te,extraction,వర్గం?,EWS
F0109-x-category-ta,F0109,scholarship,ta,extraction,பிரிவு?,EWS
F0109-x-category-mr,F0109,scholarship,mr,extraction,प्रवर्ग?,EWS
F0109-x-category-kn,F0109,scholarship,kn,extraction,ವರ್ಗ?,EWS
F0109-r-elig-en,F0109,scholarship,en,reasoning,"Based on the income cap and household size rule, is this applicant eligible? Answer yes or no.",yes
F0109-r-elig-hi,F0109,scholarship,hi,reasoning,"आय सीमा और परिवार के आकार के नियम के आधार पर, क्या यह आवेदक पात्र है? हाँ या नहीं में उत्तर दें।",yes
F0109-r-elig-bn,F0109,scholarship,bn,reasoning,"আয়ের সীমা এবং পরিবারের আকারের নিয়ম অনুসারে, এই আবেদনকারী কি যোগ্য? হ্যাঁ বা না উত্তর দিন।",yes
F0109-r-elig-te,F0109,scholarship,te,reasoning,"ఆదాయ పరిమితి మరియు కుటుంబ పరిమాణ నియమం ఆధారంగా, ఈ దరఖాస్తుదారు అర్హులా? అవును లేదా కాదు అని సమాధానం ఇవ్వండి.",yes
F0109-r-elig-ta,F0109,scholarship,ta,reasoning,"வருமான வரம்பு மற்றும் குடும்ப அளவு விதியின் அடிப்படையில், இந்த விண்ணப்பதாரர் தகுதியானவரா? ஆம் அல்லது இல்லை என பதிலளிக்கவும்.",yes
F0109-r-elig-mr,F0109,scholarship,mr,reasoning,"उत्पन्न मर्यादा आणि कुटुंब आकाराच्या नियमानुसार, हा अर्जदार पात्र आहे का? होय किंवा नाही उत्तर द्या.",yes
F0109-r-elig-kn,F0109,scholarship,kn,reasoning,"ಆದಾಯ ಮಿತಿ ಮತ್ತು ಕುಟುಂಬ ಗಾತ್ರದ ನಿಯಮದ ಆಧಾರದ ಮೇಲೆ, ಈ ಅರ್ಜಿದಾರರು ಅರ್ಹರೇ? ಹೌದು ಅಥವಾ ಇಲ್ಲ ಎಂದು ಉತ್ತರಿಸಿ.",yes
F0110-x-applicant_name-en,F0110,ration_card,en,extraction,Applicant Name?,Meena Kumari
F0110-x-applicant_name-hi,F0110,ration_card,hi,extraction,आवेदक का नाम?,मीना कुमारी
F0110-x-applicant_name-bn,F0110,ration_card,bn,extraction,আবেদনকারীর নাম?,মীনা কুমারী
F0110-x-applicant_name-te,F0110,ration_card,te,extraction,దరఖాస్తుదారు పేరు?,మీనా కుమారి
F0110-x-applicant_name-ta,F0110,ration_card,ta,extraction,விண்ணப்பதாரர் பெயர்?,மீனா குமாரி
F0110-x-applicant_name-mr,F0110,ration_card,mr,extraction,अर्जदाराचे नाव?,मीना कुमारी
F0110-x-applicant_name-kn,F0110,ration_card,kn,extraction,ಅರ್ಜಿದಾರರ ಹೆಸರು?,ಮೀನಾ ಕುಮಾರಿ
F0110-x-district-en,F0110,ration_card,en,extraction,District?,Nashik
F0110-x-district-hi,F0110,ration_card,hi,extraction,जिला?,नाशिक
F0110-x-district-bn,F0110,ration_card,bn,extraction,জেলা?,নাসিক
F0110-x-district-te,F0110,ration_card,te,extraction,జిల్లా?,నాసిక్
F0110-x-district-ta,F0110,ration_card,ta,extraction,மாவட்டம்?,நாசிக்
F0110-x-district-mr,F0110,ration_card,mr,extraction,जिल्हा?,नाशिक
F0110-x-district-kn,F0110,ration_card,kn,extraction,ಜಿಲ್ಲೆ?,ನಾಸಿಕ್
F0110-x-annual_income-en,F0110,ration_card,en,extraction,Annual Income (Rs.)?,118000
F0110-x-annual_income-hi,F0110,ration_card,hi,extraction,वार्षिक आय (रु.)?,118000
F0110-x-annual_income-bn,F0110,ration_card,bn,extraction,বার্ষিক আয় (টাকা)?,118000
F0110-x-annual_income-te,F0110,ration_card,te,extraction,వార్షిక ఆదాయం (రూ.)?,118000
F0110-x-annual_income-ta,F0110,ration_card,ta,extraction,ஆண்டு வருமானம் (ரூ.)?,118000
F0110-x-annual_income-mr,F0110,ration_card,mr,extraction,वार्षिक उत्पन्न (रु.)?,118000
F0110-x-annual_income-kn,F0110,ration_card,kn,extraction,ವಾರ್ಷಿಕ ಆದಾಯ (ರೂ.)?,118000
F0110-x-family_members-en,F0110,ration_card,en,extraction,Number of Family Members?,5
F0110-x-family_members-hi,F0110,ration_card,hi,extraction,परिवार के सदस्यों की संख्या?,5
F0110-x-family_members-bn,F0110,ration_card,bn,extraction,পরিবারের সদস্য সংখ্যা?,5
F0110-x-family_members-te,F0110,ration_card,te,extraction,కుటుంబ సభ్యుల సంఖ్య?,5
F0110-x-family_members-ta,F0110,ration_card,ta,extraction,குடும்ப உறுப்பினர்கள் எண்ணிக்கை?,5
F0110-x-family_members-mr,F0110,ration_card,mr,extraction,कुटुंब सदस्यांची संख्या?,5
F0110-x-family_members-kn,F0110,ration_card,kn,extraction,ಕುಟುಂಬ ಸದಸ್ಯರ ಸಂಖ್ಯೆ?,5
F0110-x-category-en,F0110,ration_card,en,extraction,Category?,General
F0110-x-category-hi,F0110,ration_card,hi,extraction,श्रेणी?,General
F0110-x-category-bn,F0110,ration_card,bn,extraction,শ্রেণী?,General
F0110-x-category-te,F0110,ration_card,te,extraction,వర్గం?,General
F0110-x-category-ta,F0110,ration_card,ta,extraction,பிரிவு?,General
F0110-x-category-mr,F0110,ration_card,mr,extraction,प्रवर्ग?,General
F0110-x-category-kn,F0110,ration_card,kn,extraction,ವರ್ಗ?,General
F0110-r-elig-en,F0110,ration_card,en,reasoning,"Based on the income cap and household size rule, is this applicant eligible? Answer yes or no.",yes
F0110-r-elig-hi,F0110,ration_card,hi,reasoning,"आय सीमा और परिवार के आकार के नियम के आधार पर, क्या यह आवेदक पात्र है? हाँ या नहीं में उत्तर दें।",yes
F0110-r-elig-bn,F0110,ration_card,bn,reasoning,"আয়ের সীমা এবং পরিবারের আকারের নিয়ম অনুসারে, এই আবেদনকারী কি যোগ্য? হ্যাঁ বা না উত্তর দিন।",yes
F0110-r-elig-te,F0110,ration_card,te,reasoning,"ఆదాయ పరిమితి మరియు కుటుంబ పరిమాణ నియమం ఆధారంగా, ఈ దరఖాస్తుదారు అర్హులా? అవును లేదా కాదు అని సమాధానం ఇవ్వండి.",yes
F0110-r-elig-ta,F0110,ration_card,ta,reasoning,"வருமான வரம்பு மற்றும் குடும்ப அளவு விதியின் அடிப்படையில், இந்த விண்ணப்பதாரர் தகுதியானவரா? ஆம் அல்லது இல்லை என பதிலளிக்கவும்.",yes
F0110-r-elig-mr,F0110,ration_card,mr,reasoning,"उत्पन्न मर्यादा आणि कुटुंब आकाराच्या नियमानुसार, हा अर्जदार पात्र आहे का? होय किंवा नाही उत्तर द्या.",yes
F0110-r-elig-kn,F0110,ration_card,kn,reasoning,"ಆದಾಯ ಮಿತಿ ಮತ್ತು ಕುಟುಂಬ ಗಾತ್ರದ ನಿಯಮದ ಆಧಾರದ ಮೇಲೆ, ಈ ಅರ್ಜಿದಾರರು ಅರ್ಹರೇ? ಹೌದು ಅಥವಾ ಇಲ್ಲ ಎಂದು ಉತ್ತರಿಸಿ.",yes
F0111-x-applicant_name-en,F0111,ration_card,en,extraction,Applicant Name?,Lakshmi Devi
F0111-x-applicant_name-hi,F0111,ration_card,hi,extraction,आवेदक का नाम?,लक्ष्मी देवी
F0111-x-applicant_name-bn,F0111,ration_card,bn,extraction,আবেদনকারীর নাম?,লক্ষ্মী দেবী
F0111-x-applicant_name-te,F0111,ration_card,te,extraction,దరఖాస్తుదారు పేరు?,లక్ష్మీ దేవి
F0111-x-applicant_name-ta,F0111,ration_card,ta,extraction,விண்ணப்பதாரர் பெயர்?,லட்சுமி தேவி
F0111-x-applicant_name-mr,F0111,ration_card,mr,extraction,अर्जदाराचे नाव?,लक्ष्मी देवी
F0111-x-applicant_name-kn,F0111,ration_card,kn,extraction,ಅರ್ಜಿದಾರರ ಹೆಸರು?,ಲಕ್ಷ್ಮಿ ದೇವಿ
F0111-x-district-en,F0111,ration_card,en,extraction,District?,Salem
F0111-x-district-hi,F0111,ration_card,hi,extraction,जिला?,सेलम
F0111-x-district-bn,F0111,ration_card,bn,extraction,জেলা?,সালেম
F0111-x-district-te,F0111,ration_card,te,extraction,జిల్లా?,సేలం
F0111-x-district-ta,F0111,ration_card,ta,extraction,மாவட்டம்?,சேலம்
F0111-x-district-mr,F0111,ration_card,mr,extraction,जिल्हा?,सेलम
F0111-x-district-kn,F0111,ration_card,kn,extraction,ಜಿಲ್ಲೆ?,ಸೇಲಂ
F0111-x-annual_income-en,F0111,ration_card,en,extraction,Annual Income (Rs.)?,96000
F0111-x-annual_income-hi,F0111,ration_card,hi,extraction,वार्षिक आय (रु.)?,96000
F0111-x-annual_income-bn,F0111,ration_card,bn,extraction,বার্ষিক আয় (টাকা)?,96000
F0111-x-annual_income-te,F0111,ration_card,te,extraction,వార్షిక ఆదాయం (రూ.)?,96000
F0111-x-annual_income-ta,F0111,ration_card,ta,extraction,ஆண்டு வருமானம் (ரூ.)?,96000
F0111-x-annual_income-mr,F0111,ration_card,mr,extraction,वार्षिक उत्पन्न (रु.)?,96000
F0111-x-annual_income-kn,F0111,ration_card,kn,extraction,ವಾರ್ಷಿಕ ಆದಾಯ (ರೂ.)?,96000
F0111-x-family_members-en,F0111,ration_card,en,extraction,Number of Family Members?,2
F0111-x-family_members-hi,F0111,ration_card,hi,extraction,परिवार के सदस्यों की संख्या?,2
F0111-x-family_members-bn,F0111,ration_card,bn,extraction,পরিবারের সদস্য সংখ্যা?,2
F0111-x-family_members-te,F0111,ration_card,te,extraction,కుటుంబ సభ్యుల సంఖ్య?,2
F0111-x-family_members-ta,F0111,ration_card,ta,extraction,குடும்ப உறுப்பினர்கள் எண்ணிக்கை?,2
F0111-x-family_members-mr,F0111,ration_card,mr,extraction,कुटुंब सदस्यांची संख्या?,2
F0111-x-family_members-kn,F0111,ration_card,kn,extraction,ಕುಟುಂಬ ಸದಸ್ಯರ ಸಂಖ್ಯೆ?,2
F0111-x-category-en,F0111,ration_card,en,extraction,Category?,General
F0111-x-category-hi,F0111,ration_card,hi,extraction,श्रेणी?,General
F0111-x-category-bn,F0111,ration_card,bn,extraction,শ্রেণী?,General
F0111-x-category-te,F0111,ration_card,te,extraction,వర్గం?,General
F0111-x-category-ta,F0111,ration_card,ta,extraction,பிரிவு?,General
F0111-x-category-mr,F0111,ration_card,mr,extraction,प्रवर्ग?,General
F0111-x-category-kn,F0111,ration_card,kn,extraction,ವರ್ಗ?,General
F0111-r-elig-en,F0111,ration_card,en,reasoning,"Based on the income cap and household size rule, is this applicant eligible? Answer yes or no.",yes
F0111-r-elig-hi,F0111,ration_card,hi,reasoning,"आय सीमा और परिवार के आकार के नियम के आधार पर, क्या यह आवेदक पात्र है? हाँ या नहीं में उत्तर दें।",yes
F0111-r-elig-bn,F0111,ration_card,bn,reasoning,"আয়ের সীমা এবং পরিবারের আকারের নিয়ম অনুসারে, এই আবেদনকারী কি যোগ্য? হ্যাঁ বা না উত্তর দিন।",yes
F0111-r-elig-te,F0111,ration_card,te,reasoning,"ఆదాయ పరిమితి మరియు కుటుంబ పరిమాణ నియమం ఆధారంగా, ఈ దరఖాస్తుదారు అర్హులా? అవును లేదా కాదు అని సమాధానం ఇవ్వండి.",yes
F0111-r-elig-ta,F0111,ration_card,ta,reasoning,"வருமான வரம்பு மற்றும் குடும்ப அளவு விதியின் அடிப்படையில், இந்த விண்ணப்பதாரர் தகுதியானவரா? ஆம் அல்லது இல்லை என பதிலளிக்கவும்.",yes
F0111-r-elig-mr,F0111,ration_card,mr,reasoning,"उत्पन्न मर्यादा आणि कुटुंब आकाराच्या नियमानुसार, हा अर्जदार पात्र आहे का? होय किंवा नाही उत्तर द्या.",yes
F0111-r-elig-kn,F0111,ration_card,kn,reasoning,"ಆದಾಯ ಮಿತಿ ಮತ್ತು ಕುಟುಂಬ ಗಾತ್ರದ ನಿಯಮದ ಆಧಾರದ ಮೇಲೆ, ಈ ಅರ್ಜಿದಾರರು ಅರ್ಹರೇ? ಹೌದು ಅಥವಾ ಇಲ್ಲ ಎಂದು ಉತ್ತರಿಸಿ.",yes
F0112-x-applicant_name-en,F0112,old_age_pension,en,extraction,Applicant Name?,Suresh Rao
F0112-x-applicant_name-hi,F0112,old_age_pension,hi,extraction,आवेदक का नाम?,सुरेश राव
F0112-x-applicant_name-bn,F0112,old_age_pension,bn,extraction,আবেদনকারীর নাম?,সুরেশ রাও
F0112-x-applicant_name-te,F0112,old_age_pension,te,extraction,దరఖాస్తుదారు పేరు?,సురేష్ రావు
F0112-x-applicant_name-ta,F0112,old_age_pension,ta,extraction,விண்ணப்பதாரர் பெயர்?,சுரேஷ் ராவ்
F0112-x-applicant_name-mr,F0112,old_age_pension,mr,extraction,अर्जदाराचे नाव?,सुरेश राव
F0112-x-applicant_name-kn,F0112,old_age_pension,kn,extraction,ಅರ್ಜಿದಾರರ ಹೆಸರು?,ಸುರೇಶ್ ರಾವ್
F0112-x-district-en,F0112,old_age_pension,en,extraction,District?,Salem
F0112-x-district-hi,F0112,old_age_pension,hi,extraction,जिला?,सेलम
F0112-x-district-bn,F0112,old_age_pension,bn,extraction,জেলা?,সালেম
F0112-x-district-te,F0112,old_age_pension,te,extraction,జిల్లా?,సేలం
F0112-x-district-ta,F0112,old_age_pension,ta,extraction,மாவட்டம்?,சேலம்
F0112-x-district-mr,F0112,old_age_pension,mr,extraction,जिल्हा?,सेलम
F0112-x-district-kn,F0112,old_age_pension,kn,extraction,ಜಿಲ್ಲೆ?,ಸೇಲಂ
F0112-x-annual_income-en,F0112,old_age_pension,en,extraction,Annual Income (Rs.)?,232000
F0112-x-annual_income-hi,F0112,old_age_pension,hi,extraction,वार्षिक आय (रु.)?,232000
F0112-x-annual_income-bn,F0112,old_age_pension,bn,extraction,বার্ষিক আয় (টাকা)?,232000
F0112-x-annual_income-te,F0112,old_age_pension,te,extraction,వార్షిక ఆదాయం (రూ.)?,232000
F0112-x-annual_income-ta,F0112,old_age_pension,ta,extraction,ஆண்டு வருமானம் (ரூ.)?,232000
F0112-x-annual_income-mr,F0112,old_age_pension,mr,extraction,वार्षिक उत्पन्न (रु.)?,232000
F0112-x-annual_income-kn,F0112,old_age_pension,kn,extraction,ವಾರ್ಷಿಕ ಆದಾಯ (ರೂ.)?,232000
F0112-x-family_members-en,F0112,old_age_pension,en,extraction,Number of Family Members?,5
F0112-x-family_members-hi,F0112,old_age_pension,hi,extraction,परिवार के सदस्यों की संख्या?,5
F0112-x-family_members-bn,F0112,old_age_pension,bn,extraction,পরিবারের সদস্য সংখ্যা?,5
F0112-x-family_members-te,F0112,old_age_pension,te,extraction,కుటుంబ సభ్యుల సంఖ్య?,5
F0112-x-family_members-ta,F0112,old_age_pension,ta,extraction,குடும்ப உறுப்பினர்கள் எண்ணிக்கை?,5
F0112-x-family_members-mr,F0112,old_age_pension,mr,extraction,कुटुंब सदस्यांची संख्या?,5
F0112-x-family_members-kn,F0112,old_age_pension,kn,extraction,ಕುಟುಂಬ ಸದಸ್ಯರ ಸಂಖ್ಯೆ?,5
F0112-x-category-en,F0112,old_age_pension,en,extraction,Category?,OBC
F0112-x-category-hi,F0112,old_age_pension,hi,extraction,श्रेणी?,OBC
F0112-x-category-bn,F0112,old_age_pension,bn,extraction,শ্রেণী?,OBC
F0112-x-category-te,F0112,old_age_pension,te,extraction,వర్గం?,OBC
F0112-x-category-ta,F0112,old_age_pension,ta,extraction,பிரிவு?,OBC
F0112-x-category-mr,F0112,old_age_pension,mr,extraction,प्रवर्ग?,OBC
F0112-x-category-kn,F0112,old_age_pension,kn,extraction,ವರ್ಗ?,OBC
F0112-r-elig-en,F0112,old_age_pension,en,reasoning,"Based on the income cap and household size rule, is this applicant eligible? Answer yes or no.",no
F0112-r-elig-hi,F0112,old_age_pension,hi,reasoning,"आय सीमा और परिवार के आकार के नियम के आधार पर, क्या यह आवेदक पात्र है? हाँ या नहीं में उत्तर दें।",no
F0112-r-elig-bn,F0112,old_age_pension,bn,reasoning,"আয়ের সীমা এবং পরিবারের আকারের নিয়ম অনুসারে, এই আবেদনকারী কি যোগ্য? হ্যাঁ বা না উত্তর দিন।",no
F0112-r-elig-te,F0112,old_age_pension,te,reasoning,"ఆదాయ పరిమితి మరియు కుటుంబ పరిమాణ నియమం ఆధారంగా, ఈ దరఖాస్తుదారు అర్హులా? అవును లేదా కాదు అని సమాధానం ఇవ్వండి.",no
F0112-r-elig-ta,F0112,old_age_pension,ta,reasoning,"வருமான வரம்பு மற்றும் குடும்ப அளவு விதியின் அடிப்படையில், இந்த விண்ணப்பதாரர் தகுதியானவரா? ஆம் அல்லது இல்லை என பதிலளிக்கவும்.",no
F0112-r-elig-mr,F0112,old_age_pension,mr,reasoning,"उत्पन्न मर्यादा आणि कुटुंब आकाराच्या नियमानुसार, हा अर्जदार पात्र आहे का? होय किंवा नाही उत्तर द्या.",no
F0112-r-elig-kn,F0112,old_age_pension,kn,reasoning,"ಆದಾಯ ಮಿತಿ ಮತ್ತು ಕುಟುಂಬ ಗಾತ್ರದ ನಿಯಮದ ಆಧಾರದ ಮೇಲೆ, ಈ ಅರ್ಜಿದಾರರು ಅರ್ಹರೇ? ಹೌದು ಅಥವಾ ಇಲ್ಲ ಎಂದು ಉತ್ತರಿಸಿ.",no
F0113-x-applicant_name-en,F0113,old_age_pension,en,extraction,Applicant Name?,Ramesh Kumar
F0113-x-applicant_name-hi,F0113,old_age_pension,hi,extraction,आवेदक का नाम?,रमेश कुमार
F0113-x-applicant_name-bn,F0113,old_age_pension,bn,extraction,আবেদনকারীর নাম?,রমেশ কুমার
F0113-x-applicant_name-te,F0113,old_age_pension,te,extraction,దరఖాస్తుదారు పేరు?,రమేష్ కుమార్
F0113-x-applicant_name-ta,F0113,old_age_pension,ta,extraction,விண்ணப்பதாரர் பெயர்?,ரமேஷ் குமார்
F0113-x-applicant_name-mr,F0113,old_age_pension,mr,extraction,अर्जदाराचे नाव?,रमेश कुमार
F0113-x-applicant_name-kn,F0113,old_age_pension,kn,extraction,ಅರ್ಜಿದಾರರ ಹೆಸರು?,ರಮೇಶ್ ಕುಮಾರ್
F0113-x-district-en,F0113,old_age_pension,en,extraction,District?,Salem
F0113-x-district-hi,F0113,old_age_pension,hi,extraction,जिला?,सेलम
F0113-x-district-bn,F0113,old_age_pension,bn,extraction,জেলা?,সালেম
F0113-x-district-te,F0113,old_age_pension,te,extraction,జిల్లా?,సేలం
F0113-x-district-ta,F0113,old_age_pension,ta,extraction,மாவட்டம்?,சேலம்
F0113-x-district-mr,F0113,old_age_pension,mr,extraction,जिल्हा?,सेलम
F0113-x-district-kn,F0113,old_age_pension,kn,extraction,ಜಿಲ್ಲೆ?,ಸೇಲಂ
F0113-x-annual_income-en,F0113,old_age_pension,en,extraction,Annual Income (Rs.)?,72000
F0113-x-annual_income-hi,F0113,old_age_pension,hi,extraction,वार्षिक आय (रु.)?,72000
F0113-x-annual_income-bn,F0113,old_age_pension,bn,extraction,বার্ষিক আয় (টাকা)?,72000
F0113-x-annual_income-te,F0113,old_age_pension,te,extraction,వార్షిక ఆదాయం (రూ.)?,72000
F0113-x-annual_income-ta,F0113,old_age_pension,ta,extraction,ஆண்டு வருமானம் (ரூ.)?,72000
F0113-x-annual_income-mr,F0113,old_age_pension,mr,extraction,वार्षिक उत्पन्न (रु.)?,72000
F0113-x-annual_income-kn,F0113,old_age_pension,kn,extraction,ವಾರ್ಷಿಕ ಆದಾಯ (ರೂ.)?,72000
F0113-x-family_members-en,F0113,old_age_pension,en,extraction,Number of Family Members?,1
F0113-x-family_members-hi,F0113,old_age_pension,hi,extraction,परिवार के सदस्यों की संख्या?,1
F0113-x-family_members-bn,F0113,old_age_pension,bn,extraction,পরিবারের সদস্য সংখ্যা?,1
F0113-x-family_members-te,F0113,old_age_pension,te,extraction,కుటుంబ సభ్యుల సంఖ్య?,1
F0113-x-family_members-ta,F0113,old_age_pension,ta,extraction,குடும்ப உறுப்பினர்கள் எண்ணிக்கை?,1
F0113-x-family_members-mr,F0113,old_age_pension,mr,extraction,कुटुंब सदस्यांची संख्या?,1
F0113-x-family_members-kn,F0113,old_age_pension,kn,extraction,ಕುಟುಂಬ ಸದಸ್ಯರ ಸಂಖ್ಯೆ?,1
F0113-x-category-en,F0113,old_age_pension,en,extraction,Category?,SC
F0113-x-category-hi,F0113,old_age_pension,hi,extraction,श्रेणी?,SC
F0113-x-category-bn,F0113,old_age_pension,bn,extraction,শ্রেণী?,SC
F0113-x-category-te,F0113,old_age_pension,te,extraction,వర్గం?,SC
F0113-x-category-ta,F0113,old_age_pension,ta,extraction,பிரிவு?,SC
F0113-x-category-mr,F0113,old_age_pension,mr,extraction,प्रवर्ग?,SC
F0113-x-category-kn,F0113,old_age_pension,kn,extraction,ವರ್ಗ?,SC
F0113-r-elig-en,F0113,old_age_pension,en,reasoning,"Based on the income cap and household size rule, is this applicant eligible? Answer yes or no.",yes
F0113-r-elig-hi,F0113,old_age_pension,hi,reasoning,"आय सीमा और परिवार के आकार के नियम के आधार पर, क्या यह आवेदक पात्र है? हाँ या नहीं में उत्तर दें।",yes
F0113-r-elig-bn,F0113,old_age_pension,bn,reasoning,"আয়ের সীমা এবং পরিবারের আকারের নিয়ম অনুসারে, এই আবেদনকারী কি যোগ্য? হ্যাঁ বা না উত্তর দিন।",yes
F0113-r-elig-te,F0113,old_age_pension,te,reasoning,"ఆదాయ పరిమితి మరియు కుటుంబ పరిమాణ నియమం ఆధారంగా, ఈ దరఖాస్తుదారు అర్హులా? అవును లేదా కాదు అని సమాధానం ఇవ్వండి.",yes
F0113-r-elig-ta,F0113,old_age_pension,ta,reasoning,"வருமான வரம்பு மற்றும் குடும்ப அளவு விதியின் அடிப்படையில், இந்த விண்ணப்பதாரர் தகுதியானவரா? ஆம் அல்லது இல்லை என பதிலளிக்கவும்.",yes
F0113-r-elig-mr,F0113,old_age_pension,mr,reasoning,"उत्पन्न मर्यादा आणि कुटुंब आकाराच्या नियमानुसार, हा अर्जदार पात्र आहे का? होय किंवा नाही उत्तर द्या.",yes
F0113-r-elig-kn,F0113,old_age_pension,kn,reasoning,"ಆದಾಯ ಮಿತಿ ಮತ್ತು ಕುಟುಂಬ ಗಾತ್ರದ ನಿಯಮದ ಆಧಾರದ ಮೇಲೆ, ಈ ಅರ್ಜಿದಾರರು ಅರ್ಹರೇ? ಹೌದು ಅಥವಾ ಇಲ್ಲ ಎಂದು ಉತ್ತರಿಸಿ.",yes
F0114-x-applicant_name-en,F0114,scholarship,en,extraction,Applicant Name?,Ramesh Kumar
F0114-x-applicant_name-hi,F0114,scholarship,hi,extraction,आवेदक का नाम?,रमेश कुमार
F0114-x-applicant_name-bn,F0114,scholarship,bn,extraction,আবেদনকারীর নাম?,রমেশ কুমার
F0114-x-applicant_name-te,F0114,scholarship,te,extraction,దరఖాస్తుదారు పేరు?,రమేష్ కుమార్
F0114-x-applicant_name-ta,F0114,scholarship,ta,extraction,விண்ணப்பதாரர் பெயர்?,ரமேஷ் குமார்
F0114-x-applicant_name-mr,F0114,scholarship,mr,extraction,अर्जदाराचे नाव?,रमेश कुमार
F0114-x-applicant_name-kn,F0114,scholarship,kn,extraction,ಅರ್ಜಿದಾರರ ಹೆಸರು?,ರಮೇಶ್ ಕುಮಾರ್
F0114-x-district-en,F0114,scholarship,en,extraction,District?,Visakhapatnam
F0114-x-district-hi,F0114,scholarship,hi,extraction,जिला?,विशाखापत्तनम
F0114-x-district-bn,F0114,scholarship,bn,extraction,জেলা?,বিশাখাপত্তনম
F0114-x-district-te,F0114,scholarship,te,extraction,జిల్లా?,విశాఖపట్నం
F0114-x-district-ta,F0114,scholarship,ta,extraction,மாவட்டம்?,விசாகப்பட்டினம்
F0114-x-district-mr,F0114,scholarship,mr,extraction,जिल्हा?,विशाखापट्टणम
F0114-x-district-kn,F0114,scholarship,kn,extraction,ಜಿಲ್ಲೆ?,ವಿಶಾಖಪಟ್ಟಣಂ
F0114-x-annual_income-en,F0114,scholarship,en,extraction,Annual Income (Rs.)?,96000
F0114-x-annual_income-hi,F0114,scholarship,hi,extraction,वार्षिक आय (रु.)?,96000
F0114-x-annual_income-bn,F0114,scholarship,bn,extraction,বার্ষিক আয় (টাকা)?,96000
F0114-x-annual_income-te,F0114,scholarship,te,extraction,వార్షిక ఆదాయం (రూ.)?,96000
F0114-x-annual_income-ta,F0114,scholarship,ta,extraction,ஆண்டு வருமானம் (ரூ.)?,96000
F0114-x-annual_income-mr,F0114,scholarship,mr,extraction,वार्षिक उत्पन्न (रु.)?,96000
F0114-x-annual_income-kn,F0114,scholarship,kn,extraction,ವಾರ್ಷಿಕ ಆದಾಯ (ರೂ.)?,96000
F0114-x-family_members-en,F0114,scholarship,en,extraction,Number of Family Members?,2
F0114-x-family_members-hi,F0114,scholarship,hi,extraction,परिवार के सदस्यों की संख्या?,2
F0114-x-family_members-bn,F0114,scholarship,bn,extraction,পরিবারের সদস্য সংখ্যা?,2
F0114-x-family_members-te,F0114,scholarship,te,extraction,కుటుంబ సభ్యుల సంఖ్య?,2
F0114-x-family_members-ta,F0114,scholarship,ta,extraction,குடும்ப உறுப்பினர்கள் எண்ணிக்கை?,2
F0114-x-family_members-mr,F0114,scholarship,mr,extraction,कुटुंब सदस्यांची संख्या?,2
F0114-x-family_members-kn,F0114,scholarship,kn,extraction,ಕುಟುಂಬ ಸದಸ್ಯರ ಸಂಖ್ಯೆ?,2
F0114-x-category-en,F0114,scholarship,en,extraction,Category?,OBC
F0114-x-category-hi,F0114,scholarship,hi,extraction,श्रेणी?,OBC
F0114-x-category-bn,F0114,scholarship,bn,extraction,শ্রেণী?,OBC
F0114-x-category-te,F0114,scholarship,te,extraction,వర్గం?,OBC
F0114-x-category-ta,F0114,scholarship,ta,extraction,பிரிவு?,OBC
F0114-x-category-mr,F0114,scholarship,mr,extraction,प्रवर्ग?,OBC
F0114-x-category-kn,F0114,scholarship,kn,extraction,ವರ್ಗ?,OBC
F0114-r-elig-en,F0114,scholarship,en,reasoning,"Based on the income cap and household size rule, is this applicant eligible? Answer yes or no.",yes
F0114-r-elig-hi,F0114,scholarship,hi,reasoning,"आय सीमा और परिवार के आकार के नियम के आधार पर, क्या यह आवेदक पात्र है? हाँ या नहीं में उत्तर दें।",yes
F0114-r-elig-bn,F0114,scholarship,bn,reasoning,"আয়ের সীমা এবং পরিবারের আকারের নিয়ম অনুসারে, এই আবেদনকারী কি যোগ্য? হ্যাঁ বা না উত্তর দিন।",yes
F0114-r-elig-te,F0114,scholarship,te,reasoning,"ఆదాయ పరిమితి మరియు కుటుంబ పరిమాణ నియమం ఆధారంగా, ఈ దరఖాస్తుదారు అర్హులా? అవును లేదా కాదు అని సమాధానం ఇవ్వండి.",yes
F0114-r-elig-ta,F0114,scholarship,ta,reasoning,"வருமான வரம்பு மற்றும் குடும்ப அளவு விதியின் அடிப்படையில், இந்த விண்ணப்பதாரர் தகுதியானவரா? ஆம் அல்லது இல்லை என பதிலளிக்கவும்.",yes
F0114-r-elig-mr,F0114,scholarship,mr,reasoning,"उत्पन्न मर्यादा आणि कुटुंब आकाराच्या नियमानुसार, हा अर्जदार पात्र आहे का? होय किंवा नाही उत्तर द्या.",yes
F0114-r-elig-kn,F0114,scholarship,kn,reasoning,"ಆದಾಯ ಮಿತಿ ಮತ್ತು ಕುಟುಂಬ ಗಾತ್ರದ ನಿಯಮದ ಆಧಾರದ ಮೇಲೆ, ಈ ಅರ್ಜಿದಾರರು ಅರ್ಹರೇ? ಹೌದು ಅಥವಾ ಇಲ್ಲ ಎಂದು ಉತ್ತರಿಸಿ.",yes
F0115-x-applicant_name-en,F0115,old_age_pension,en,extraction,Applicant Name?,Lakshmi Devi
F0115-x-applicant_name-hi,F0115,old_age_pension,hi,extraction,आवेदक का नाम?,लक्ष्मी देवी
F0115-x-applicant_name-bn,F0115,old_age_pension,bn,extraction,আবেদনকারীর নাম?,লক্ষ্মী দেবী
F0115-x-applicant_name-te,F0115,old_age_pension,te,extraction,దరఖాస్తుదారు పేరు?,లక్ష్మీ దేవి
F0115-x-applicant_name-ta,F0115,old_age_pension,ta,extraction,விண்ணப்பதாரர் பெயர்?,லட்சுமி தேவி
F0115-x-applicant_name-mr,F0115,old_age_pension,mr,extraction,अर्जदाराचे नाव?,लक्ष्मी देवी
F0115-x-applicant_name-kn,F0115,old_age_pension,kn,extraction,ಅರ್ಜಿದಾರರ ಹೆಸರು?,ಲಕ್ಷ್ಮಿ ದೇವಿ
F0115-x-district-en,F0115,old_age_pension,en,extraction,District?,Nashik
F0115-x-district-hi,F0115,old_age_pension,hi,extraction,जिला?,नाशिक
F0115-x-district-bn,F0115,old_age_pension,bn,extraction,জেলা?,নাসিক
F0115-x-district-te,F0115,old_age_pension,te,extraction,జిల్లా?,నాసిక్
F0115-x-district-ta,F0115,old_age_pension,ta,extraction,மாவட்டம்?,நாசிக்
F0115-x-district-mr,F0115,old_age_pension,mr,extraction,जिल्हा?,नाशिक
F0115-x-district-kn,F0115,old_age_pension,kn,extraction,ಜಿಲ್ಲೆ?,ನಾಸಿಕ್
F0115-x-annual_income-en,F0115,old_age_pension,en,extraction,Annual Income (Rs.)?,118000
F0115-x-annual_income-hi,F0115,old_age_pension,hi,extraction,वार्षिक आय (रु.)?,118000
F0115-x-annual_income-bn,F0115,old_age_pension,bn,extraction,বার্ষিক আয় (টাকা)?,118000
F0115-x-annual_income-te,F0115,old_age_pension,te,extraction,వార్షిక ఆదాయం (రూ.)?,118000
F0115-x-annual_income-ta,F0115,old_age_pension,ta,extraction,ஆண்டு வருமானம் (ரூ.)?,118000
F0115-x-annual_income-mr,F0115,old_age_pension,mr,extraction,वार्षिक उत्पन्न (रु.)?,118000
F0115-x-annual_income-kn,F0115,old_age_pension,kn,extraction,ವಾರ್ಷಿಕ ಆದಾಯ (ರೂ.)?,118000
F0115-x-family_members-en,F0115,old_age_pension,en,extraction,Number of Family Members?,2
F0115-x-family_members-hi,F0115,old_age_pension,hi,extraction,परिवार के सदस्यों की संख्या?,2
F0115-x-family_members-bn,F0115,old_age_pension,bn,extraction,পরিবারের সদস্য সংখ্যা?,2
F0115-x-family_members-te,F0115,old_age_pension,te,extraction,కుటుంబ సభ్యుల సంఖ్య?,2
F0115-x-family_members-ta,F0115,old_age_pension,ta,extraction,குடும்ப உறுப்பினர்கள் எண்ணிக்கை?,2
F0115-x-family_members-mr,F0115,old_age_pension,mr,extraction,कुटुंब सदस्यांची संख्या?,2
F0115-x-family_members-kn,F0115,old_age_pension,kn,extraction,ಕುಟುಂಬ ಸದಸ್ಯರ ಸಂಖ್ಯೆ?,2
F0115-x-category-en,F0115,old_age_pension,en,extraction,Category?,OBC
F0115-x-category-hi,F0115,old_age_pension,hi,extraction,श्रेणी?,OBC
F0115-x-category-bn,F0115,old_age_pension,bn,extraction,শ্রেণী?,OBC
F0115-x-category-te,F0115,old_age_pension,te,extraction,వర్గం?,OBC
F0115-x-category-ta,F0115,old_age_pension,ta,extraction,பிரிவு?,OBC
F0115-x-category-mr,F0115,old_age_pension,mr,extraction,प्रवर्ग?,OBC
F0115-x-category-kn,F0115,old_age_pension,kn,extraction,ವರ್ಗ?,OBC
F0115-r-elig-en,F0115,old_age_pension,en,reasoning,"Based on the income cap and household size rule, is this applicant eligible? Answer yes or no.",no
F0115-r-elig-hi,F0115,old_age_pension,hi,reasoning,"आय सीमा और परिवार के आकार के नियम के आधार पर, क्या यह आवेदक पात्र है? हाँ या नहीं में उत्तर दें।",no
F0115-r-elig-bn,F0115,old_age_pension,bn,reasoning,"আয়ের সীমা এবং পরিবারের আকারের নিয়ম অনুসারে, এই আবেদনকারী কি যোগ্য? হ্যাঁ বা না উত্তর দিন।",no
F0115-r-elig-te,F0115,old_age_pension,te,reasoning,"ఆదాయ పరిమితి మరియు కుటుంబ పరిమాణ నియమం ఆధారంగా, ఈ దరఖాస్తుదారు అర్హులా? అవును లేదా కాదు అని సమాధానం ఇవ్వండి.",no
F0115-r-elig-ta,F0115,old_age_pension,ta,reasoning,"வருமான வரம்பு மற்றும் குடும்ப அளவு விதியின் அடிப்படையில், இந்த விண்ணப்பதாரர் தகுதியானவரா? ஆம் அல்லது இல்லை என பதிலளிக்கவும்.",no
F0115-r-elig-mr,F0115,old_age_pension,mr,reasoning,"उत्पन्न मर्यादा आणि कुटुंब आकाराच्या नियमानुसार, हा अर्जदार पात्र आहे का? होय किंवा नाही उत्तर द्या.",no
F0115-r-elig-kn,F0115,old_age_pension,kn,reasoning,"ಆದಾಯ ಮಿತಿ ಮತ್ತು ಕುಟುಂಬ ಗಾತ್ರದ ನಿಯಮದ ಆಧಾರದ ಮೇಲೆ, ಈ ಅರ್ಜಿದಾರರು ಅರ್ಹರೇ? ಹೌದು ಅಥವಾ ಇಲ್ಲ ಎಂದು ಉತ್ತರಿಸಿ.",no
F0116-x-applicant_name-en,F0116,old_age_pension,en,extraction,Applicant Name?,Lakshmi Devi
F0116-x-applicant_name-hi,F0116,old_age_pension,hi,extraction,आवेदक का नाम?,लक्ष्मी देवी
F0116-x-applicant_name-bn,F0116,old_age_pension,bn,extraction,আবেদনকারীর নাম?,লক্ষ্মী দেবী
F0116-x-applicant_name-te,F0116,old_age_pension,te,extraction,దరఖాస్తుదారు పేరు?,లక్ష్మీ దేవి
F0116-x-applicant_name-ta,F0116,old_age_pension,ta,extraction,விண்ணப்பதாரர் பெயர்?,லட்சுமி தேவி
F0116-x-applicant_name-mr,F0116,old_age_pension,mr,extraction,अर्जदाराचे नाव?,लक्ष्मी देवी
F0116-x-applicant_name-kn,F0116,old_age_pension,kn,extraction,ಅರ್ಜಿದಾರರ ಹೆಸರು?,ಲಕ್ಷ್ಮಿ ದೇವಿ
F0116-x-district-en,F0116,old_age_pension,en,extraction,District?,Salem
F0116-x-district-hi,F0116,old_age_pension,hi,extraction,जिला?,सेलम
F0116-x-district-bn,F0116,old_age_pension,bn,extraction,জেলা?,সালেম
F0116-x-district-te,F0116,old_age_pension,te,extraction,జిల్లా?,సేలం
F0116-x-district-ta,F0116,old_age_pension,ta,extraction,மாவட்டம்?,சேலம்
F0116-x-district-mr,F0116,old_age_pension,mr,extraction,जिल्हा?,सेलम
F0116-x-district-kn,F0116,old_age_pension,kn,extraction,ಜಿಲ್ಲೆ?,ಸೇಲಂ
F0116-x-annual_income-en,F0116,old_age_pension,en,extraction,Annual Income (Rs.)?,118000
F0116-x-annual_income-hi,F0116,old_age_pension,hi,extraction,वार्षिक आय (रु.)?,118000
F0116-x-annual_income-bn,F0116,old_age_pension,bn,extraction,বার্ষিক আয় (টাকা)?,118000
F0116-x-annual_income-te,F0116,old_age_pension,te,extraction,వార్షిక ఆదాయం (రూ.)?,118000
F0116-x-annual_income-ta,F0116,old_age_pension,ta,extraction,ஆண்டு வருமானம் (ரூ.)?,118000
F0116-x-annual_income-mr,F0116,old_age_pension,mr,extraction,वार्षिक उत्पन्न (रु.)?,118000
F0116-x-annual_income-kn,F0116,old_age_pension,kn,extraction,ವಾರ್ಷಿಕ ಆದಾಯ (ರೂ.)?,118000
F0116-x-family_members-en,F0116,old_age_pension,en,extraction,Number of Family Members?,5
F0116-x-family_members-hi,F0116,old_age_pension,hi,extraction,परिवार के सदस्यों की संख्या?,5
F0116-x-family_members-bn,F0116,old_age_pension,bn,extraction,পরিবারের সদস্য সংখ্যা?,5
F0116-x-family_members-te,F0116,old_age_pension,te,extraction,కుటుంబ సభ్యుల సంఖ్య?,5
F0116-x-family_members-ta,F0116,old_age_pension,ta,extraction,குடும்ப உறுப்பினர்கள் எண்ணிக்கை?,5
F0116-x-family_members-mr,F0116,old_age_pension,mr,extraction,कुटुंब सदस्यांची संख्या?,5
F0116-x-family_members-kn,F0116,old_age_pension,kn,extraction,ಕುಟುಂಬ ಸದಸ್ಯರ ಸಂಖ್ಯೆ?,5
F0116-x-category-en,F0116,old_age_pension,en,extraction,Category?,General
F0116-x-category-hi,F0116,old_age_pension,hi,extraction,श्रेणी?,General
F0116-x-category-bn,F0116,old_age_pension,bn,extraction,শ্রেণী?,General
F0116-x-category-te,F0116,old_age_pension,te,extraction,వర్గం?,General
F0116-x-category-ta,F0116,old_age_pension,ta,extraction,பிரிவு?,General
F0116-x-category-mr,F0116,old_age_pension,mr,extraction,प्रवर्ग?,General
F0116-x-category-kn,F0116,old_age_pension,kn,extraction,ವರ್ಗ?,General
F0116-r-elig-en,F0116,old_age_pension,en,reasoning,"Based on the income cap and household size rule, is this applicant eligible? Answer yes or no.",no
F0116-r-elig-hi,F0116,old_age_pension,hi,reasoning,"आय सीमा और परिवार के आकार के नियम के आधार पर, क्या यह आवेदक पात्र है? हाँ या नहीं में उत्तर दें।",no
F0116-r-elig-bn,F0116,old_age_pension,bn,reasoning,"আয়ের সীমা এবং পরিবারের আকারের নিয়ম অনুসারে, এই আবেদনকারী কি যোগ্য? হ্যাঁ বা না উত্তর দিন।",no
F0116-r-elig-te,F0116,old_age_pension,te,reasoning,"ఆదాయ పరిమితి మరియు కుటుంబ పరిమాణ నియమం ఆధారంగా, ఈ దరఖాస్తుదారు అర్హులా? అవును లేదా కాదు అని సమాధానం ఇవ్వండి.",no
F0116-r-elig-ta,F0116,old_age_pension,ta,reasoning,"வருமான வரம்பு மற்றும் குடும்ப அளவு விதியின் அடிப்படையில், இந்த விண்ணப்பதாரர் தகுதியானவரா? ஆம் அல்லது இல்லை என பதிலளிக்கவும்.",no
F0116-r-elig-mr,F0116,old_age_pension,mr,reasoning,"उत्पन्न मर्यादा आणि कुटुंब आकाराच्या नियमानुसार, हा अर्जदार पात्र आहे का? होय किंवा नाही उत्तर द्या.",no
F0116-r-elig-kn,F0116,old_age_pension,kn,reasoning,"ಆದಾಯ ಮಿತಿ ಮತ್ತು ಕುಟುಂಬ ಗಾತ್ರದ ನಿಯಮದ ಆಧಾರದ ಮೇಲೆ, ಈ ಅರ್ಜಿದಾರರು ಅರ್ಹರೇ? ಹೌದು ಅಥವಾ ಇಲ್ಲ ಎಂದು ಉತ್ತರಿಸಿ.",no
F0117-x-applicant_name-en,F0117,scholarship,en,extraction,Applicant Name?,Fatima Begum
F0117-x-applicant_name-hi,F0117,scholarship,hi,extraction,आवेदक का नाम?,फ़ातिमा बेगम
F0117-x-applicant_name-bn,F0117,scholarship,bn,extraction,আবেদনকারীর নাম?,ফাতিমা বেগম
F0117-x-applicant_name-te,F0117,scholarship,te,extraction,దరఖాస్తుదారు పేరు?,ఫాతిమా బేగం
F0117-x-applicant_name-ta,F0117,scholarship,ta,extraction,விண்ணப்பதாரர் பெயர்?,பாத்திமா பேகம்
F0117-x-applicant_name-mr,F0117,scholarship,mr,extraction,अर्जदाराचे नाव?,फातिमा बेगम
F0117-x-applicant_name-kn,F0117,scholarship,kn,extraction,ಅರ್ಜಿದಾರರ ಹೆಸರು?,ಫಾತಿಮಾ ಬೇಗಂ
F0117-x-district-en,F0117,scholarship,en,extraction,District?,Salem
F0117-x-district-hi,F0117,scholarship,hi,extraction,जिला?,सेलम
F0117-x-district-bn,F0117,scholarship,bn,extraction,জেলা?,সালেম
F0117-x-district-te,F0117,scholarship,te,extraction,జిల్లా?,సేలం
F0117-x-district-ta,F0117,scholarship,ta,extraction,மாவட்டம்?,சேலம்
F0117-x-district-mr,F0117,scholarship,mr,extraction,जिल्हा?,सेलम
F0117-x-district-kn,F0117,scholarship,kn,extraction,ಜಿಲ್ಲೆ?,ಸೇಲಂ
F0117-x-annual_income-en,F0117,scholarship,en,extraction,Annual Income (Rs.)?,145000
F0117-x-annual_income-hi,F0117,scholarship,hi,extraction,वार्षिक आय (रु.)?,145000
F0117-x-annual_income-bn,F0117,scholarship,bn,extraction,বার্ষিক আয় (টাকা)?,145000
F0117-x-annual_income-te,F0117,scholarship,te,extraction,వార్షిక ఆదాయం (రూ.)?,145000
F0117-x-annual_income-ta,F0117,scholarship,ta,extraction,ஆண்டு வருமானம் (ரூ.)?,145000
F0117-x-annual_income-mr,F0117,scholarship,mr,extraction,वार्षिक उत्पन्न (रु.)?,145000
F0117-x-annual_income-kn,F0117,scholarship,kn,extraction,ವಾರ್ಷಿಕ ಆದಾಯ (ರೂ.)?,145000
F0117-x-family_members-en,F0117,scholarship,en,extraction,Number of Family Members?,8
F0117-x-family_members-hi,F0117,scholarship,hi,extraction,परिवार के सदस्यों की संख्या?,8
F0117-x-family_members-bn,F0117,scholarship,bn,extraction,পরিবারের সদস্য সংখ্যা?,8
F0117-x-family_members-te,F0117,scholarship,te,extraction,కుటుంబ సభ్యుల సంఖ్య?,8
F0117-x-family_members-ta,F0117,scholarship,ta,extraction,குடும்ப உறுப்பினர்கள் எண்ணிக்கை?,8
F0117-x-family_members-mr,F0117,scholarship,mr,extraction,कुटुंब सदस्यांची संख्या?,8
F0117-x-family_members-kn,F0117,scholarship,kn,extraction,ಕುಟುಂಬ ಸದಸ್ಯರ ಸಂಖ್ಯೆ?,8
F0117-x-category-en,F0117,scholarship,en,extraction,Category?,EWS
F0117-x-category-hi,F0117,scholarship,hi,extraction,श्रेणी?,EWS
F0117-x-category-bn,F0117,scholarship,bn,extraction,শ্রেণী?,EWS
F0117-x-category-te,F0117,scholarship,te,extraction,వర్గం?,EWS
F0117-x-category-ta,F0117,scholarship,ta,extraction,பிரிவு?,EWS
F0117-x-category-mr,F0117,scholarship,mr,extraction,प्रवर्ग?,EWS
F0117-x-category-kn,F0117,scholarship,kn,extraction,ವರ್ಗ?,EWS
F0117-r-elig-en,F0117,scholarship,en,reasoning,"Based on the income cap and household size rule, is this applicant eligible? Answer yes or no.",yes
F0117-r-elig-hi,F0117,scholarship,hi,reasoning,"आय सीमा और परिवार के आकार के नियम के आधार पर, क्या यह आवेदक पात्र है? हाँ या नहीं में उत्तर दें।",yes
F0117-r-elig-bn,F0117,scholarship,bn,reasoning,"আয়ের সীমা এবং পরিবারের আকারের নিয়ম অনুসারে, এই আবেদনকারী কি যোগ্য? হ্যাঁ বা না উত্তর দিন।",yes
F0117-r-elig-te,F0117,scholarship,te,reasoning,"ఆదాయ పరిమితి మరియు కుటుంబ పరిమాణ నియమం ఆధారంగా, ఈ దరఖాస్తుదారు అర్హులా? అవును లేదా కాదు అని సమాధానం ఇవ్వండి.",yes
F0117-r-elig-ta,F0117,scholarship,ta,reasoning,"வருமான வரம்பு மற்றும் குடும்ப அளவு விதியின் அடிப்படையில், இந்த விண்ணப்பதாரர் தகுதியானவரா? ஆம் அல்லது இல்லை என பதிலளிக்கவும்.",yes
F0117-r-elig-mr,F0117,scholarship,mr,reasoning,"उत्पन्न मर्यादा आणि कुटुंब आकाराच्या नियमानुसार, हा अर्जदार पात्र आहे का? होय किंवा नाही उत्तर द्या.",yes
F0117-r-elig-kn,F0117,scholarship,kn,reasoning,"ಆದಾಯ ಮಿತಿ ಮತ್ತು ಕುಟುಂಬ ಗಾತ್ರದ ನಿಯಮದ ಆಧಾರದ ಮೇಲೆ, ಈ ಅರ್ಜಿದಾರರು ಅರ್ಹರೇ? ಹೌದು ಅಥವಾ ಇಲ್ಲ ಎಂದು ಉತ್ತರಿಸಿ.",yes
F0118-x-applicant_name-en,F0118,ration_card,en,extraction,Applicant Name?,Ramesh Kumar
F0118-x-applicant_name-hi,F0118,ration_card,hi,extraction,आवेदक का नाम?,रमेश कुमार
F0118-x-applicant_name-bn,F0118,ration_card,bn,extraction,আবেদনকারীর নাম?,রমেশ কুমার
F0118-x-applicant_name-te,F0118,ration_card,te,extraction,దరఖాస్తుదారు పేరు?,రమేష్ కుమార్
F0118-x-applicant_name-ta,F0118,ration_card,ta,extraction,விண்ணப்பதாரர் பெயர்?,ரமேஷ் குமார்
F0118-x-applicant_name-mr,F0118,ration_card,mr,extraction,अर्जदाराचे नाव?,रमेश कुमार
F0118-x-applicant_name-kn,F0118,ration_card,kn,extraction,ಅರ್ಜಿದಾರರ ಹೆಸರು?,ರಮೇಶ್ ಕುಮಾರ್
F0118-x-district-en,F0118,ration_card,en,extraction,District?,Guntur
F0118-x-district-hi,F0118,ration_card,hi,extraction,जिला?,गुंटूर
F0118-x-district-bn,F0118,ration_card,bn,extraction,জেলা?,গুন্টুর
F0118-x-district-te,F0118,ration_card,te,extraction,జిల్లా?,గుంటూరు
F0118-x-district-ta,F0118,ration_card,ta,extraction,மாவட்டம்?,குண்டூர்
F0118-x-district-mr,F0118,ration_card,mr,extraction,जिल्हा?,गुंटूर
F0118-x-district-kn,F0118,ration_card,kn,extraction,ಜಿಲ್ಲೆ?,ಗುಂಟೂರು
F0118-x-annual_income-en,F0118,ration_card,en,extraction,Annual Income (Rs.)?,145000
F0118-x-annual_income-hi,F0118,ration_card,hi,extraction,वार्षिक आय (रु.)?,145000
F0118-x-annual_income-bn,F0118,ration_card,bn,extraction,বার্ষিক আয় (টাকা)?,145000
F0118-x-annual_income-te,F0118,ration_card,te,extraction,వార్షిక ఆదాయం (రూ.)?,145000
F0118-x-annual_income-ta,F0118,ration_card,ta,extraction,ஆண்டு வருமானம் (ரூ.)?,145000
F0118-x-annual_income-mr,F0118,ration_card,mr,extraction,वार्षिक उत्पन्न (रु.)?,145000
F0118-x-annual_income-kn,F0118,ration_card,kn,extraction,ವಾರ್ಷಿಕ ಆದಾಯ (ರೂ.)?,145000
F0118-x-family_members-en,F0118,ration_card,en,extraction,Number of Family Members?,7
F0118-x-family_members-hi,F0118,ration_card,hi,extraction,परिवार के सदस्यों की संख्या?,7
F0118-x-family_members-bn,F0118,ration_card,bn,extraction,পরিবারের সদস্য সংখ্যা?,7
F0118-x-family_members-te,F0118,ration_card,te,extraction,కుటుంబ సభ్యుల సంఖ్య?,7
F0118-x-family_members-ta,F0118,ration_card,ta,extraction,குடும்ப உறுப்பினர்கள் எண்ணிக்கை?,7
F0118-x-family_members-mr,F0118,ration_card,mr,extraction,कुटुंब सदस्यांची संख्या?,7
F0118-x-family_members-kn,F0118,ration_card,kn,extraction,ಕುಟುಂಬ ಸದಸ್ಯರ ಸಂಖ್ಯೆ?,7
F0118-x-category-en,F0118,ration_card,en,extraction,Category?,OBC
F0118-x-category-hi,F0118,ration_card,hi,extraction,श्रेणी?,OBC
F0118-x-category-bn,F0118,ration_card,bn,extraction,শ্রেণী?,OBC
F0118-x-category-te,F0118,ration_card,te,extraction,వర్గం?,OBC
F0118-x-category-ta,F0118,ration_card,ta,extraction,பிரிவு?,OBC
F0118-x-category-mr,F0118,ration_card,mr,extraction,प्रवर्ग?,OBC
F0118-x-category-kn,F0118,ration_card,kn,extraction,ವರ್ಗ?,OBC
F0118-r-elig-en,F0118,ration_card,en,reasoning,"Based on the income cap and household size rule, is this applicant eligible? Answer yes or no.",no
F0118-r-elig-hi,F0118,ration_card,hi,reasoning,"आय सीमा और परिवार के आकार के नियम के आधार पर, क्या यह आवेदक पात्र है? हाँ या नहीं में उत्तर दें।",no
F0118-r-elig-bn,F0118,ration_card,bn,reasoning,"আয়ের সীমা এবং পরিবারের আকারের নিয়ম অনুসারে, এই আবেদনকারী কি যোগ্য? হ্যাঁ বা না উত্তর দিন।",no
F0118-r-elig-te,F0118,ration_card,te,reasoning,"ఆదాయ పరిమితి మరియు కుటుంబ పరిమాణ నియమం ఆధారంగా, ఈ దరఖాస్తుదారు అర్హులా? అవును లేదా కాదు అని సమాధానం ఇవ్వండి.",no
F0118-r-elig-ta,F0118,ration_card,ta,reasoning,"வருமான வரம்பு மற்றும் குடும்ப அளவு விதியின் அடிப்படையில், இந்த விண்ணப்பதாரர் தகுதியானவரா? ஆம் அல்லது இல்லை என பதிலளிக்கவும்.",no
F0118-r-elig-mr,F0118,ration_card,mr,reasoning,"उत्पन्न मर्यादा आणि कुटुंब आकाराच्या नियमानुसार, हा अर्जदार पात्र आहे का? होय किंवा नाही उत्तर द्या.",no
F0118-r-elig-kn,F0118,ration_card,kn,reasoning,"ಆದಾಯ ಮಿತಿ ಮತ್ತು ಕುಟುಂಬ ಗಾತ್ರದ ನಿಯಮದ ಆಧಾರದ ಮೇಲೆ, ಈ ಅರ್ಜಿದಾರರು ಅರ್ಹರೇ? ಹೌದು ಅಥವಾ ಇಲ್ಲ ಎಂದು ಉತ್ತರಿಸಿ.",no
F0119-x-applicant_name-en,F0119,old_age_pension,en,extraction,Applicant Name?,Arjun Nair
F0119-x-applicant_name-hi,F0119,old_age_pension,hi,extraction,आवेदक का नाम?,अर्जुन नायर
F0119-x-applicant_name-bn,F0119,old_age_pension,bn,extraction,আবেদনকারীর নাম?,অর্জুন নায়ার
F0119-x-applicant_name-te,F0119,old_age_pension,te,extraction,దరఖాస్తుదారు పేరు?,అర్జున్ నాయర్
F0119-x-applicant_name-ta,F0119,old_age_pension,ta,extraction,விண்ணப்பதாரர் பெயர்?,அர்ஜுன் நாயர்
F0119-x-applicant_name-mr,F0119,old_age_pension,mr,extraction,अर्जदाराचे नाव?,अर्जुन नायर
F0119-x-applicant_name-kn,F0119,old_age_pension,kn,extraction,ಅರ್ಜಿದಾರರ ಹೆಸರು?,ಅರ್ಜುನ್ ನಾಯರ್
F0119-x-district-en,F0119,old_age_pension,en,extraction,District?,Nashik
F0119-x-district-hi,F0119,old_age_pension,hi,extraction,जिला?,नाशिक
F0119-x-district-bn,F0119,old_age_pension,bn,extraction,জেলা?,নাসিক
F0119-x-district-te,F0119,old_age_pension,te,extraction,జిల్లా?,నాసిక్
F0119-x-district-ta,F0119,old_age_pension,ta,extraction,மாவட்டம்?,நாசிக்
F0119-x-district-mr,F0119,old_age_pension,mr,extraction,जिल्हा?,नाशिक
F0119-x-district-kn,F0119,old_age_pension,kn,extraction,ಜಿಲ್ಲೆ?,ನಾಸಿಕ್
F0119-x-annual_income-en,F0119,old_age_pension,en,extraction,Annual Income (Rs.)?,310000
F0119-x-annual_income-hi,F0119,old_age_pension,hi,extraction,वार्षिक आय (रु.)?,310000
F0119-x-annual_income-bn,F0119,old_age_pension,bn,extraction,বার্ষিক আয় (টাকা)?,310000
F0119-x-annual_income-te,F0119,old_age_pension,te,extraction,వార్షిక ఆదాయం (రూ.)?,310000
F0119-x-annual_income-ta,F0119,old_age_pension,ta,extraction,ஆண்டு வருமானம் (ரூ.)?,310000
F0119-x-annual_income-mr,F0119,old_age_pension,mr,extraction,वार्षिक उत्पन्न (रु.)?,310000
F0119-x-annual_income-kn,F0119,old_age_pension,kn,extraction,ವಾರ್ಷಿಕ ಆದಾಯ (ರೂ.)?,310000
F0119-x-family_members-en,F0119,old_age_pension,en,extraction,Number of Family Members?,1
F0119-x-family_members-hi,F0119,old_age_pension,hi,extraction,परिवार के सदस्यों की संख्या?,1
F0119-x-family_members-bn,F0119,old_age_pension,bn,extraction,পরিবারের সদস্য সংখ্যা?,1
F0119-x-family_members-te,F0119,old_age_pension,te,extraction,కుటుంబ సభ్యుల సంఖ్య?,1
F0119-x-family_members-ta,F0119,old_age_pension,ta,extraction,குடும்ப உறுப்பினர்கள் எண்ணிக்கை?,1
F0119-x-family_members-mr,F0119,old_age_pension,mr,extraction,कुटुंब सदस्यांची संख्या?,1
F0119-x-family_members-kn,F0119,old_age_pension,kn,extraction,ಕುಟುಂಬ ಸದಸ್ಯರ ಸಂಖ್ಯೆ?,1
F0119-x-category-en,F0119,old_age_pension,en,extraction,Category?,EWS
F0119-x-category-hi,F0119,old_age_pension,hi,extraction,श्रेणी?,EWS
F0119-x-category-bn,F0119,old_age_pension,bn,extraction,শ্রেণী?,EWS
F0119-x-category-te,F0119,old_age_pension,te,extraction,వర్గం?,EWS
F0119-x-category-ta,F0119,old_age_pension,ta,extraction,பிரிவு?,EWS
F0119-x-category-mr,F0119,old_age_pension,mr,extraction,प्रवर्ग?,EWS
F0119-x-category-kn,F0119,old_age_pension,kn,extraction,ವರ್ಗ?,EWS
F0119-r-elig-en,F0119,old_age_pension,en,reasoning,"Based on the income cap and household size rule, is this applicant eligible? Answer yes or no.",no
F0119-r-elig-hi,F0119,old_age_pension,hi,reasoning,"आय सीमा और परिवार के आकार के नियम के आधार पर, क्या यह आवेदक पात्र है? हाँ या नहीं में उत्तर दें।",no
F0119-r-elig-bn,F0119,old_age_pension,bn,reasoning,"আয়ের সীমা এবং পরিবারের আকারের নিয়ম অনুসারে, এই আবেদনকারী কি যোগ্য? হ্যাঁ বা না উত্তর দিন।",no
F0119-r-elig-te,F0119,old_age_pension,te,reasoning,"ఆదాయ పరిమితి మరియు కుటుంబ పరిమాణ నియమం ఆధారంగా, ఈ దరఖాస్తుదారు అర్హులా? అవును లేదా కాదు అని సమాధానం ఇవ్వండి.",no
F0119-r-elig-ta,F0119,old_age_pension,ta,reasoning,"வருமான வரம்பு மற்றும் குடும்ப அளவு விதியின் அடிப்படையில், இந்த விண்ணப்பதாரர் தகுதியானவரா? ஆம் அல்லது இல்லை என பதிலளிக்கவும்.",no
F0119-r-elig-mr,F0119,old_age_pension,mr,reasoning,"उत्पन्न मर्यादा आणि कुटुंब आकाराच्या नियमानुसार, हा अर्जदार पात्र आहे का? होय किंवा नाही उत्तर द्या.",no
F0119-r-elig-kn,F0119,old_age_pension,kn,reasoning,"ಆದಾಯ ಮಿತಿ ಮತ್ತು ಕುಟುಂಬ ಗಾತ್ರದ ನಿಯಮದ ಆಧಾರದ ಮೇಲೆ, ಈ ಅರ್ಜಿದಾರರು ಅರ್ಹರೇ? ಹೌದು ಅಥವಾ ಇಲ್ಲ ಎಂದು ಉತ್ತರಿಸಿ.",no
